2025-11-12 16:36:02,898 [INFO] listar_resultados_base | {"id_importacao": 11, "pagina": 1, "limite": 25, "total_base": 7560, "filtros": {"status": null, "descritor": null, "gh": null, "apenas_sem_cdr": false, "diferenca_min": null, "eot_divergente": true, "cruza_gh": false, "tarifa": null, "assinante_a": null, "assinante_b": null, "data_inicio": "2025-02-28T21:00", "data_fim": "2025-05-30T21:00", "multi_divergencias": false}}
2025-11-12 16:36:02,986 [INFO] listar_resultados_resposta | {"id_importacao": 11, "pagina": 1, "limite": 25, "total_base": 7560, "total_final": 220, "aplicou_eot": true, "aplicou_multi": false}
2025-11-12 16:39:14,824 [INFO] listar_resultados_base | {"id_importacao": 11, "pagina": 1, "limite": 25, "total_base": 7642, "filtros": {"status": null, "descritor": null, "gh": null, "apenas_sem_cdr": false, "diferenca_min": null, "eot_divergente": true, "cruza_gh": false, "tarifa": null, "assinante_a": null, "assinante_b": null, "data_inicio": "2025-02-28T21:00", "data_fim": "2025-05-31T21:00", "multi_divergencias": false}}
2025-11-12 16:39:14,939 [INFO] listar_resultados_resposta | {"id_importacao": 11, "pagina": 1, "limite": 25, "total_base": 7642, "total_final": 220, "aplicou_eot": true, "aplicou_multi": false}
2025-11-12 16:39:17,587 [INFO] listar_resultados_base | {"id_importacao": 11, "pagina": 1, "limite": 25, "total_base": 250, "filtros": {"status": null, "descritor": null, "gh": null, "apenas_sem_cdr": false, "diferenca_min": 10, "eot_divergente": true, "cruza_gh": false, "tarifa": null, "assinante_a": null, "assinante_b": null, "data_inicio": "2025-02-28T21:00", "data_fim": "2025-05-31T21:00", "multi_divergencias": false}}
2025-11-12 16:39:17,590 [INFO] listar_resultados_resposta | {"id_importacao": 11, "pagina": 1, "limite": 25, "total_base": 250, "total_final": 3, "aplicou_eot": true, "aplicou_multi": false}
2025-11-12 16:39:18,305 [INFO] listar_resultados_base | {"id_importacao": 11, "pagina": 1, "limite": 25, "total_base": 332, "filtros": {"status": null, "descritor": null, "gh": null, "apenas_sem_cdr": false, "diferenca_min": 10, "eot_divergente": false, "cruza_gh": false, "tarifa": null, "assinante_a": null, "assinante_b": null, "data_inicio": "2025-02-28T21:00", "data_fim": "2025-05-31T21:00", "multi_divergencias": false}}
2025-11-12 16:39:18,306 [INFO] listar_resultados_resposta | {"id_importacao": 11, "pagina": 1, "limite": 25, "total_base": 332, "total_final": 332, "aplicou_eot": false, "aplicou_multi": false}
2025-11-12 16:39:20,132 [INFO] listar_resultados_base | {"id_importacao": 11, "pagina": 1, "limite": 25, "total_base": 250, "filtros": {"status": null, "descritor": null, "gh": null, "apenas_sem_cdr": false, "diferenca_min": 10, "eot_divergente": true, "cruza_gh": false, "tarifa": null, "assinante_a": null, "assinante_b": null, "data_inicio": "2025-02-28T21:00", "data_fim": "2025-05-31T21:00", "multi_divergencias": false}}
2025-11-12 16:39:20,135 [INFO] listar_resultados_resposta | {"id_importacao": 11, "pagina": 1, "limite": 25, "total_base": 250, "total_final": 3, "aplicou_eot": true, "aplicou_multi": false}
2025-11-12 16:39:20,820 [INFO] listar_resultados_base | {"id_importacao": 11, "pagina": 1, "limite": 25, "total_base": 7642, "filtros": {"status": null, "descritor": null, "gh": null, "apenas_sem_cdr": false, "diferenca_min": null, "eot_divergente": true, "cruza_gh": false, "tarifa": null, "assinante_a": null, "assinante_b": null, "data_inicio": "2025-02-28T21:00", "data_fim": "2025-05-31T21:00", "multi_divergencias": false}}
2025-11-12 16:39:20,935 [INFO] listar_resultados_resposta | {"id_importacao": 11, "pagina": 1, "limite": 25, "total_base": 7642, "total_final": 220, "aplicou_eot": true, "aplicou_multi": false}
2025-11-12 16:41:01,464 [INFO] listar_resultados_base | {"id_importacao": 11, "pagina": 1, "limite": 25, "total_base": 11512, "filtros": {"status": null, "descritor": null, "gh": null, "apenas_sem_cdr": false, "diferenca_min": null, "eot_divergente": false, "cruza_gh": false, "tarifa": null, "assinante_a": null, "assinante_b": null, "data_inicio": null, "data_fim": null, "multi_divergencias": false}}
2025-11-12 16:41:01,465 [INFO] listar_resultados_resposta | {"id_importacao": 11, "pagina": 1, "limite": 25, "total_base": 11512, "total_final": 11512, "aplicou_eot": false, "aplicou_multi": false}
2025-11-12 16:41:01,652 [INFO] conferencia_resumo | {"id_importacao": 11, "processadas": 11512, "validas": 10281, "invalidas": 1231, "sem_cdr": 251, "delta_tolerancia": 334, "eot_divergente": 221, "multiplas": 56}
2025-11-12 16:41:01,771 [INFO] listar_resultados_base | {"id_importacao": 11, "pagina": 1, "limite": 25, "total_base": 11313, "filtros": {"status": null, "descritor": null, "gh": null, "apenas_sem_cdr": false, "diferenca_min": null, "eot_divergente": false, "cruza_gh": false, "tarifa": null, "assinante_a": null, "assinante_b": null, "data_inicio": "2025-02-28T21:00", "data_fim": "2025-05-30T21:00", "multi_divergencias": false}}
2025-11-12 16:41:01,772 [INFO] listar_resultados_resposta | {"id_importacao": 11, "pagina": 1, "limite": 25, "total_base": 11313, "total_final": 11313, "aplicou_eot": false, "aplicou_multi": false}
2025-11-12 16:41:30,435 [INFO] listar_resultados_base | {"id_importacao": 11, "pagina": 1, "limite": 25, "total_base": 11313, "filtros": {"status": null, "descritor": null, "gh": null, "apenas_sem_cdr": false, "diferenca_min": null, "eot_divergente": false, "cruza_gh": false, "tarifa": null, "assinante_a": null, "assinante_b": null, "data_inicio": "2025-02-28T21:00", "data_fim": "2025-05-30T21:00", "multi_divergencias": false}}
2025-11-12 16:41:30,435 [INFO] listar_resultados_resposta | {"id_importacao": 11, "pagina": 1, "limite": 25, "total_base": 11313, "total_final": 11313, "aplicou_eot": false, "aplicou_multi": false}
2025-11-12 16:41:30,671 [INFO] conferencia_resumo | {"id_importacao": 11, "processadas": 11512, "validas": 10281, "invalidas": 1231, "sem_cdr": 251, "delta_tolerancia": 334, "eot_divergente": 221, "multiplas": 56}
2025-11-12 16:41:48,445 [INFO] listar_resultados_base | {"id_importacao": 11, "pagina": 1, "limite": 25, "total_base": 11313, "filtros": {"status": null, "descritor": null, "gh": null, "apenas_sem_cdr": false, "diferenca_min": null, "eot_divergente": false, "cruza_gh": false, "tarifa": null, "assinante_a": null, "assinante_b": null, "data_inicio": "2025-02-28T21:00", "data_fim": "2025-05-30T21:00", "multi_divergencias": false}}
2025-11-12 16:41:48,447 [INFO] listar_resultados_resposta | {"id_importacao": 11, "pagina": 1, "limite": 25, "total_base": 11313, "total_final": 11313, "aplicou_eot": false, "aplicou_multi": false}
2025-11-12 16:41:48,699 [INFO] conferencia_resumo | {"id_importacao": 11, "processadas": 11512, "validas": 10281, "invalidas": 1231, "sem_cdr": 251, "delta_tolerancia": 334, "eot_divergente": 221, "multiplas": 56}
2025-11-12 16:42:38,481 [INFO] listar_resultados_base | {"id_importacao": 11, "pagina": 1, "limite": 25, "total_base": 11512, "filtros": {"status": null, "descritor": null, "gh": null, "apenas_sem_cdr": false, "diferenca_min": null, "eot_divergente": false, "cruza_gh": false, "tarifa": null, "assinante_a": null, "assinante_b": null, "data_inicio": null, "data_fim": null, "multi_divergencias": false}}
2025-11-12 16:42:38,482 [INFO] listar_resultados_resposta | {"id_importacao": 11, "pagina": 1, "limite": 25, "total_base": 11512, "total_final": 11512, "aplicou_eot": false, "aplicou_multi": false}
2025-11-12 16:42:38,615 [INFO] conferencia_resumo | {"id_importacao": 11, "processadas": 11512, "validas": 10281, "invalidas": 1231, "sem_cdr": 251, "delta_tolerancia": 334, "eot_divergente": 221, "multiplas": 56}
2025-11-12 16:42:38,717 [INFO] listar_resultados_base | {"id_importacao": 11, "pagina": 1, "limite": 25, "total_base": 11313, "filtros": {"status": null, "descritor": null, "gh": null, "apenas_sem_cdr": false, "diferenca_min": null, "eot_divergente": false, "cruza_gh": false, "tarifa": null, "assinante_a": null, "assinante_b": null, "data_inicio": "2025-02-28T21:00", "data_fim": "2025-05-30T21:00", "multi_divergencias": false}}
2025-11-12 16:42:38,717 [INFO] listar_resultados_resposta | {"id_importacao": 11, "pagina": 1, "limite": 25, "total_base": 11313, "total_final": 11313, "aplicou_eot": false, "aplicou_multi": false}
2025-11-12 16:43:06,416 [INFO] listar_resultados_base | {"id_importacao": 11, "pagina": 1, "limite": 25, "total_base": 11313, "filtros": {"status": null, "descritor": null, "gh": null, "apenas_sem_cdr": false, "diferenca_min": null, "eot_divergente": false, "cruza_gh": false, "tarifa": null, "assinante_a": null, "assinante_b": null, "data_inicio": "2025-02-28T21:00", "data_fim": "2025-05-30T21:00", "multi_divergencias": false}}
2025-11-12 16:43:06,416 [INFO] listar_resultados_resposta | {"id_importacao": 11, "pagina": 1, "limite": 25, "total_base": 11313, "total_final": 11313, "aplicou_eot": false, "aplicou_multi": false}
2025-11-12 16:43:06,541 [INFO] conferencia_resumo | {"id_importacao": 11, "processadas": 11512, "validas": 10281, "invalidas": 1231, "sem_cdr": 251, "delta_tolerancia": 334, "eot_divergente": 221, "multiplas": 56}
2025-11-12 16:44:21,023 [INFO] listar_resultados_base | {"id_importacao": 11, "pagina": 1, "limite": 25, "total_base": 7646, "filtros": {"status": null, "descritor": null, "gh": null, "apenas_sem_cdr": false, "diferenca_min": null, "eot_divergente": true, "cruza_gh": false, "tarifa": null, "assinante_a": null, "assinante_b": null, "data_inicio": null, "data_fim": null, "multi_divergencias": false}}
2025-11-12 16:44:21,115 [INFO] listar_resultados_resposta | {"id_importacao": 11, "pagina": 1, "limite": 25, "total_base": 7646, "total_final": 221, "aplicou_eot": true, "aplicou_multi": false}
2025-11-12 16:58:28,587 [INFO] listar_resultados_base | {"id_importacao": 11, "pagina": 1, "limite": 25, "total_base": 7646, "filtros": {"status": null, "descritor": null, "gh": null, "apenas_sem_cdr": false, "diferenca_min": null, "eot_divergente": true, "cruza_gh": false, "tarifa": null, "assinante_a": null, "assinante_b": null, "data_inicio": null, "data_fim": null, "multi_divergencias": false}}
2025-11-12 16:58:28,720 [INFO] listar_resultados_resposta | {"id_importacao": 11, "pagina": 1, "limite": 25, "total_base": 7646, "total_final": 221, "aplicou_eot": true, "aplicou_multi": false}
2025-11-12 16:58:28,803 [INFO] listar_resultados_base | {"id_importacao": 11, "pagina": 1, "limite": 25, "total_base": 7560, "filtros": {"status": null, "descritor": null, "gh": null, "apenas_sem_cdr": false, "diferenca_min": null, "eot_divergente": true, "cruza_gh": false, "tarifa": null, "assinante_a": null, "assinante_b": null, "data_inicio": "2025-02-28T21:00", "data_fim": "2025-05-30T21:00", "multi_divergencias": false}}
2025-11-12 16:58:28,836 [INFO] conferencia_resumo | {"id_importacao": 11, "processadas": 11512, "validas": 10281, "invalidas": 1231, "sem_cdr": 251, "delta_tolerancia": 334, "eot_divergente": 221, "multiplas": 56}
2025-11-12 16:58:28,907 [INFO] listar_resultados_resposta | {"id_importacao": 11, "pagina": 1, "limite": 25, "total_base": 7560, "total_final": 220, "aplicou_eot": true, "aplicou_multi": false}
2025-11-12 16:59:51,582 [INFO] listar_resultados_base | {"id_importacao": 11, "pagina": 1, "limite": 25, "total_base": 7560, "filtros": {"status": null, "descritor": null, "gh": null, "apenas_sem_cdr": false, "diferenca_min": null, "eot_divergente": true, "cruza_gh": false, "tarifa": null, "assinante_a": null, "assinante_b": null, "data_inicio": "2025-02-28T21:00", "data_fim": "2025-05-30T21:00", "multi_divergencias": false}}
2025-11-12 16:59:51,694 [INFO] listar_resultados_resposta | {"id_importacao": 11, "pagina": 1, "limite": 25, "total_base": 7560, "total_final": 220, "aplicou_eot": true, "aplicou_multi": false}
2025-11-12 16:59:51,780 [INFO] conferencia_resumo | {"id_importacao": 11, "processadas": 11512, "validas": 10281, "invalidas": 1231, "sem_cdr": 251, "delta_tolerancia": 334, "eot_divergente": 221, "multiplas": 56}
2025-11-12 17:03:00,333 [INFO] listar_resultados_base | {"id_importacao": 11, "pagina": 1, "limite": 25, "total_base": 11313, "filtros": {"status": null, "descritor": null, "gh": null, "apenas_sem_cdr": false, "diferenca_min": null, "eot_divergente": false, "cruza_gh": false, "tarifa": null, "assinante_a": null, "assinante_b": null, "data_inicio": "2025-02-28T21:00", "data_fim": "2025-05-30T21:00", "multi_divergencias": false}}
2025-11-12 17:03:00,334 [INFO] listar_resultados_resposta | {"id_importacao": 11, "pagina": 1, "limite": 25, "total_base": 11313, "total_final": 11313, "aplicou_eot": false, "aplicou_multi": false}
2025-11-12 17:03:22,458 [INFO] listar_resultados_base | {"id_importacao": 11, "pagina": 1, "limite": 25, "total_base": 0, "filtros": {"status": null, "descritor": null, "gh": null, "apenas_sem_cdr": false, "diferenca_min": null, "eot_divergente": false, "cruza_gh": false, "tarifa": "TU-RL", "assinante_a": null, "assinante_b": null, "data_inicio": "2025-02-28T21:00", "data_fim": "2025-05-30T21:00", "multi_divergencias": false}}
2025-11-12 17:03:22,458 [INFO] listar_resultados_resposta | {"id_importacao": 11, "pagina": 1, "limite": 25, "total_base": 0, "total_final": 0, "aplicou_eot": false, "aplicou_multi": false}
2025-11-12 17:03:24,602 [INFO] listar_resultados_base | {"id_importacao": 11, "pagina": 1, "limite": 25, "total_base": 11313, "filtros": {"status": null, "descritor": null, "gh": null, "apenas_sem_cdr": false, "diferenca_min": null, "eot_divergente": false, "cruza_gh": false, "tarifa": "VU-M", "assinante_a": null, "assinante_b": null, "data_inicio": "2025-02-28T21:00", "data_fim": "2025-05-30T21:00", "multi_divergencias": false}}
2025-11-12 17:03:24,602 [INFO] listar_resultados_resposta | {"id_importacao": 11, "pagina": 1, "limite": 25, "total_base": 11313, "total_final": 11313, "aplicou_eot": false, "aplicou_multi": false}
2025-11-12 17:03:26,033 [INFO] listar_resultados_base | {"id_importacao": 11, "pagina": 1, "limite": 25, "total_base": 11313, "filtros": {"status": null, "descritor": null, "gh": null, "apenas_sem_cdr": false, "diferenca_min": null, "eot_divergente": false, "cruza_gh": false, "tarifa": null, "assinante_a": null, "assinante_b": null, "data_inicio": "2025-02-28T21:00", "data_fim": "2025-05-30T21:00", "multi_divergencias": false}}
2025-11-12 17:03:26,038 [INFO] listar_resultados_resposta | {"id_importacao": 11, "pagina": 1, "limite": 25, "total_base": 11313, "total_final": 11313, "aplicou_eot": false, "aplicou_multi": false}
2025-11-12 17:03:28,196 [INFO] listar_resultados_base | {"id_importacao": 11, "pagina": 1, "limite": 25, "total_base": 11313, "filtros": {"status": null, "descritor": null, "gh": null, "apenas_sem_cdr": false, "diferenca_min": null, "eot_divergente": false, "cruza_gh": false, "tarifa": "VU-M", "assinante_a": null, "assinante_b": null, "data_inicio": "2025-02-28T21:00", "data_fim": "2025-05-30T21:00", "multi_divergencias": false}}
2025-11-12 17:03:28,197 [INFO] listar_resultados_resposta | {"id_importacao": 11, "pagina": 1, "limite": 25, "total_base": 11313, "total_final": 11313, "aplicou_eot": false, "aplicou_multi": false}
2025-11-12 17:03:30,743 [INFO] listar_resultados_base | {"id_importacao": 11, "pagina": 1, "limite": 25, "total_base": 11313, "filtros": {"status": null, "descritor": null, "gh": null, "apenas_sem_cdr": false, "diferenca_min": null, "eot_divergente": false, "cruza_gh": false, "tarifa": null, "assinante_a": null, "assinante_b": null, "data_inicio": "2025-02-28T21:00", "data_fim": "2025-05-30T21:00", "multi_divergencias": false}}
2025-11-12 17:03:30,745 [INFO] listar_resultados_resposta | {"id_importacao": 11, "pagina": 1, "limite": 25, "total_base": 11313, "total_final": 11313, "aplicou_eot": false, "aplicou_multi": false}
2025-11-12 17:04:20,681 [INFO] listar_resultados_base | {"id_importacao": 11, "pagina": 1, "limite": 25, "total_base": 7560, "filtros": {"status": null, "descritor": null, "gh": null, "apenas_sem_cdr": false, "diferenca_min": null, "eot_divergente": true, "cruza_gh": false, "tarifa": null, "assinante_a": null, "assinante_b": null, "data_inicio": "2025-02-28T21:00", "data_fim": "2025-05-30T21:00", "multi_divergencias": false}}
2025-11-12 17:04:20,780 [INFO] listar_resultados_resposta | {"id_importacao": 11, "pagina": 1, "limite": 25, "total_base": 7560, "total_final": 220, "aplicou_eot": true, "aplicou_multi": false}
2025-11-12 17:04:29,309 [INFO] listar_resultados_base | {"id_importacao": 11, "pagina": 1, "limite": 25, "total_base": 11313, "filtros": {"status": null, "descritor": null, "gh": null, "apenas_sem_cdr": false, "diferenca_min": null, "eot_divergente": false, "cruza_gh": false, "tarifa": null, "assinante_a": null, "assinante_b": null, "data_inicio": "2025-02-28T21:00", "data_fim": "2025-05-30T21:00", "multi_divergencias": false}}
2025-11-12 17:04:29,310 [INFO] listar_resultados_resposta | {"id_importacao": 11, "pagina": 1, "limite": 25, "total_base": 11313, "total_final": 11313, "aplicou_eot": false, "aplicou_multi": false}
2025-11-12 17:04:34,459 [INFO] listar_resultados_base | {"id_importacao": 11, "pagina": 1, "limite": 25, "total_base": 3104, "filtros": {"status": null, "descritor": null, "gh": null, "apenas_sem_cdr": false, "diferenca_min": null, "eot_divergente": false, "cruza_gh": false, "tarifa": "CNG", "assinante_a": null, "assinante_b": null, "data_inicio": "2025-02-28T21:00", "data_fim": "2025-05-30T21:00", "multi_divergencias": false}}
2025-11-12 17:04:34,460 [INFO] listar_resultados_resposta | {"id_importacao": 11, "pagina": 1, "limite": 25, "total_base": 3104, "total_final": 3104, "aplicou_eot": false, "aplicou_multi": false}
2025-11-12 17:04:37,354 [INFO] listar_resultados_base | {"id_importacao": 11, "pagina": 1, "limite": 25, "total_base": 11313, "filtros": {"status": null, "descritor": null, "gh": null, "apenas_sem_cdr": false, "diferenca_min": null, "eot_divergente": false, "cruza_gh": false, "tarifa": null, "assinante_a": null, "assinante_b": null, "data_inicio": "2025-02-28T21:00", "data_fim": "2025-05-30T21:00", "multi_divergencias": false}}
2025-11-12 17:04:37,355 [INFO] listar_resultados_resposta | {"id_importacao": 11, "pagina": 1, "limite": 25, "total_base": 11313, "total_final": 11313, "aplicou_eot": false, "aplicou_multi": false}
2025-11-12 17:04:38,823 [INFO] listar_resultados_base | {"id_importacao": 11, "pagina": 1, "limite": 25, "total_base": 988, "filtros": {"status": null, "descritor": null, "gh": "R", "apenas_sem_cdr": false, "diferenca_min": null, "eot_divergente": false, "cruza_gh": false, "tarifa": null, "assinante_a": null, "assinante_b": null, "data_inicio": "2025-02-28T21:00", "data_fim": "2025-05-30T21:00", "multi_divergencias": false}}
2025-11-12 17:04:38,823 [INFO] listar_resultados_resposta | {"id_importacao": 11, "pagina": 1, "limite": 25, "total_base": 988, "total_final": 988, "aplicou_eot": false, "aplicou_multi": false}
2025-11-12 17:04:40,300 [INFO] listar_resultados_base | {"id_importacao": 11, "pagina": 1, "limite": 25, "total_base": 11313, "filtros": {"status": null, "descritor": null, "gh": null, "apenas_sem_cdr": false, "diferenca_min": null, "eot_divergente": false, "cruza_gh": false, "tarifa": null, "assinante_a": null, "assinante_b": null, "data_inicio": "2025-02-28T21:00", "data_fim": "2025-05-30T21:00", "multi_divergencias": false}}
2025-11-12 17:04:40,301 [INFO] listar_resultados_resposta | {"id_importacao": 11, "pagina": 1, "limite": 25, "total_base": 11313, "total_final": 11313, "aplicou_eot": false, "aplicou_multi": false}
2025-11-12 17:04:46,506 [INFO] listar_resultados_base | {"id_importacao": 11, "pagina": 1, "limite": 25, "total_base": 7215, "filtros": {"status": null, "descritor": null, "gh": null, "apenas_sem_cdr": false, "diferenca_min": null, "eot_divergente": false, "cruza_gh": false, "tarifa": null, "assinante_a": null, "assinante_b": "0", "data_inicio": "2025-02-28T21:00", "data_fim": "2025-05-30T21:00", "multi_divergencias": false}}
2025-11-12 17:04:46,507 [INFO] listar_resultados_resposta | {"id_importacao": 11, "pagina": 1, "limite": 25, "total_base": 7215, "total_final": 7215, "aplicou_eot": false, "aplicou_multi": false}
2025-11-12 17:04:46,731 [INFO] listar_resultados_base | {"id_importacao": 11, "pagina": 1, "limite": 25, "total_base": 409, "filtros": {"status": null, "descritor": null, "gh": null, "apenas_sem_cdr": false, "diferenca_min": null, "eot_divergente": false, "cruza_gh": false, "tarifa": null, "assinante_a": null, "assinante_b": "08", "data_inicio": "2025-02-28T21:00", "data_fim": "2025-05-30T21:00", "multi_divergencias": false}}
2025-11-12 17:04:46,732 [INFO] listar_resultados_resposta | {"id_importacao": 11, "pagina": 1, "limite": 25, "total_base": 409, "total_final": 409, "aplicou_eot": false, "aplicou_multi": false}
2025-11-12 17:04:47,033 [INFO] listar_resultados_base | {"id_importacao": 11, "pagina": 1, "limite": 25, "total_base": 20, "filtros": {"status": null, "descritor": null, "gh": null, "apenas_sem_cdr": false, "diferenca_min": null, "eot_divergente": false, "cruza_gh": false, "tarifa": null, "assinante_a": null, "assinante_b": "080", "data_inicio": "2025-02-28T21:00", "data_fim": "2025-05-30T21:00", "multi_divergencias": false}}
2025-11-12 17:04:47,033 [INFO] listar_resultados_resposta | {"id_importacao": 11, "pagina": 1, "limite": 25, "total_base": 20, "total_final": 20, "aplicou_eot": false, "aplicou_multi": false}
2025-11-12 17:04:47,193 [INFO] listar_resultados_base | {"id_importacao": 11, "pagina": 1, "limite": 25, "total_base": 3147, "filtros": {"status": null, "descritor": null, "gh": null, "apenas_sem_cdr": false, "diferenca_min": null, "eot_divergente": false, "cruza_gh": false, "tarifa": null, "assinante_a": null, "assinante_b": "800", "data_inicio": "2025-02-28T21:00", "data_fim": "2025-05-30T21:00", "multi_divergencias": false}}
2025-11-12 17:04:47,193 [INFO] listar_resultados_resposta | {"id_importacao": 11, "pagina": 1, "limite": 25, "total_base": 3147, "total_final": 3147, "aplicou_eot": false, "aplicou_multi": false}
2025-11-12 17:05:00,111 [INFO] listar_resultados_base | {"id_importacao": 11, "pagina": 1, "limite": 25, "total_base": 11313, "filtros": {"status": null, "descritor": null, "gh": null, "apenas_sem_cdr": false, "diferenca_min": null, "eot_divergente": false, "cruza_gh": false, "tarifa": null, "assinante_a": null, "assinante_b": null, "data_inicio": "2025-02-28T21:00", "data_fim": "2025-05-30T21:00", "multi_divergencias": false}}
2025-11-12 17:05:00,111 [INFO] listar_resultados_resposta | {"id_importacao": 11, "pagina": 1, "limite": 25, "total_base": 11313, "total_final": 11313, "aplicou_eot": false, "aplicou_multi": false}
2025-11-12 17:06:36,456 [INFO] listar_resultados_base | {"id_importacao": 11, "pagina": 1, "limite": 25, "total_base": 334, "filtros": {"status": null, "descritor": null, "gh": null, "apenas_sem_cdr": false, "diferenca_min": 10, "eot_divergente": false, "cruza_gh": false, "tarifa": null, "assinante_a": null, "assinante_b": null, "data_inicio": null, "data_fim": null, "multi_divergencias": false}}
2025-11-12 17:06:36,456 [INFO] listar_resultados_resposta | {"id_importacao": 11, "pagina": 1, "limite": 25, "total_base": 334, "total_final": 334, "aplicou_eot": false, "aplicou_multi": false}
2025-11-12 17:06:56,553 [INFO] listar_resultados_base | {"id_importacao": 11, "pagina": 1, "limite": 25, "total_base": 11512, "filtros": {"status": null, "descritor": null, "gh": null, "apenas_sem_cdr": false, "diferenca_min": null, "eot_divergente": false, "cruza_gh": false, "tarifa": null, "assinante_a": null, "assinante_b": null, "data_inicio": null, "data_fim": null, "multi_divergencias": false}}
2025-11-12 17:06:56,554 [INFO] listar_resultados_resposta | {"id_importacao": 11, "pagina": 1, "limite": 25, "total_base": 11512, "total_final": 11512, "aplicou_eot": false, "aplicou_multi": false}
2025-11-12 17:06:57,209 [INFO] listar_resultados_base | {"id_importacao": 11, "pagina": 1, "limite": 25, "total_base": 7646, "filtros": {"status": null, "descritor": null, "gh": null, "apenas_sem_cdr": false, "diferenca_min": null, "eot_divergente": true, "cruza_gh": false, "tarifa": null, "assinante_a": null, "assinante_b": null, "data_inicio": null, "data_fim": null, "multi_divergencias": false}}
2025-11-12 17:06:57,367 [INFO] listar_resultados_resposta | {"id_importacao": 11, "pagina": 1, "limite": 25, "total_base": 7646, "total_final": 221, "aplicou_eot": true, "aplicou_multi": false}
2025-11-12 17:07:36,042 [INFO] listar_resultados_base | {"id_importacao": 11, "pagina": 1, "limite": 25, "total_base": 10281, "filtros": {"status": ["CONFERIDO"], "descritor": null, "gh": null, "apenas_sem_cdr": false, "diferenca_min": null, "eot_divergente": false, "cruza_gh": false, "tarifa": null, "assinante_a": null, "assinante_b": null, "data_inicio": null, "data_fim": null, "multi_divergencias": false}}
2025-11-12 17:07:36,043 [INFO] listar_resultados_resposta | {"id_importacao": 11, "pagina": 1, "limite": 25, "total_base": 10281, "total_final": 10281, "aplicou_eot": false, "aplicou_multi": false}
2025-11-12 17:07:37,704 [INFO] listar_resultados_base | {"id_importacao": 11, "pagina": 1, "limite": 25, "total_base": 1231, "filtros": {"status": ["DIVERGENTE", "PERDIDO"], "descritor": null, "gh": null, "apenas_sem_cdr": false, "diferenca_min": null, "eot_divergente": false, "cruza_gh": false, "tarifa": null, "assinante_a": null, "assinante_b": null, "data_inicio": null, "data_fim": null, "multi_divergencias": false}}
2025-11-12 17:07:37,705 [INFO] listar_resultados_resposta | {"id_importacao": 11, "pagina": 1, "limite": 25, "total_base": 1231, "total_final": 1231, "aplicou_eot": false, "aplicou_multi": false}
2025-11-12 17:11:09,217 [INFO] listar_resultados_base | {"id_importacao": 11, "pagina": 1, "limite": 25, "total_base": 11512, "filtros": {"status": null, "descritor": null, "gh": null, "apenas_sem_cdr": false, "diferenca_min": null, "eot_divergente": false, "cruza_gh": false, "tarifa": null, "assinante_a": null, "assinante_b": null, "data_inicio": null, "data_fim": null, "multi_divergencias": false}}
2025-11-12 17:11:09,218 [INFO] listar_resultados_resposta | {"id_importacao": 11, "pagina": 1, "limite": 25, "total_base": 11512, "total_final": 11512, "aplicou_eot": false, "aplicou_multi": false}
2025-11-12 17:11:09,470 [INFO] conferencia_resumo | {"id_importacao": 11, "processadas": 11512, "validas": 10281, "invalidas": 1231, "sem_cdr": 251, "delta_tolerancia": 334, "eot_divergente": 221, "multiplas": 56}
2025-11-12 17:11:09,608 [INFO] listar_resultados_base | {"id_importacao": 11, "pagina": 1, "limite": 25, "total_base": 11313, "filtros": {"status": null, "descritor": null, "gh": null, "apenas_sem_cdr": false, "diferenca_min": null, "eot_divergente": false, "cruza_gh": false, "tarifa": null, "assinante_a": null, "assinante_b": null, "data_inicio": "2025-02-28T21:00", "data_fim": "2025-05-30T21:00", "multi_divergencias": false}}
2025-11-12 17:11:09,608 [INFO] listar_resultados_resposta | {"id_importacao": 11, "pagina": 1, "limite": 25, "total_base": 11313, "total_final": 11313, "aplicou_eot": false, "aplicou_multi": false}
2025-11-12 17:11:52,115 [INFO] listar_resultados_base | {"id_importacao": 11, "pagina": 1, "limite": 25, "total_base": 11512, "filtros": {"status": null, "descritor": null, "gh": null, "apenas_sem_cdr": false, "diferenca_min": null, "eot_divergente": false, "cruza_gh": false, "tarifa": null, "assinante_a": null, "assinante_b": null, "data_inicio": null, "data_fim": null, "multi_divergencias": false}}
2025-11-12 17:11:52,115 [INFO] listar_resultados_resposta | {"id_importacao": 11, "pagina": 1, "limite": 25, "total_base": 11512, "total_final": 11512, "aplicou_eot": false, "aplicou_multi": false}
2025-11-12 17:11:52,319 [INFO] conferencia_resumo | {"id_importacao": 11, "processadas": 11512, "validas": 10281, "invalidas": 1231, "sem_cdr": 251, "delta_tolerancia": 334, "eot_divergente": 221, "multiplas": 56}
2025-11-12 17:11:52,432 [INFO] listar_resultados_base | {"id_importacao": 11, "pagina": 1, "limite": 25, "total_base": 11313, "filtros": {"status": null, "descritor": null, "gh": null, "apenas_sem_cdr": false, "diferenca_min": null, "eot_divergente": false, "cruza_gh": false, "tarifa": null, "assinante_a": null, "assinante_b": null, "data_inicio": "2025-02-28T21:00", "data_fim": "2025-05-30T21:00", "multi_divergencias": false}}
2025-11-12 17:11:52,433 [INFO] listar_resultados_resposta | {"id_importacao": 11, "pagina": 1, "limite": 25, "total_base": 11313, "total_final": 11313, "aplicou_eot": false, "aplicou_multi": false}
2025-11-12 17:20:19,476 [INFO] listar_resultados_base | {"id_importacao": 11, "pagina": 1, "limite": 25, "total_base": 326, "filtros": {"status": null, "descritor": null, "gh": null, "apenas_sem_cdr": false, "diferenca_min": 10, "eot_divergente": false, "cruza_gh": false, "tarifa": null, "assinante_a": null, "assinante_b": null, "data_inicio": "2025-02-28T21:00", "data_fim": "2025-05-30T21:00", "multi_divergencias": false}}
2025-11-12 17:20:19,477 [INFO] listar_resultados_resposta | {"id_importacao": 11, "pagina": 1, "limite": 25, "total_base": 326, "total_final": 326, "aplicou_eot": false, "aplicou_multi": false}
2025-11-12 17:24:29,182 [INFO] listar_resultados_base | {"id_importacao": 11, "pagina": 1, "limite": 25, "total_base": 11313, "filtros": {"status": null, "descritor": null, "gh": null, "apenas_sem_cdr": false, "diferenca_min": null, "eot_divergente": false, "cruza_gh": false, "tarifa": null, "assinante_a": null, "assinante_b": null, "data_inicio": "2025-02-28T21:00", "data_fim": "2025-05-30T21:00", "multi_divergencias": false}}
2025-11-12 17:24:29,183 [INFO] listar_resultados_resposta | {"id_importacao": 11, "pagina": 1, "limite": 25, "total_base": 11313, "total_final": 11313, "aplicou_eot": false, "aplicou_multi": false}
2025-11-12 17:24:31,366 [INFO] listar_resultados_base | {"id_importacao": 11, "pagina": 1, "limite": 25, "total_base": 250, "filtros": {"status": ["PERDIDO"], "descritor": null, "gh": null, "apenas_sem_cdr": false, "diferenca_min": null, "eot_divergente": false, "cruza_gh": false, "tarifa": null, "assinante_a": null, "assinante_b": null, "data_inicio": "2025-02-28T21:00", "data_fim": "2025-05-30T21:00", "multi_divergencias": false}}
2025-11-12 17:24:31,366 [INFO] listar_resultados_resposta | {"id_importacao": 11, "pagina": 1, "limite": 25, "total_base": 250, "total_final": 250, "aplicou_eot": false, "aplicou_multi": false}
2025-11-12 17:27:41,353 [INFO] listar_resultados_base | {"id_importacao": 11, "pagina": 1, "limite": 25, "total_base": 0, "filtros": {"status": ["PERDIDO"], "descritor": null, "gh": null, "apenas_sem_cdr": false, "diferenca_min": null, "eot_divergente": true, "cruza_gh": false, "tarifa": null, "assinante_a": null, "assinante_b": null, "data_inicio": "2025-02-28T21:00", "data_fim": "2025-05-30T21:00", "multi_divergencias": false}}
2025-11-12 17:27:41,354 [INFO] listar_resultados_resposta | {"id_importacao": 11, "pagina": 1, "limite": 25, "total_base": 0, "total_final": 0, "aplicou_eot": true, "aplicou_multi": false}
2025-11-12 17:27:42,805 [INFO] listar_resultados_base | {"id_importacao": 11, "pagina": 1, "limite": 25, "total_base": 250, "filtros": {"status": ["PERDIDO"], "descritor": null, "gh": null, "apenas_sem_cdr": false, "diferenca_min": null, "eot_divergente": false, "cruza_gh": false, "tarifa": null, "assinante_a": null, "assinante_b": null, "data_inicio": "2025-02-28T21:00", "data_fim": "2025-05-30T21:00", "multi_divergencias": false}}
2025-11-12 17:27:42,805 [INFO] listar_resultados_resposta | {"id_importacao": 11, "pagina": 1, "limite": 25, "total_base": 250, "total_final": 250, "aplicou_eot": false, "aplicou_multi": false}
2025-11-12 17:27:44,759 [INFO] listar_resultados_base | {"id_importacao": 11, "pagina": 1, "limite": 25, "total_base": 10348, "filtros": {"status": ["PERDIDO", "CONFERIDO"], "descritor": null, "gh": null, "apenas_sem_cdr": false, "diferenca_min": null, "eot_divergente": false, "cruza_gh": false, "tarifa": null, "assinante_a": null, "assinante_b": null, "data_inicio": "2025-02-28T21:00", "data_fim": "2025-05-30T21:00", "multi_divergencias": false}}
2025-11-12 17:27:44,760 [INFO] listar_resultados_resposta | {"id_importacao": 11, "pagina": 1, "limite": 25, "total_base": 10348, "total_final": 10348, "aplicou_eot": false, "aplicou_multi": false}
2025-11-12 17:27:45,877 [INFO] listar_resultados_base | {"id_importacao": 11, "pagina": 1, "limite": 25, "total_base": 10098, "filtros": {"status": ["CONFERIDO"], "descritor": null, "gh": null, "apenas_sem_cdr": false, "diferenca_min": null, "eot_divergente": false, "cruza_gh": false, "tarifa": null, "assinante_a": null, "assinante_b": null, "data_inicio": "2025-02-28T21:00", "data_fim": "2025-05-30T21:00", "multi_divergencias": false}}
2025-11-12 17:27:45,877 [INFO] listar_resultados_resposta | {"id_importacao": 11, "pagina": 1, "limite": 25, "total_base": 10098, "total_final": 10098, "aplicou_eot": false, "aplicou_multi": false}
2025-11-12 17:27:48,841 [INFO] listar_resultados_base | {"id_importacao": 11, "pagina": 1, "limite": 25, "total_base": 11313, "filtros": {"status": null, "descritor": null, "gh": null, "apenas_sem_cdr": false, "diferenca_min": null, "eot_divergente": false, "cruza_gh": false, "tarifa": null, "assinante_a": null, "assinante_b": null, "data_inicio": "2025-02-28T21:00", "data_fim": "2025-05-30T21:00", "multi_divergencias": false}}
2025-11-12 17:27:48,842 [INFO] listar_resultados_resposta | {"id_importacao": 11, "pagina": 1, "limite": 25, "total_base": 11313, "total_final": 11313, "aplicou_eot": false, "aplicou_multi": false}
2025-11-12 17:33:30,505 [INFO] listar_resultados_base | {"id_importacao": 11, "pagina": 1, "limite": 25, "total_base": 11512, "filtros": {"status": null, "descritor": null, "gh": null, "apenas_sem_cdr": false, "diferenca_min": null, "eot_divergente": false, "cruza_gh": false, "tarifa": null, "assinante_a": null, "assinante_b": null, "data_inicio": null, "data_fim": null, "multi_divergencias": false}}
2025-11-12 17:33:30,506 [INFO] listar_resultados_resposta | {"id_importacao": 11, "pagina": 1, "limite": 25, "total_base": 11512, "total_final": 11512, "aplicou_eot": false, "aplicou_multi": false}
2025-11-12 17:33:30,652 [INFO] listar_resultados_base | {"id_importacao": 11, "pagina": 1, "limite": 25, "total_base": 11512, "filtros": {"status": null, "descritor": null, "gh": null, "apenas_sem_cdr": false, "diferenca_min": null, "eot_divergente": false, "cruza_gh": false, "tarifa": null, "assinante_a": null, "assinante_b": null, "data_inicio": null, "data_fim": null, "multi_divergencias": false}}
2025-11-12 17:33:30,653 [INFO] listar_resultados_resposta | {"id_importacao": 11, "pagina": 1, "limite": 25, "total_base": 11512, "total_final": 11512, "aplicou_eot": false, "aplicou_multi": false}
2025-11-12 17:33:30,717 [INFO] conferencia_resumo | {"id_importacao": 11, "processadas": 11512, "validas": 10281, "invalidas": 1231, "sem_cdr": 251, "delta_tolerancia": 334, "eot_divergente": 221, "multiplas": 56}
2025-11-12 17:33:30,867 [INFO] listar_resultados_base | {"id_importacao": 11, "pagina": 1, "limite": 25, "total_base": 11313, "filtros": {"status": null, "descritor": null, "gh": null, "apenas_sem_cdr": false, "diferenca_min": null, "eot_divergente": false, "cruza_gh": false, "tarifa": null, "assinante_a": null, "assinante_b": null, "data_inicio": "2025-02-28T21:00", "data_fim": "2025-05-30T21:00", "multi_divergencias": false}}
2025-11-12 17:33:30,867 [INFO] listar_resultados_resposta | {"id_importacao": 11, "pagina": 1, "limite": 25, "total_base": 11313, "total_final": 11313, "aplicou_eot": false, "aplicou_multi": false}
2025-11-12 17:33:31,009 [INFO] conferencia_resumo | {"id_importacao": 11, "processadas": 11512, "validas": 10281, "invalidas": 1231, "sem_cdr": 251, "delta_tolerancia": 334, "eot_divergente": 221, "multiplas": 56}
2025-11-12 17:33:31,130 [INFO] listar_resultados_base | {"id_importacao": 11, "pagina": 1, "limite": 25, "total_base": 11313, "filtros": {"status": null, "descritor": null, "gh": null, "apenas_sem_cdr": false, "diferenca_min": null, "eot_divergente": false, "cruza_gh": false, "tarifa": null, "assinante_a": null, "assinante_b": null, "data_inicio": "2025-02-28T21:00", "data_fim": "2025-05-30T21:00", "multi_divergencias": false}}
2025-11-12 17:33:31,131 [INFO] listar_resultados_resposta | {"id_importacao": 11, "pagina": 1, "limite": 25, "total_base": 11313, "total_final": 11313, "aplicou_eot": false, "aplicou_multi": false}
2025-11-12 17:41:03,002 [INFO] listar_resultados_base | {"id_importacao": 11, "pagina": 1, "limite": 25, "total_base": 9, "filtros": {"status": null, "descritor": null, "gh": null, "apenas_sem_cdr": false, "diferenca_min": null, "eot_divergente": false, "cruza_gh": true, "tarifa": null, "assinante_a": null, "assinante_b": null, "data_inicio": null, "data_fim": null, "multi_divergencias": false}}
2025-11-12 17:41:03,003 [INFO] listar_resultados_resposta | {"id_importacao": 11, "pagina": 1, "limite": 25, "total_base": 9, "total_final": 9, "aplicou_eot": false, "aplicou_multi": false}
2025-11-12 17:59:23,518 [INFO] listar_resultados_base | {"id_importacao": 11, "pagina": 1, "limite": 25, "total_base": 9, "filtros": {"status": null, "descritor": null, "gh": null, "apenas_sem_cdr": false, "diferenca_min": null, "eot_divergente": false, "cruza_gh": true, "tarifa": null, "assinante_a": null, "assinante_b": null, "data_inicio": null, "data_fim": null, "multi_divergencias": false}}
2025-11-12 17:59:23,518 [INFO] listar_resultados_resposta | {"id_importacao": 11, "pagina": 1, "limite": 25, "total_base": 9, "total_final": 9, "aplicou_eot": false, "aplicou_multi": false}
2025-11-12 17:59:23,587 [INFO] listar_resultados_base | {"id_importacao": 11, "pagina": 1, "limite": 25, "total_base": 9, "filtros": {"status": null, "descritor": null, "gh": null, "apenas_sem_cdr": false, "diferenca_min": null, "eot_divergente": false, "cruza_gh": true, "tarifa": null, "assinante_a": null, "assinante_b": null, "data_inicio": "2025-02-28T21:00", "data_fim": "2025-05-30T21:00", "multi_divergencias": false}}
2025-11-12 17:59:23,587 [INFO] listar_resultados_resposta | {"id_importacao": 11, "pagina": 1, "limite": 25, "total_base": 9, "total_final": 9, "aplicou_eot": false, "aplicou_multi": false}
2025-11-12 17:59:23,648 [INFO] conferencia_resumo | {"id_importacao": 11, "processadas": 11512, "validas": 10281, "invalidas": 1231, "sem_cdr": 251, "delta_tolerancia": 334, "eot_divergente": 221, "multiplas": 56}
2025-11-12 18:00:54,624 [INFO] processar_conferencia_inicio | {"execucao": 42, "id_cliente": 1, "id_importacao_detraf": 11, "id_importacao_cdr": 9}
2025-11-12 18:00:58,550 [INFO] listar_resultados_base | {"id_importacao": 11, "pagina": 1, "limite": 25, "total_base": 11313, "filtros": {"status": null, "descritor": null, "gh": null, "apenas_sem_cdr": false, "diferenca_min": null, "eot_divergente": false, "cruza_gh": false, "tarifa": null, "assinante_a": null, "assinante_b": null, "data_inicio": "2025-02-28T21:00", "data_fim": "2025-05-30T21:00", "multi_divergencias": false}}
2025-11-12 18:00:58,565 [INFO] listar_resultados_resposta | {"id_importacao": 11, "pagina": 1, "limite": 25, "total_base": 11313, "total_final": 11313, "aplicou_eot": false, "aplicou_multi": false}
2025-11-12 18:01:06,584 [INFO] processar_conferencia_concluida | {"execucao": 42, "id_importacao_detraf": 11, "id_importacao_cdr": 9, "resumo": {"total": 11512, "conferidos": 10290, "divergentes": 971, "perdidos": 251}}
2025-11-12 18:01:06,752 [INFO] listar_resultados_base | {"id_importacao": 11, "pagina": 1, "limite": 25, "total_base": 9, "filtros": {"status": null, "descritor": null, "gh": null, "apenas_sem_cdr": false, "diferenca_min": null, "eot_divergente": false, "cruza_gh": true, "tarifa": null, "assinante_a": null, "assinante_b": null, "data_inicio": "2025-02-28T21:00", "data_fim": "2025-05-30T21:00", "multi_divergencias": false}}
2025-11-12 18:01:06,752 [INFO] listar_resultados_resposta | {"id_importacao": 11, "pagina": 1, "limite": 25, "total_base": 9, "total_final": 9, "aplicou_eot": false, "aplicou_multi": false}
2025-11-12 18:01:06,871 [INFO] conferencia_resumo | {"id_importacao": 11, "processadas": 11512, "validas": 10290, "invalidas": 1222, "sem_cdr": 251, "delta_tolerancia": 334, "eot_divergente": 221, "multiplas": 56}
2025-11-12 18:01:47,205 [INFO] listar_resultados_base | {"id_importacao": 11, "pagina": 1, "limite": 25, "total_base": 11313, "filtros": {"status": null, "descritor": null, "gh": null, "apenas_sem_cdr": false, "diferenca_min": null, "eot_divergente": false, "cruza_gh": false, "tarifa": null, "assinante_a": null, "assinante_b": null, "data_inicio": "2025-02-28T21:00", "data_fim": "2025-05-30T21:00", "multi_divergencias": false}}
2025-11-12 18:01:47,206 [INFO] listar_resultados_resposta | {"id_importacao": 11, "pagina": 1, "limite": 25, "total_base": 11313, "total_final": 11313, "aplicou_eot": false, "aplicou_multi": false}
2025-11-12 18:01:50,373 [INFO] listar_resultados_base | {"id_importacao": 11, "pagina": 1, "limite": 25, "total_base": 9, "filtros": {"status": null, "descritor": null, "gh": null, "apenas_sem_cdr": false, "diferenca_min": null, "eot_divergente": false, "cruza_gh": true, "tarifa": null, "assinante_a": null, "assinante_b": null, "data_inicio": "2025-02-28T21:00", "data_fim": "2025-05-30T21:00", "multi_divergencias": false}}
2025-11-12 18:01:50,374 [INFO] listar_resultados_resposta | {"id_importacao": 11, "pagina": 1, "limite": 25, "total_base": 9, "total_final": 9, "aplicou_eot": false, "aplicou_multi": false}
2025-11-12 18:05:05,184 [INFO] listar_resultados_base | {"id_importacao": 11, "pagina": 1, "limite": 25, "total_base": 9, "filtros": {"status": null, "descritor": null, "gh": null, "apenas_sem_cdr": false, "diferenca_min": null, "eot_divergente": false, "cruza_gh": true, "tarifa": null, "assinante_a": null, "assinante_b": null, "data_inicio": "2025-02-28T21:00", "data_fim": "2025-05-30T21:00", "multi_divergencias": false}}
2025-11-12 18:05:05,185 [INFO] listar_resultados_resposta | {"id_importacao": 11, "pagina": 1, "limite": 25, "total_base": 9, "total_final": 9, "aplicou_eot": false, "aplicou_multi": false}
2025-11-12 18:05:05,301 [INFO] conferencia_resumo | {"id_importacao": 11, "processadas": 11512, "validas": 10290, "invalidas": 1222, "sem_cdr": 251, "delta_tolerancia": 334, "eot_divergente": 221, "multiplas": 56}
2025-11-12 18:05:23,458 [INFO] listar_resultados_base | {"id_importacao": 11, "pagina": 1, "limite": 25, "total_base": 9, "filtros": {"status": null, "descritor": null, "gh": null, "apenas_sem_cdr": false, "diferenca_min": null, "eot_divergente": false, "cruza_gh": true, "tarifa": null, "assinante_a": null, "assinante_b": null, "data_inicio": "2025-02-28T21:00", "data_fim": "2025-05-30T21:00", "multi_divergencias": false}}
2025-11-12 18:05:23,458 [INFO] listar_resultados_resposta | {"id_importacao": 11, "pagina": 1, "limite": 25, "total_base": 9, "total_final": 9, "aplicou_eot": false, "aplicou_multi": false}
2025-11-12 18:05:23,576 [INFO] conferencia_resumo | {"id_importacao": 11, "processadas": 11512, "validas": 10290, "invalidas": 1222, "sem_cdr": 251, "delta_tolerancia": 334, "eot_divergente": 221, "multiplas": 56}
2025-11-12 18:05:55,881 [INFO] listar_resultados_base | {"id_importacao": 11, "pagina": 1, "limite": 25, "total_base": 9, "filtros": {"status": null, "descritor": null, "gh": null, "apenas_sem_cdr": false, "diferenca_min": null, "eot_divergente": false, "cruza_gh": true, "tarifa": null, "assinante_a": null, "assinante_b": null, "data_inicio": "2025-02-28T21:00", "data_fim": "2025-05-30T21:00", "multi_divergencias": false}}
2025-11-12 18:05:55,882 [INFO] listar_resultados_resposta | {"id_importacao": 11, "pagina": 1, "limite": 25, "total_base": 9, "total_final": 9, "aplicou_eot": false, "aplicou_multi": false}
2025-11-12 18:05:55,992 [INFO] conferencia_resumo | {"id_importacao": 11, "processadas": 11512, "validas": 10290, "invalidas": 1222, "sem_cdr": 251, "delta_tolerancia": 334, "eot_divergente": 221, "multiplas": 56}
2025-11-12 18:09:36,909 [INFO] processar_conferencia_inicio | {"execucao": 43, "id_cliente": 1, "id_importacao_detraf": 11, "id_importacao_cdr": 9}
2025-11-12 18:09:49,883 [INFO] processar_conferencia_concluida | {"execucao": 43, "id_importacao_detraf": 11, "id_importacao_cdr": 9, "resumo": {"total": 11512, "conferidos": 10290, "divergentes": 971, "perdidos": 251}}
2025-11-12 18:09:49,990 [INFO] listar_resultados_base | {"id_importacao": 11, "pagina": 1, "limite": 25, "total_base": 9, "filtros": {"status": null, "descritor": null, "gh": null, "apenas_sem_cdr": false, "diferenca_min": null, "eot_divergente": false, "cruza_gh": true, "tarifa": null, "assinante_a": null, "assinante_b": null, "data_inicio": "2025-02-28T21:00", "data_fim": "2025-05-30T21:00", "multi_divergencias": false}}
2025-11-12 18:09:49,990 [INFO] listar_resultados_resposta | {"id_importacao": 11, "pagina": 1, "limite": 25, "total_base": 9, "total_final": 9, "aplicou_eot": false, "aplicou_multi": false}
2025-11-12 18:09:50,086 [INFO] conferencia_resumo | {"id_importacao": 11, "processadas": 11512, "validas": 10290, "invalidas": 1222, "sem_cdr": 251, "delta_tolerancia": 334, "eot_divergente": 221, "multiplas": 56}
2025-11-12 18:10:49,770 [INFO] listar_resultados_base | {"id_importacao": 11, "pagina": 1, "limite": 25, "total_base": 9, "filtros": {"status": null, "descritor": null, "gh": null, "apenas_sem_cdr": false, "diferenca_min": null, "eot_divergente": false, "cruza_gh": true, "tarifa": null, "assinante_a": null, "assinante_b": null, "data_inicio": "2025-02-28T21:00", "data_fim": "2025-05-30T21:00", "multi_divergencias": false}}
2025-11-12 18:10:49,771 [INFO] listar_resultados_resposta | {"id_importacao": 11, "pagina": 1, "limite": 25, "total_base": 9, "total_final": 9, "aplicou_eot": false, "aplicou_multi": false}
2025-11-12 18:10:51,904 [INFO] listar_resultados_base | {"id_importacao": 11, "pagina": 1, "limite": 25, "total_base": 9, "filtros": {"status": null, "descritor": null, "gh": null, "apenas_sem_cdr": false, "diferenca_min": null, "eot_divergente": false, "cruza_gh": true, "tarifa": null, "assinante_a": null, "assinante_b": null, "data_inicio": "2025-02-28T21:00", "data_fim": "2025-05-30T21:00", "multi_divergencias": false}}
2025-11-12 18:10:51,904 [INFO] listar_resultados_resposta | {"id_importacao": 11, "pagina": 1, "limite": 25, "total_base": 9, "total_final": 9, "aplicou_eot": false, "aplicou_multi": false}
2025-11-12 18:10:52,958 [INFO] listar_resultados_base | {"id_importacao": 11, "pagina": 1, "limite": 25, "total_base": 11313, "filtros": {"status": null, "descritor": null, "gh": null, "apenas_sem_cdr": false, "diferenca_min": null, "eot_divergente": false, "cruza_gh": false, "tarifa": null, "assinante_a": null, "assinante_b": null, "data_inicio": "2025-02-28T21:00", "data_fim": "2025-05-30T21:00", "multi_divergencias": false}}
2025-11-12 18:10:52,958 [INFO] listar_resultados_resposta | {"id_importacao": 11, "pagina": 1, "limite": 25, "total_base": 11313, "total_final": 11313, "aplicou_eot": false, "aplicou_multi": false}
2025-11-12 18:10:53,723 [INFO] listar_resultados_base | {"id_importacao": 11, "pagina": 1, "limite": 25, "total_base": 11313, "filtros": {"status": null, "descritor": null, "gh": null, "apenas_sem_cdr": false, "diferenca_min": null, "eot_divergente": false, "cruza_gh": false, "tarifa": null, "assinante_a": null, "assinante_b": null, "data_inicio": "2025-02-28T21:00", "data_fim": "2025-05-30T21:00", "multi_divergencias": false}}
2025-11-12 18:10:53,724 [INFO] listar_resultados_resposta | {"id_importacao": 11, "pagina": 1, "limite": 25, "total_base": 11313, "total_final": 11313, "aplicou_eot": false, "aplicou_multi": false}
2025-11-12 18:10:54,651 [INFO] listar_resultados_base | {"id_importacao": 11, "pagina": 1, "limite": 25, "total_base": 9, "filtros": {"status": null, "descritor": null, "gh": null, "apenas_sem_cdr": false, "diferenca_min": null, "eot_divergente": false, "cruza_gh": true, "tarifa": null, "assinante_a": null, "assinante_b": null, "data_inicio": "2025-02-28T21:00", "data_fim": "2025-05-30T21:00", "multi_divergencias": false}}
2025-11-12 18:10:54,652 [INFO] listar_resultados_resposta | {"id_importacao": 11, "pagina": 1, "limite": 25, "total_base": 9, "total_final": 9, "aplicou_eot": false, "aplicou_multi": false}
2025-11-12 18:13:28,896 [INFO] listar_resultados_base | {"id_importacao": 11, "pagina": 1, "limite": 25, "total_base": 9, "filtros": {"status": null, "descritor": null, "gh": null, "apenas_sem_cdr": false, "diferenca_min": null, "eot_divergente": false, "cruza_gh": true, "tarifa": null, "assinante_a": null, "assinante_b": null, "data_inicio": "2025-02-28T21:00", "data_fim": "2025-05-30T21:00", "multi_divergencias": false}}
2025-11-12 18:13:28,896 [INFO] listar_resultados_resposta | {"id_importacao": 11, "pagina": 1, "limite": 25, "total_base": 9, "total_final": 9, "aplicou_eot": false, "aplicou_multi": false}
2025-11-12 18:13:29,010 [INFO] conferencia_resumo | {"id_importacao": 11, "processadas": 11512, "validas": 10290, "invalidas": 1222, "sem_cdr": 251, "delta_tolerancia": 334, "eot_divergente": 221, "multiplas": 56}
2025-11-12 18:13:43,384 [INFO] processar_conferencia_inicio | {"execucao": 44, "id_cliente": 1, "id_importacao_detraf": 11, "id_importacao_cdr": 9}
2025-11-12 18:13:57,136 [INFO] processar_conferencia_concluida | {"execucao": 44, "id_importacao_detraf": 11, "id_importacao_cdr": 9, "resumo": {"total": 11512, "conferidos": 10290, "divergentes": 971, "perdidos": 251}}
2025-11-12 18:13:57,597 [INFO] listar_resultados_base | {"id_importacao": 11, "pagina": 1, "limite": 25, "total_base": 9, "filtros": {"status": null, "descritor": null, "gh": null, "apenas_sem_cdr": false, "diferenca_min": null, "eot_divergente": false, "cruza_gh": true, "tarifa": null, "assinante_a": null, "assinante_b": null, "data_inicio": "2025-02-28T21:00", "data_fim": "2025-05-30T21:00", "multi_divergencias": false}}
2025-11-12 18:13:57,598 [INFO] listar_resultados_resposta | {"id_importacao": 11, "pagina": 1, "limite": 25, "total_base": 9, "total_final": 9, "aplicou_eot": false, "aplicou_multi": false}
2025-11-12 18:13:57,703 [INFO] conferencia_resumo | {"id_importacao": 11, "processadas": 11512, "validas": 10290, "invalidas": 1222, "sem_cdr": 251, "delta_tolerancia": 334, "eot_divergente": 221, "multiplas": 56}
2025-11-12 18:14:02,830 [INFO] listar_resultados_base | {"id_importacao": 11, "pagina": 1, "limite": 25, "total_base": 9, "filtros": {"status": null, "descritor": null, "gh": null, "apenas_sem_cdr": false, "diferenca_min": null, "eot_divergente": false, "cruza_gh": true, "tarifa": null, "assinante_a": null, "assinante_b": null, "data_inicio": "2025-02-28T21:00", "data_fim": "2025-05-30T21:00", "multi_divergencias": false}}
2025-11-12 18:14:02,830 [INFO] listar_resultados_resposta | {"id_importacao": 11, "pagina": 1, "limite": 25, "total_base": 9, "total_final": 9, "aplicou_eot": false, "aplicou_multi": false}
2025-11-12 18:14:02,979 [INFO] conferencia_resumo | {"id_importacao": 11, "processadas": 11512, "validas": 10290, "invalidas": 1222, "sem_cdr": 251, "delta_tolerancia": 334, "eot_divergente": 221, "multiplas": 56}
2025-11-12 18:14:08,807 [INFO] listar_resultados_base | {"id_importacao": 11, "pagina": 1, "limite": 25, "total_base": 9, "filtros": {"status": null, "descritor": null, "gh": null, "apenas_sem_cdr": false, "diferenca_min": null, "eot_divergente": false, "cruza_gh": true, "tarifa": null, "assinante_a": null, "assinante_b": null, "data_inicio": "2025-02-28T21:00", "data_fim": "2025-05-30T21:00", "multi_divergencias": false}}
2025-11-12 18:14:08,808 [INFO] listar_resultados_resposta | {"id_importacao": 11, "pagina": 1, "limite": 25, "total_base": 9, "total_final": 9, "aplicou_eot": false, "aplicou_multi": false}
2025-11-12 18:16:20,312 [INFO] listar_resultados_base | {"id_importacao": 11, "pagina": 1, "limite": 25, "total_base": 9, "filtros": {"status": null, "descritor": null, "gh": null, "apenas_sem_cdr": false, "diferenca_min": null, "eot_divergente": false, "cruza_gh": true, "tarifa": null, "assinante_a": null, "assinante_b": null, "data_inicio": "2025-02-28T21:00", "data_fim": "2025-05-30T21:00", "multi_divergencias": false}}
2025-11-12 18:16:20,313 [INFO] listar_resultados_resposta | {"id_importacao": 11, "pagina": 1, "limite": 25, "total_base": 9, "total_final": 9, "aplicou_eot": false, "aplicou_multi": false}
2025-11-12 18:16:20,429 [INFO] conferencia_resumo | {"id_importacao": 11, "processadas": 11512, "validas": 10290, "invalidas": 1222, "sem_cdr": 251, "delta_tolerancia": 334, "eot_divergente": 221, "multiplas": 56}
2025-11-12 18:17:20,912 [INFO] listar_resultados_base | {"id_importacao": 11, "pagina": 1, "limite": 25, "total_base": 9, "filtros": {"status": null, "descritor": null, "gh": null, "apenas_sem_cdr": false, "diferenca_min": null, "eot_divergente": false, "cruza_gh": true, "tarifa": null, "assinante_a": null, "assinante_b": null, "data_inicio": "2025-02-28T21:00", "data_fim": "2025-05-30T21:00", "multi_divergencias": false}}
2025-11-12 18:17:20,912 [INFO] listar_resultados_resposta | {"id_importacao": 11, "pagina": 1, "limite": 25, "total_base": 9, "total_final": 9, "aplicou_eot": false, "aplicou_multi": false}
2025-11-12 18:17:29,641 [INFO] processar_conferencia_inicio | {"execucao": 45, "id_cliente": 1, "id_importacao_detraf": 11, "id_importacao_cdr": 9}
2025-11-12 18:17:42,157 [INFO] processar_conferencia_concluida | {"execucao": 45, "id_importacao_detraf": 11, "id_importacao_cdr": 9, "resumo": {"total": 11512, "conferidos": 10290, "divergentes": 971, "perdidos": 251}}
2025-11-12 18:17:42,339 [INFO] listar_resultados_base | {"id_importacao": 11, "pagina": 1, "limite": 25, "total_base": 9, "filtros": {"status": null, "descritor": null, "gh": null, "apenas_sem_cdr": false, "diferenca_min": null, "eot_divergente": false, "cruza_gh": true, "tarifa": null, "assinante_a": null, "assinante_b": null, "data_inicio": "2025-02-28T21:00", "data_fim": "2025-05-30T21:00", "multi_divergencias": false}}
2025-11-12 18:17:42,340 [INFO] listar_resultados_resposta | {"id_importacao": 11, "pagina": 1, "limite": 25, "total_base": 9, "total_final": 9, "aplicou_eot": false, "aplicou_multi": false}
2025-11-12 18:17:42,395 [INFO] conferencia_resumo | {"id_importacao": 11, "processadas": 11512, "validas": 10290, "invalidas": 1222, "sem_cdr": 251, "delta_tolerancia": 334, "eot_divergente": 221, "multiplas": 56}
2025-11-12 18:23:31,143 [INFO] processar_conferencia_inicio | {"execucao": 46, "id_cliente": 1, "id_importacao_detraf": 11, "id_importacao_cdr": 9}
2025-11-12 18:23:44,731 [INFO] processar_conferencia_concluida | {"execucao": 46, "id_importacao_detraf": 11, "id_importacao_cdr": 9, "resumo": {"total": 11512, "conferidos": 10290, "divergentes": 971, "perdidos": 251}}
2025-11-12 18:23:45,279 [INFO] listar_resultados_base | {"id_importacao": 11, "pagina": 1, "limite": 25, "total_base": 9, "filtros": {"status": null, "descritor": null, "gh": null, "apenas_sem_cdr": false, "diferenca_min": null, "eot_divergente": false, "cruza_gh": true, "tarifa": null, "assinante_a": null, "assinante_b": null, "data_inicio": "2025-02-28T21:00", "data_fim": "2025-05-30T21:00", "multi_divergencias": false}}
2025-11-12 18:23:45,280 [INFO] listar_resultados_resposta | {"id_importacao": 11, "pagina": 1, "limite": 25, "total_base": 9, "total_final": 9, "aplicou_eot": false, "aplicou_multi": false}
2025-11-12 18:23:45,384 [INFO] conferencia_resumo | {"id_importacao": 11, "processadas": 11512, "validas": 10290, "invalidas": 1222, "sem_cdr": 251, "delta_tolerancia": 334, "eot_divergente": 217, "multiplas": 0}
2025-11-12 18:27:54,411 [INFO] listar_resultados_base | {"id_importacao": 11, "pagina": 1, "limite": 25, "total_base": 9, "filtros": {"status": null, "descritor": null, "gh": null, "apenas_sem_cdr": false, "diferenca_min": null, "eot_divergente": false, "cruza_gh": true, "tarifa": null, "assinante_a": null, "assinante_b": null, "data_inicio": "2025-02-28T21:00", "data_fim": "2025-05-30T21:00", "multi_divergencias": false}}
2025-11-12 18:27:54,411 [INFO] listar_resultados_resposta | {"id_importacao": 11, "pagina": 1, "limite": 25, "total_base": 9, "total_final": 9, "aplicou_eot": false, "aplicou_multi": false}
2025-11-12 18:27:54,517 [INFO] conferencia_resumo | {"id_importacao": 11, "processadas": 11512, "validas": 10290, "invalidas": 1222, "sem_cdr": 251, "delta_tolerancia": 334, "eot_divergente": 217, "multiplas": 0}
2025-11-12 18:28:11,840 [INFO] listar_resultados_base | {"id_importacao": 11, "pagina": 1, "limite": 25, "total_base": 9, "filtros": {"status": null, "descritor": null, "gh": null, "apenas_sem_cdr": false, "diferenca_min": null, "eot_divergente": false, "cruza_gh": true, "tarifa": null, "assinante_a": null, "assinante_b": null, "data_inicio": "2025-02-28T21:00", "data_fim": "2025-05-30T21:00", "multi_divergencias": false}}
2025-11-12 18:28:11,841 [INFO] listar_resultados_resposta | {"id_importacao": 11, "pagina": 1, "limite": 25, "total_base": 9, "total_final": 9, "aplicou_eot": false, "aplicou_multi": false}
2025-11-12 18:28:11,944 [INFO] conferencia_resumo | {"id_importacao": 11, "processadas": 11512, "validas": 10290, "invalidas": 1222, "sem_cdr": 251, "delta_tolerancia": 334, "eot_divergente": 217, "multiplas": 0}
2025-11-12 18:29:45,325 [INFO] listar_resultados_base | {"id_importacao": 11, "pagina": 1, "limite": 25, "total_base": 9, "filtros": {"status": null, "descritor": null, "gh": null, "apenas_sem_cdr": false, "diferenca_min": null, "eot_divergente": false, "cruza_gh": true, "tarifa": null, "assinante_a": null, "assinante_b": null, "data_inicio": "2025-02-28T21:00", "data_fim": "2025-05-30T21:00", "multi_divergencias": false}}
2025-11-12 18:29:45,325 [INFO] listar_resultados_resposta | {"id_importacao": 11, "pagina": 1, "limite": 25, "total_base": 9, "total_final": 9, "aplicou_eot": false, "aplicou_multi": false}
2025-11-12 18:29:45,417 [INFO] conferencia_resumo | {"id_importacao": 11, "processadas": 11512, "validas": 10290, "invalidas": 1222, "sem_cdr": 251, "delta_tolerancia": 334, "eot_divergente": 217, "multiplas": 0}
2025-11-12 18:30:01,763 [INFO] listar_resultados_base | {"id_importacao": 11, "pagina": 1, "limite": 25, "total_base": 9, "filtros": {"status": null, "descritor": null, "gh": null, "apenas_sem_cdr": false, "diferenca_min": null, "eot_divergente": false, "cruza_gh": true, "tarifa": null, "assinante_a": null, "assinante_b": null, "data_inicio": "2025-02-28T21:00", "data_fim": "2025-05-30T21:00", "multi_divergencias": false}}
2025-11-12 18:30:01,763 [INFO] listar_resultados_resposta | {"id_importacao": 11, "pagina": 1, "limite": 25, "total_base": 9, "total_final": 9, "aplicou_eot": false, "aplicou_multi": false}
2025-11-12 18:30:01,881 [INFO] conferencia_resumo | {"id_importacao": 11, "processadas": 11512, "validas": 10290, "invalidas": 1222, "sem_cdr": 251, "delta_tolerancia": 334, "eot_divergente": 217, "multiplas": 0}
2025-11-12 18:30:37,053 [INFO] listar_resultados_base | {"id_importacao": 11, "pagina": 1, "limite": 25, "total_base": 9, "filtros": {"status": null, "descritor": null, "gh": null, "apenas_sem_cdr": false, "diferenca_min": null, "eot_divergente": false, "cruza_gh": true, "tarifa": null, "assinante_a": null, "assinante_b": null, "data_inicio": "2025-02-28T21:00", "data_fim": "2025-05-30T21:00", "multi_divergencias": false}}
2025-11-12 18:30:37,055 [INFO] listar_resultados_resposta | {"id_importacao": 11, "pagina": 1, "limite": 25, "total_base": 9, "total_final": 9, "aplicou_eot": false, "aplicou_multi": false}
2025-11-12 18:30:37,140 [INFO] conferencia_resumo | {"id_importacao": 11, "processadas": 11512, "validas": 10290, "invalidas": 1222, "sem_cdr": 251, "delta_tolerancia": 334, "eot_divergente": 217, "multiplas": 0}
2025-11-12 18:33:26,007 [INFO] listar_resultados_base | {"id_importacao": 11, "pagina": 1, "limite": 25, "total_base": 9, "filtros": {"status": null, "descritor": null, "gh": null, "apenas_sem_cdr": false, "diferenca_min": null, "eot_divergente": false, "cruza_gh": true, "tarifa": null, "assinante_a": null, "assinante_b": null, "data_inicio": "2025-02-28T21:00", "data_fim": "2025-05-30T21:00", "multi_divergencias": false}}
2025-11-12 18:33:26,008 [INFO] listar_resultados_resposta | {"id_importacao": 11, "pagina": 1, "limite": 25, "total_base": 9, "total_final": 9, "aplicou_eot": false, "aplicou_multi": false}
2025-11-12 18:33:26,115 [INFO] conferencia_resumo | {"id_importacao": 11, "processadas": 11512, "validas": 10290, "invalidas": 1222, "sem_cdr": 251, "delta_tolerancia": 334, "eot_divergente": 217, "multiplas": 0}
2025-11-12 18:33:45,338 [INFO] listar_resultados_base | {"id_importacao": 11, "pagina": 1, "limite": 25, "total_base": 9, "filtros": {"status": null, "descritor": null, "gh": null, "apenas_sem_cdr": false, "diferenca_min": null, "eot_divergente": false, "cruza_gh": true, "tarifa": null, "assinante_a": null, "assinante_b": null, "data_inicio": "2025-02-28T21:00", "data_fim": "2025-05-30T21:00", "multi_divergencias": false}}
2025-11-12 18:33:45,338 [INFO] listar_resultados_resposta | {"id_importacao": 11, "pagina": 1, "limite": 25, "total_base": 9, "total_final": 9, "aplicou_eot": false, "aplicou_multi": false}
2025-11-12 18:33:45,468 [INFO] conferencia_resumo | {"id_importacao": 11, "processadas": 11512, "validas": 10290, "invalidas": 1222, "sem_cdr": 251, "delta_tolerancia": 334, "eot_divergente": 217, "multiplas": 0}
2025-11-12 18:35:37,818 [INFO] processar_conferencia_inicio | {"execucao": 47, "id_cliente": 1, "id_importacao_detraf": 11, "id_importacao_cdr": 9}
2025-11-12 18:35:49,433 [INFO] processar_conferencia_concluida | {"execucao": 47, "id_importacao_detraf": 11, "id_importacao_cdr": 9, "resumo": {"total": 11512, "conferidos": 10290, "divergentes": 971, "perdidos": 251}}
2025-11-12 18:35:50,044 [INFO] listar_resultados_base | {"id_importacao": 11, "pagina": 1, "limite": 25, "total_base": 9, "filtros": {"status": null, "descritor": null, "gh": null, "apenas_sem_cdr": false, "diferenca_min": null, "eot_divergente": false, "cruza_gh": true, "tarifa": null, "assinante_a": null, "assinante_b": null, "data_inicio": "2025-02-28T21:00", "data_fim": "2025-05-30T21:00", "multi_divergencias": false}}
2025-11-12 18:35:50,045 [INFO] listar_resultados_resposta | {"id_importacao": 11, "pagina": 1, "limite": 25, "total_base": 9, "total_final": 9, "aplicou_eot": false, "aplicou_multi": false}
2025-11-12 18:35:50,112 [INFO] conferencia_resumo | {"id_importacao": 11, "processadas": 11512, "validas": 10290, "invalidas": 1222, "sem_cdr": 251, "delta_tolerancia": 334, "eot_divergente": 217, "multiplas": 0}
2025-11-12 18:38:44,735 [INFO] listar_resultados_base | {"id_importacao": 11, "pagina": 1, "limite": 25, "total_base": 9, "filtros": {"status": null, "descritor": null, "gh": null, "apenas_sem_cdr": false, "diferenca_min": null, "eot_divergente": false, "cruza_gh": true, "tarifa": null, "assinante_a": null, "assinante_b": null, "data_inicio": "2025-02-28T21:00", "data_fim": "2025-05-30T21:00", "multi_divergencias": false}}
2025-11-12 18:38:44,736 [INFO] listar_resultados_resposta | {"id_importacao": 11, "pagina": 1, "limite": 25, "total_base": 9, "total_final": 9, "aplicou_eot": false, "aplicou_multi": false}
2025-11-12 18:38:44,835 [INFO] conferencia_resumo | {"id_importacao": 11, "processadas": 11512, "validas": 10290, "invalidas": 1222, "sem_cdr": 251, "delta_tolerancia": 334, "eot_divergente": 217, "multiplas": 0}
2025-11-12 18:40:15,052 [INFO] processar_conferencia_inicio | {"execucao": 48, "id_cliente": 1, "id_importacao_detraf": 11, "id_importacao_cdr": 9}
2025-11-12 18:40:17,894 [INFO] listar_resultados_base | {"id_importacao": 11, "pagina": 1, "limite": 25, "total_base": 11313, "filtros": {"status": null, "descritor": null, "gh": null, "apenas_sem_cdr": false, "diferenca_min": null, "eot_divergente": false, "cruza_gh": false, "tarifa": null, "assinante_a": null, "assinante_b": null, "data_inicio": "2025-02-28T21:00", "data_fim": "2025-05-30T21:00", "multi_divergencias": false}}
2025-11-12 18:40:17,895 [INFO] listar_resultados_resposta | {"id_importacao": 11, "pagina": 1, "limite": 25, "total_base": 11313, "total_final": 11313, "aplicou_eot": false, "aplicou_multi": false}
2025-11-12 18:40:28,270 [INFO] processar_conferencia_concluida | {"execucao": 48, "id_importacao_detraf": 11, "id_importacao_cdr": 9, "resumo": {"total": 11512, "conferidos": 10290, "divergentes": 971, "perdidos": 251}}
2025-11-12 18:40:29,217 [INFO] listar_resultados_base | {"id_importacao": 11, "pagina": 1, "limite": 25, "total_base": 9, "filtros": {"status": null, "descritor": null, "gh": null, "apenas_sem_cdr": false, "diferenca_min": null, "eot_divergente": false, "cruza_gh": true, "tarifa": null, "assinante_a": null, "assinante_b": null, "data_inicio": "2025-02-28T21:00", "data_fim": "2025-05-30T21:00", "multi_divergencias": false}}
2025-11-12 18:40:29,217 [INFO] listar_resultados_resposta | {"id_importacao": 11, "pagina": 1, "limite": 25, "total_base": 9, "total_final": 9, "aplicou_eot": false, "aplicou_multi": false}
2025-11-12 18:40:29,311 [INFO] conferencia_resumo | {"id_importacao": 11, "processadas": 11512, "validas": 10290, "invalidas": 1222, "sem_cdr": 251, "delta_tolerancia": 334, "eot_divergente": 217, "multiplas": 0}
2025-11-12 18:40:30,757 [INFO] listar_resultados_base | {"id_importacao": 11, "pagina": 1, "limite": 25, "total_base": 9, "filtros": {"status": null, "descritor": null, "gh": null, "apenas_sem_cdr": false, "diferenca_min": null, "eot_divergente": false, "cruza_gh": true, "tarifa": null, "assinante_a": null, "assinante_b": null, "data_inicio": "2025-02-28T21:00", "data_fim": "2025-05-30T21:00", "multi_divergencias": false}}
2025-11-12 18:40:30,757 [INFO] listar_resultados_resposta | {"id_importacao": 11, "pagina": 1, "limite": 25, "total_base": 9, "total_final": 9, "aplicou_eot": false, "aplicou_multi": false}
2025-11-12 18:42:05,876 [INFO] listar_resultados_base | {"id_importacao": 11, "pagina": 1, "limite": 25, "total_base": 9, "filtros": {"status": null, "descritor": null, "gh": null, "apenas_sem_cdr": false, "diferenca_min": null, "eot_divergente": false, "cruza_gh": true, "tarifa": null, "assinante_a": null, "assinante_b": null, "data_inicio": "2025-02-28T21:00", "data_fim": "2025-05-30T21:00", "multi_divergencias": false}}
2025-11-12 18:42:05,876 [INFO] listar_resultados_resposta | {"id_importacao": 11, "pagina": 1, "limite": 25, "total_base": 9, "total_final": 9, "aplicou_eot": false, "aplicou_multi": false}
2025-11-12 18:42:06,022 [INFO] conferencia_resumo | {"id_importacao": 11, "processadas": 11512, "validas": 10290, "invalidas": 1222, "sem_cdr": 251, "delta_tolerancia": 334, "eot_divergente": 217, "multiplas": 0}
2025-11-12 18:44:05,722 [INFO] listar_resultados_base | {"id_importacao": 11, "pagina": 1, "limite": 25, "total_base": 9, "filtros": {"status": null, "descritor": null, "gh": null, "apenas_sem_cdr": false, "diferenca_min": null, "eot_divergente": false, "cruza_gh": true, "tarifa": null, "assinante_a": null, "assinante_b": null, "data_inicio": "2025-02-28T21:00", "data_fim": "2025-05-30T21:00", "multi_divergencias": false}}
2025-11-12 18:44:05,722 [INFO] listar_resultados_resposta | {"id_importacao": 11, "pagina": 1, "limite": 25, "total_base": 9, "total_final": 9, "aplicou_eot": false, "aplicou_multi": false}
2025-11-12 18:51:11,581 [INFO] listar_resultados_base | {"id_importacao": 11, "pagina": 1, "limite": 25, "total_base": 11313, "filtros": {"status": null, "descritor": null, "gh": null, "apenas_sem_cdr": false, "diferenca_min": null, "eot_divergente": false, "cruza_gh": false, "tarifa": null, "assinante_a": null, "assinante_b": null, "data_inicio": "2025-02-28T21:00", "data_fim": "2025-05-30T21:00", "multi_divergencias": false}}
2025-11-12 18:51:11,582 [INFO] listar_resultados_resposta | {"id_importacao": 11, "pagina": 1, "limite": 25, "total_base": 11313, "total_final": 11313, "aplicou_eot": false, "aplicou_multi": false}
2025-11-12 18:56:20,721 [INFO] listar_resultados_base | {"id_importacao": 11, "pagina": 1, "limite": 25, "total_base": 11512, "filtros": {"status": null, "descritor": null, "gh": null, "apenas_sem_cdr": false, "diferenca_min": null, "eot_divergente": false, "cruza_gh": false, "tarifa": null, "assinante_a": null, "assinante_b": null, "data_inicio": null, "data_fim": null, "multi_divergencias": false}}
2025-11-12 18:56:20,722 [INFO] listar_resultados_resposta | {"id_importacao": 11, "pagina": 1, "limite": 25, "total_base": 11512, "total_final": 11512, "aplicou_eot": false, "aplicou_multi": false}
2025-11-12 18:56:20,924 [INFO] conferencia_resumo | {"id_importacao": 11, "processadas": 11512, "validas": 10290, "invalidas": 1222, "sem_cdr": 251, "delta_tolerancia": 334, "eot_divergente": 217, "multiplas": 0}
2025-11-12 18:56:21,060 [INFO] listar_resultados_base | {"id_importacao": 11, "pagina": 1, "limite": 25, "total_base": 11313, "filtros": {"status": null, "descritor": null, "gh": null, "apenas_sem_cdr": false, "diferenca_min": null, "eot_divergente": false, "cruza_gh": false, "tarifa": null, "assinante_a": null, "assinante_b": null, "data_inicio": "2025-02-28T21:00", "data_fim": "2025-05-30T21:00", "multi_divergencias": false}}
2025-11-12 18:56:21,061 [INFO] listar_resultados_resposta | {"id_importacao": 11, "pagina": 1, "limite": 25, "total_base": 11313, "total_final": 11313, "aplicou_eot": false, "aplicou_multi": false}
2025-11-12 18:56:40,326 [INFO] listar_resultados_base | {"id_importacao": 11, "pagina": 1, "limite": 25, "total_base": 11313, "filtros": {"status": null, "descritor": null, "gh": null, "apenas_sem_cdr": false, "diferenca_min": null, "eot_divergente": false, "cruza_gh": false, "tarifa": null, "assinante_a": null, "assinante_b": null, "data_inicio": "2025-02-28T21:00", "data_fim": "2025-05-30T21:00", "multi_divergencias": false}}
2025-11-12 18:56:40,327 [INFO] listar_resultados_resposta | {"id_importacao": 11, "pagina": 1, "limite": 25, "total_base": 11313, "total_final": 11313, "aplicou_eot": false, "aplicou_multi": false}
2025-11-12 18:56:40,484 [INFO] conferencia_resumo | {"id_importacao": 11, "processadas": 11512, "validas": 10290, "invalidas": 1222, "sem_cdr": 251, "delta_tolerancia": 334, "eot_divergente": 217, "multiplas": 0}
2025-11-12 18:57:04,571 [INFO] listar_resultados_base | {"id_importacao": 11, "pagina": 1, "limite": 25, "total_base": 11313, "filtros": {"status": null, "descritor": null, "gh": null, "apenas_sem_cdr": false, "diferenca_min": null, "eot_divergente": false, "cruza_gh": false, "tarifa": null, "assinante_a": null, "assinante_b": null, "data_inicio": "2025-02-28T21:00", "data_fim": "2025-05-30T21:00", "multi_divergencias": false}}
2025-11-12 18:57:04,571 [INFO] listar_resultados_resposta | {"id_importacao": 11, "pagina": 1, "limite": 25, "total_base": 11313, "total_final": 11313, "aplicou_eot": false, "aplicou_multi": false}
2025-11-12 18:57:04,758 [INFO] conferencia_resumo | {"id_importacao": 11, "processadas": 11512, "validas": 10290, "invalidas": 1222, "sem_cdr": 251, "delta_tolerancia": 334, "eot_divergente": 217, "multiplas": 0}
2025-11-12 18:57:24,254 [INFO] listar_resultados_base | {"id_importacao": 11, "pagina": 1, "limite": 25, "total_base": 11313, "filtros": {"status": null, "descritor": null, "gh": null, "apenas_sem_cdr": false, "diferenca_min": null, "eot_divergente": false, "cruza_gh": false, "tarifa": null, "assinante_a": null, "assinante_b": null, "data_inicio": "2025-02-28T21:00", "data_fim": "2025-05-30T21:00", "multi_divergencias": false}}
2025-11-12 18:57:24,255 [INFO] listar_resultados_resposta | {"id_importacao": 11, "pagina": 1, "limite": 25, "total_base": 11313, "total_final": 11313, "aplicou_eot": false, "aplicou_multi": false}
2025-11-12 18:57:24,438 [INFO] conferencia_resumo | {"id_importacao": 11, "processadas": 11512, "validas": 10290, "invalidas": 1222, "sem_cdr": 251, "delta_tolerancia": 334, "eot_divergente": 217, "multiplas": 0}
2025-11-12 18:57:53,291 [INFO] listar_resultados_base | {"id_importacao": 11, "pagina": 1, "limite": 25, "total_base": 11313, "filtros": {"status": null, "descritor": null, "gh": null, "apenas_sem_cdr": false, "diferenca_min": null, "eot_divergente": false, "cruza_gh": false, "tarifa": null, "assinante_a": null, "assinante_b": null, "data_inicio": "2025-02-28T21:00", "data_fim": "2025-05-30T21:00", "multi_divergencias": false}}
2025-11-12 18:57:53,291 [INFO] listar_resultados_resposta | {"id_importacao": 11, "pagina": 1, "limite": 25, "total_base": 11313, "total_final": 11313, "aplicou_eot": false, "aplicou_multi": false}
2025-11-12 18:57:53,466 [INFO] conferencia_resumo | {"id_importacao": 11, "processadas": 11512, "validas": 10290, "invalidas": 1222, "sem_cdr": 251, "delta_tolerancia": 334, "eot_divergente": 217, "multiplas": 0}
2025-11-12 18:58:14,438 [INFO] listar_resultados_base | {"id_importacao": 11, "pagina": 1, "limite": 25, "total_base": 11313, "filtros": {"status": null, "descritor": null, "gh": null, "apenas_sem_cdr": false, "diferenca_min": null, "eot_divergente": false, "cruza_gh": false, "tarifa": null, "assinante_a": null, "assinante_b": null, "data_inicio": "2025-02-28T21:00", "data_fim": "2025-05-30T21:00", "multi_divergencias": false}}
2025-11-12 18:58:14,439 [INFO] listar_resultados_resposta | {"id_importacao": 11, "pagina": 1, "limite": 25, "total_base": 11313, "total_final": 11313, "aplicou_eot": false, "aplicou_multi": false}
2025-11-12 18:58:14,616 [INFO] conferencia_resumo | {"id_importacao": 11, "processadas": 11512, "validas": 10290, "invalidas": 1222, "sem_cdr": 251, "delta_tolerancia": 334, "eot_divergente": 217, "multiplas": 0}
2025-11-12 18:58:42,496 [INFO] listar_resultados_base | {"id_importacao": 11, "pagina": 1, "limite": 25, "total_base": 11313, "filtros": {"status": null, "descritor": null, "gh": null, "apenas_sem_cdr": false, "diferenca_min": null, "eot_divergente": false, "cruza_gh": false, "tarifa": null, "assinante_a": null, "assinante_b": null, "data_inicio": "2025-02-28T21:00", "data_fim": "2025-05-30T21:00", "multi_divergencias": false}}
2025-11-12 18:58:42,498 [INFO] listar_resultados_resposta | {"id_importacao": 11, "pagina": 1, "limite": 25, "total_base": 11313, "total_final": 11313, "aplicou_eot": false, "aplicou_multi": false}
2025-11-12 18:58:42,677 [INFO] conferencia_resumo | {"id_importacao": 11, "processadas": 11512, "validas": 10290, "invalidas": 1222, "sem_cdr": 251, "delta_tolerancia": 334, "eot_divergente": 217, "multiplas": 0}
2025-11-12 18:59:10,419 [INFO] listar_resultados_base | {"id_importacao": 11, "pagina": 1, "limite": 25, "total_base": 11313, "filtros": {"status": null, "descritor": null, "gh": null, "apenas_sem_cdr": false, "diferenca_min": null, "eot_divergente": false, "cruza_gh": false, "tarifa": null, "assinante_a": null, "assinante_b": null, "data_inicio": "2025-02-28T21:00", "data_fim": "2025-05-30T21:00", "multi_divergencias": false}}
2025-11-12 18:59:10,420 [INFO] listar_resultados_resposta | {"id_importacao": 11, "pagina": 1, "limite": 25, "total_base": 11313, "total_final": 11313, "aplicou_eot": false, "aplicou_multi": false}
2025-11-12 18:59:10,586 [INFO] conferencia_resumo | {"id_importacao": 11, "processadas": 11512, "validas": 10290, "invalidas": 1222, "sem_cdr": 251, "delta_tolerancia": 334, "eot_divergente": 217, "multiplas": 0}
2025-11-12 19:25:58,038 [INFO] listar_resultados_base | {"id_importacao": 11, "pagina": 1, "limite": 25, "total_base": 11313, "filtros": {"status": null, "descritor": null, "gh": null, "apenas_sem_cdr": false, "diferenca_min": null, "eot_divergente": false, "cruza_gh": false, "tarifa": null, "assinante_a": null, "assinante_b": null, "data_inicio": "2025-02-28T21:00", "data_fim": "2025-05-30T21:00", "multi_divergencias": false, "gh_inconsistente": false}}
2025-11-12 19:25:58,040 [INFO] listar_resultados_resposta | {"id_importacao": 11, "pagina": 1, "limite": 25, "total_base": 11313, "total_final": 11313, "aplicou_eot": false, "aplicou_multi": false}
2025-11-12 19:26:23,756 [INFO] listar_resultados_base | {"id_importacao": 11, "pagina": 1, "limite": 25, "total_base": 11313, "filtros": {"status": null, "descritor": null, "gh": null, "apenas_sem_cdr": false, "diferenca_min": null, "eot_divergente": false, "cruza_gh": false, "tarifa": null, "assinante_a": null, "assinante_b": null, "data_inicio": "2025-02-28T21:00", "data_fim": "2025-05-30T21:00", "multi_divergencias": false, "gh_inconsistente": false}}
2025-11-12 19:26:23,757 [INFO] listar_resultados_resposta | {"id_importacao": 11, "pagina": 1, "limite": 25, "total_base": 11313, "total_final": 11313, "aplicou_eot": false, "aplicou_multi": false}
2025-11-12 19:31:03,072 [INFO] listar_resultados_base | {"id_importacao": 11, "pagina": 1, "limite": 25, "total_base": 11512, "filtros": {"status": null, "descritor": null, "gh": null, "apenas_sem_cdr": false, "diferenca_min": null, "eot_divergente": false, "cruza_gh": false, "tarifa": null, "assinante_a": null, "assinante_b": null, "data_inicio": null, "data_fim": null, "multi_divergencias": false, "gh_inconsistente": false}}
2025-11-12 19:31:03,073 [INFO] listar_resultados_resposta | {"id_importacao": 11, "pagina": 1, "limite": 25, "total_base": 11512, "total_final": 11512, "aplicou_eot": false, "aplicou_multi": false}
2025-11-12 19:31:11,523 [INFO] listar_resultados_base | {"id_importacao": 11, "pagina": 1, "limite": 25, "total_base": 11512, "filtros": {"status": null, "descritor": null, "gh": null, "apenas_sem_cdr": false, "diferenca_min": null, "eot_divergente": false, "cruza_gh": false, "tarifa": null, "assinante_a": null, "assinante_b": null, "data_inicio": null, "data_fim": null, "multi_divergencias": false, "gh_inconsistente": false}}
2025-11-12 19:31:11,523 [INFO] listar_resultados_resposta | {"id_importacao": 11, "pagina": 1, "limite": 25, "total_base": 11512, "total_final": 11512, "aplicou_eot": false, "aplicou_multi": false}
2025-11-12 19:40:48,983 [INFO] listar_resultados_base | {"id_importacao": 11, "pagina": 1, "limite": 25, "total_base": 11512, "filtros": {"status": null, "descritor": null, "gh": null, "apenas_sem_cdr": false, "diferenca_min": null, "eot_divergente": false, "cruza_gh": false, "tarifa": null, "assinante_a": null, "assinante_b": null, "data_inicio": null, "data_fim": null, "multi_divergencias": false, "gh_inconsistente": false}}
2025-11-12 19:40:48,983 [INFO] listar_resultados_resposta | {"id_importacao": 11, "pagina": 1, "limite": 25, "total_base": 11512, "total_final": 11512, "aplicou_eot": false, "aplicou_multi": false}
2025-11-12 19:40:53,246 [INFO] listar_resultados_base | {"id_importacao": 11, "pagina": 1, "limite": 25, "total_base": 11512, "filtros": {"status": null, "descritor": null, "gh": null, "apenas_sem_cdr": false, "diferenca_min": null, "eot_divergente": false, "cruza_gh": false, "tarifa": null, "assinante_a": null, "assinante_b": null, "data_inicio": null, "data_fim": null, "multi_divergencias": false, "gh_inconsistente": false}}
2025-11-12 19:40:53,247 [INFO] listar_resultados_resposta | {"id_importacao": 11, "pagina": 1, "limite": 25, "total_base": 11512, "total_final": 11512, "aplicou_eot": false, "aplicou_multi": false}
2025-11-12 19:41:01,472 [INFO] listar_resultados_base | {"id_importacao": 11, "pagina": 1, "limite": 25, "total_base": 11512, "filtros": {"status": null, "descritor": null, "gh": null, "apenas_sem_cdr": false, "diferenca_min": null, "eot_divergente": false, "cruza_gh": false, "tarifa": null, "assinante_a": null, "assinante_b": null, "data_inicio": null, "data_fim": null, "multi_divergencias": false, "gh_inconsistente": false}}
2025-11-12 19:41:01,473 [INFO] listar_resultados_resposta | {"id_importacao": 11, "pagina": 1, "limite": 25, "total_base": 11512, "total_final": 11512, "aplicou_eot": false, "aplicou_multi": false}
2025-11-12 19:41:08,612 [INFO] listar_resultados_base | {"id_importacao": 11, "pagina": 1, "limite": 25, "total_base": 11512, "filtros": {"status": null, "descritor": null, "gh": null, "apenas_sem_cdr": false, "diferenca_min": null, "eot_divergente": false, "cruza_gh": false, "tarifa": null, "assinante_a": null, "assinante_b": null, "data_inicio": null, "data_fim": null, "multi_divergencias": false, "gh_inconsistente": false}}
2025-11-12 19:41:08,613 [INFO] listar_resultados_resposta | {"id_importacao": 11, "pagina": 1, "limite": 25, "total_base": 11512, "total_final": 11512, "aplicou_eot": false, "aplicou_multi": false}
2025-11-12 19:41:11,860 [INFO] listar_resultados_base | {"id_importacao": 11, "pagina": 1, "limite": 25, "total_base": 11512, "filtros": {"status": null, "descritor": null, "gh": null, "apenas_sem_cdr": false, "diferenca_min": null, "eot_divergente": false, "cruza_gh": false, "tarifa": null, "assinante_a": null, "assinante_b": null, "data_inicio": null, "data_fim": null, "multi_divergencias": false, "gh_inconsistente": false}}
2025-11-12 19:41:11,861 [INFO] listar_resultados_resposta | {"id_importacao": 11, "pagina": 1, "limite": 25, "total_base": 11512, "total_final": 11512, "aplicou_eot": false, "aplicou_multi": false}
2025-11-12 19:41:16,038 [INFO] listar_resultados_base | {"id_importacao": 11, "pagina": 1, "limite": 25, "total_base": 11512, "filtros": {"status": null, "descritor": null, "gh": null, "apenas_sem_cdr": false, "diferenca_min": null, "eot_divergente": false, "cruza_gh": false, "tarifa": null, "assinante_a": null, "assinante_b": null, "data_inicio": null, "data_fim": null, "multi_divergencias": false, "gh_inconsistente": false}}
2025-11-12 19:41:16,039 [INFO] listar_resultados_resposta | {"id_importacao": 11, "pagina": 1, "limite": 25, "total_base": 11512, "total_final": 11512, "aplicou_eot": false, "aplicou_multi": false}
2025-11-12 19:41:34,890 [INFO] listar_resultados_base | {"id_importacao": 11, "pagina": 1, "limite": 25, "total_base": 11512, "filtros": {"status": null, "descritor": null, "gh": null, "apenas_sem_cdr": false, "diferenca_min": null, "eot_divergente": false, "cruza_gh": false, "tarifa": null, "assinante_a": null, "assinante_b": null, "data_inicio": null, "data_fim": null, "multi_divergencias": false, "gh_inconsistente": false}}
2025-11-12 19:41:34,890 [INFO] listar_resultados_resposta | {"id_importacao": 11, "pagina": 1, "limite": 25, "total_base": 11512, "total_final": 11512, "aplicou_eot": false, "aplicou_multi": false}
2025-11-12 19:42:08,583 [INFO] listar_resultados_base | {"id_importacao": 11, "pagina": 1, "limite": 25, "total_base": 11512, "filtros": {"status": null, "descritor": null, "gh": null, "apenas_sem_cdr": false, "diferenca_min": null, "eot_divergente": false, "cruza_gh": false, "tarifa": null, "assinante_a": null, "assinante_b": null, "data_inicio": null, "data_fim": null, "multi_divergencias": false, "gh_inconsistente": false}}
2025-11-12 19:42:08,583 [INFO] listar_resultados_resposta | {"id_importacao": 11, "pagina": 1, "limite": 25, "total_base": 11512, "total_final": 11512, "aplicou_eot": false, "aplicou_multi": false}
2025-11-12 19:42:21,446 [INFO] listar_resultados_base | {"id_importacao": 11, "pagina": 1, "limite": 25, "total_base": 11512, "filtros": {"status": null, "descritor": null, "gh": null, "apenas_sem_cdr": false, "diferenca_min": null, "eot_divergente": false, "cruza_gh": false, "tarifa": null, "assinante_a": null, "assinante_b": null, "data_inicio": null, "data_fim": null, "multi_divergencias": false, "gh_inconsistente": false}}
2025-11-12 19:42:21,447 [INFO] listar_resultados_resposta | {"id_importacao": 11, "pagina": 1, "limite": 25, "total_base": 11512, "total_final": 11512, "aplicou_eot": false, "aplicou_multi": false}
2025-11-12 19:42:25,576 [INFO] listar_resultados_base | {"id_importacao": 11, "pagina": 1, "limite": 25, "total_base": 11512, "filtros": {"status": null, "descritor": null, "gh": null, "apenas_sem_cdr": false, "diferenca_min": null, "eot_divergente": false, "cruza_gh": false, "tarifa": null, "assinante_a": null, "assinante_b": null, "data_inicio": null, "data_fim": null, "multi_divergencias": false, "gh_inconsistente": false}}
2025-11-12 19:42:25,576 [INFO] listar_resultados_resposta | {"id_importacao": 11, "pagina": 1, "limite": 25, "total_base": 11512, "total_final": 11512, "aplicou_eot": false, "aplicou_multi": false}
2025-11-12 19:42:29,672 [INFO] listar_resultados_base | {"id_importacao": 11, "pagina": 1, "limite": 25, "total_base": 11512, "filtros": {"status": null, "descritor": null, "gh": null, "apenas_sem_cdr": false, "diferenca_min": null, "eot_divergente": false, "cruza_gh": false, "tarifa": null, "assinante_a": null, "assinante_b": null, "data_inicio": null, "data_fim": null, "multi_divergencias": false, "gh_inconsistente": false}}
2025-11-12 19:42:29,673 [INFO] listar_resultados_resposta | {"id_importacao": 11, "pagina": 1, "limite": 25, "total_base": 11512, "total_final": 11512, "aplicou_eot": false, "aplicou_multi": false}
2025-11-12 19:44:52,285 [INFO] listar_resultados_base | {"id_importacao": 11, "pagina": 1, "limite": 25, "total_base": 11512, "filtros": {"status": null, "descritor": null, "gh": null, "apenas_sem_cdr": false, "diferenca_min": null, "eot_divergente": false, "cruza_gh": false, "tarifa": null, "assinante_a": null, "assinante_b": null, "data_inicio": null, "data_fim": null, "multi_divergencias": false, "gh_inconsistente": false}}
2025-11-12 19:44:52,286 [INFO] listar_resultados_resposta | {"id_importacao": 11, "pagina": 1, "limite": 25, "total_base": 11512, "total_final": 11512, "aplicou_eot": false, "aplicou_multi": false}
2025-11-12 19:45:21,207 [INFO] listar_resultados_base | {"id_importacao": 11, "pagina": 1, "limite": 25, "total_base": 11512, "filtros": {"status": null, "descritor": null, "gh": null, "apenas_sem_cdr": false, "diferenca_min": null, "eot_divergente": false, "cruza_gh": false, "tarifa": null, "assinante_a": null, "assinante_b": null, "data_inicio": null, "data_fim": null, "multi_divergencias": false, "gh_inconsistente": false}}
2025-11-12 19:45:21,208 [INFO] listar_resultados_resposta | {"id_importacao": 11, "pagina": 1, "limite": 25, "total_base": 11512, "total_final": 11512, "aplicou_eot": false, "aplicou_multi": false}
2025-11-12 19:45:38,036 [INFO] listar_resultados_base | {"id_importacao": 11, "pagina": 1, "limite": 25, "total_base": 11512, "filtros": {"status": null, "descritor": null, "gh": null, "apenas_sem_cdr": false, "diferenca_min": null, "eot_divergente": false, "cruza_gh": false, "tarifa": null, "assinante_a": null, "assinante_b": null, "data_inicio": null, "data_fim": null, "multi_divergencias": false, "gh_inconsistente": false}}
2025-11-12 19:45:38,037 [INFO] listar_resultados_resposta | {"id_importacao": 11, "pagina": 1, "limite": 25, "total_base": 11512, "total_final": 11512, "aplicou_eot": false, "aplicou_multi": false}
2025-11-12 19:45:46,881 [INFO] listar_resultados_base | {"id_importacao": 11, "pagina": 1, "limite": 25, "total_base": 11512, "filtros": {"status": null, "descritor": null, "gh": null, "apenas_sem_cdr": false, "diferenca_min": null, "eot_divergente": false, "cruza_gh": false, "tarifa": null, "assinante_a": null, "assinante_b": null, "data_inicio": null, "data_fim": null, "multi_divergencias": false, "gh_inconsistente": false}}
2025-11-12 19:45:46,882 [INFO] listar_resultados_resposta | {"id_importacao": 11, "pagina": 1, "limite": 25, "total_base": 11512, "total_final": 11512, "aplicou_eot": false, "aplicou_multi": false}
2025-11-12 19:47:38,508 [INFO] listar_resultados_base | {"id_importacao": 11, "pagina": 1, "limite": 25, "total_base": 11512, "filtros": {"status": null, "descritor": null, "gh": null, "apenas_sem_cdr": false, "diferenca_min": null, "eot_divergente": false, "cruza_gh": false, "tarifa": null, "assinante_a": null, "assinante_b": null, "data_inicio": null, "data_fim": null, "multi_divergencias": false, "gh_inconsistente": false}}
2025-11-12 19:47:38,509 [INFO] listar_resultados_resposta | {"id_importacao": 11, "pagina": 1, "limite": 25, "total_base": 11512, "total_final": 11512, "aplicou_eot": false, "aplicou_multi": false}
2025-11-12 19:47:40,810 [INFO] listar_resultados_base | {"id_importacao": 11, "pagina": 1, "limite": 25, "total_base": 11512, "filtros": {"status": null, "descritor": null, "gh": null, "apenas_sem_cdr": false, "diferenca_min": null, "eot_divergente": false, "cruza_gh": false, "tarifa": null, "assinante_a": null, "assinante_b": null, "data_inicio": null, "data_fim": null, "multi_divergencias": false, "gh_inconsistente": false}}
2025-11-12 19:47:40,811 [INFO] listar_resultados_resposta | {"id_importacao": 11, "pagina": 1, "limite": 25, "total_base": 11512, "total_final": 11512, "aplicou_eot": false, "aplicou_multi": false}
2025-11-12 19:47:57,646 [INFO] processar_conferencia_inicio | {"execucao": 49, "id_cliente": 1, "id_importacao_detraf": 11, "id_importacao_cdr": 9}
2025-11-12 19:48:11,077 [INFO] processar_conferencia_concluida | {"execucao": 49, "id_importacao_detraf": 11, "id_importacao_cdr": 9, "resumo": {"total": 11512, "conferidos": 10290, "divergentes": 971, "perdidos": 251}}
2025-11-12 19:48:11,706 [INFO] listar_resultados_base | {"id_importacao": 11, "pagina": 1, "limite": 25, "total_base": 11512, "filtros": {"status": null, "descritor": null, "gh": null, "apenas_sem_cdr": false, "diferenca_min": null, "eot_divergente": false, "cruza_gh": false, "tarifa": null, "assinante_a": null, "assinante_b": null, "data_inicio": null, "data_fim": null, "multi_divergencias": false, "gh_inconsistente": false}}
2025-11-12 19:48:11,707 [INFO] listar_resultados_resposta | {"id_importacao": 11, "pagina": 1, "limite": 25, "total_base": 11512, "total_final": 11512, "aplicou_eot": false, "aplicou_multi": false}
2025-11-12 19:48:18,856 [INFO] listar_resultados_base | {"id_importacao": 11, "pagina": 1, "limite": 25, "total_base": 11512, "filtros": {"status": null, "descritor": null, "gh": null, "apenas_sem_cdr": false, "diferenca_min": null, "eot_divergente": false, "cruza_gh": false, "tarifa": null, "assinante_a": null, "assinante_b": null, "data_inicio": null, "data_fim": null, "multi_divergencias": false, "gh_inconsistente": false}}
2025-11-12 19:48:18,856 [INFO] listar_resultados_resposta | {"id_importacao": 11, "pagina": 1, "limite": 25, "total_base": 11512, "total_final": 11512, "aplicou_eot": false, "aplicou_multi": false}
2025-11-12 19:48:53,858 [INFO] listar_resultados_base | {"id_importacao": 11, "pagina": 1, "limite": 25, "total_base": 11512, "filtros": {"status": null, "descritor": null, "gh": null, "apenas_sem_cdr": false, "diferenca_min": null, "eot_divergente": false, "cruza_gh": false, "tarifa": null, "assinante_a": null, "assinante_b": null, "data_inicio": null, "data_fim": null, "multi_divergencias": false, "gh_inconsistente": false}}
2025-11-12 19:48:53,859 [INFO] listar_resultados_resposta | {"id_importacao": 11, "pagina": 1, "limite": 25, "total_base": 11512, "total_final": 11512, "aplicou_eot": false, "aplicou_multi": false}
2025-11-12 19:52:37,394 [INFO] listar_resultados_base | {"id_importacao": 11, "pagina": 1, "limite": 25, "total_base": 11512, "filtros": {"status": null, "descritor": null, "gh": null, "apenas_sem_cdr": false, "diferenca_min": null, "eot_divergente": false, "cruza_gh": false, "tarifa": null, "assinante_a": null, "assinante_b": null, "data_inicio": null, "data_fim": null, "multi_divergencias": false, "gh_inconsistente": false}}
2025-11-12 19:52:37,396 [INFO] listar_resultados_resposta | {"id_importacao": 11, "pagina": 1, "limite": 25, "total_base": 11512, "total_final": 11512, "aplicou_eot": false, "aplicou_multi": false}
2025-11-12 19:52:37,642 [INFO] conferencia_resumo | {"id_importacao": 11, "processadas": 11512, "validas": 10290, "invalidas": 1222, "sem_cdr": 251, "delta_tolerancia": 334, "eot_divergente": 217, "multiplas": 0}
2025-11-12 19:52:37,772 [INFO] listar_resultados_base | {"id_importacao": 11, "pagina": 1, "limite": 25, "total_base": 11313, "filtros": {"status": null, "descritor": null, "gh": null, "apenas_sem_cdr": false, "diferenca_min": null, "eot_divergente": false, "cruza_gh": false, "tarifa": null, "assinante_a": null, "assinante_b": null, "data_inicio": "2025-02-28T21:00", "data_fim": "2025-05-30T21:00", "multi_divergencias": false, "gh_inconsistente": false}}
2025-11-12 19:52:37,773 [INFO] listar_resultados_resposta | {"id_importacao": 11, "pagina": 1, "limite": 25, "total_base": 11313, "total_final": 11313, "aplicou_eot": false, "aplicou_multi": false}
2025-11-12 19:52:54,462 [INFO] listar_resultados_base | {"id_importacao": 11, "pagina": 1, "limite": 25, "total_base": 11512, "filtros": {"status": null, "descritor": null, "gh": null, "apenas_sem_cdr": false, "diferenca_min": null, "eot_divergente": false, "cruza_gh": false, "tarifa": "VU-M", "assinante_a": null, "assinante_b": null, "data_inicio": null, "data_fim": null, "multi_divergencias": false, "gh_inconsistente": false}}
2025-11-12 19:52:54,463 [INFO] listar_resultados_resposta | {"id_importacao": 11, "pagina": 1, "limite": 25, "total_base": 11512, "total_final": 11512, "aplicou_eot": false, "aplicou_multi": false}
2025-11-12 19:59:27,639 [INFO] listar_resultados_base | {"id_importacao": 11, "pagina": 1, "limite": 25, "total_base": 11512, "filtros": {"status": null, "descritor": null, "gh": null, "apenas_sem_cdr": false, "diferenca_min": null, "eot_divergente": false, "cruza_gh": false, "tarifa": "VU-M", "assinante_a": null, "assinante_b": null, "data_inicio": null, "data_fim": null, "multi_divergencias": false, "gh_inconsistente": false}}
2025-11-12 19:59:27,641 [INFO] listar_resultados_resposta | {"id_importacao": 11, "pagina": 1, "limite": 25, "total_base": 11512, "total_final": 11512, "aplicou_eot": false, "aplicou_multi": false}
2025-11-12 19:59:27,733 [INFO] listar_resultados_base | {"id_importacao": 11, "pagina": 1, "limite": 25, "total_base": 11313, "filtros": {"status": null, "descritor": null, "gh": null, "apenas_sem_cdr": false, "diferenca_min": null, "eot_divergente": false, "cruza_gh": false, "tarifa": "VU-M", "assinante_a": null, "assinante_b": null, "data_inicio": "2025-02-28T21:00", "data_fim": "2025-05-30T21:00", "multi_divergencias": false, "gh_inconsistente": false}}
2025-11-12 19:59:27,734 [INFO] listar_resultados_resposta | {"id_importacao": 11, "pagina": 1, "limite": 25, "total_base": 11313, "total_final": 11313, "aplicou_eot": false, "aplicou_multi": false}
2025-11-12 19:59:27,802 [INFO] conferencia_resumo | {"id_importacao": 11, "processadas": 11512, "validas": 10290, "invalidas": 1222, "sem_cdr": 251, "delta_tolerancia": 334, "eot_divergente": 217, "multiplas": 0}
2025-11-12 19:59:40,631 [INFO] listar_resultados_base | {"id_importacao": 11, "pagina": 1, "limite": 25, "total_base": 11313, "filtros": {"status": null, "descritor": null, "gh": null, "apenas_sem_cdr": false, "diferenca_min": null, "eot_divergente": false, "cruza_gh": false, "tarifa": "VU-M", "assinante_a": null, "assinante_b": null, "data_inicio": "2025-02-28T21:00", "data_fim": "2025-05-30T21:00", "multi_divergencias": false, "gh_inconsistente": false}}
2025-11-12 19:59:40,631 [INFO] listar_resultados_resposta | {"id_importacao": 11, "pagina": 1, "limite": 25, "total_base": 11313, "total_final": 11313, "aplicou_eot": false, "aplicou_multi": false}
2025-11-12 19:59:40,775 [INFO] conferencia_resumo | {"id_importacao": 11, "processadas": 11512, "validas": 10290, "invalidas": 1222, "sem_cdr": 251, "delta_tolerancia": 334, "eot_divergente": 217, "multiplas": 0}
2025-11-12 19:59:46,739 [INFO] listar_resultados_base | {"id_importacao": 11, "pagina": 1, "limite": 25, "total_base": 11313, "filtros": {"status": null, "descritor": null, "gh": null, "apenas_sem_cdr": false, "diferenca_min": null, "eot_divergente": false, "cruza_gh": false, "tarifa": "VU-M", "assinante_a": null, "assinante_b": null, "data_inicio": "2025-02-28T21:00", "data_fim": "2025-05-30T21:00", "multi_divergencias": false, "gh_inconsistente": false}}
2025-11-12 19:59:46,740 [INFO] listar_resultados_resposta | {"id_importacao": 11, "pagina": 1, "limite": 25, "total_base": 11313, "total_final": 11313, "aplicou_eot": false, "aplicou_multi": false}
2025-11-12 19:59:46,895 [INFO] conferencia_resumo | {"id_importacao": 11, "processadas": 11512, "validas": 10290, "invalidas": 1222, "sem_cdr": 251, "delta_tolerancia": 334, "eot_divergente": 217, "multiplas": 0}
2025-11-12 20:00:00,703 [INFO] listar_resultados_base | {"id_importacao": 11, "pagina": 1, "limite": 25, "total_base": 11313, "filtros": {"status": null, "descritor": null, "gh": null, "apenas_sem_cdr": false, "diferenca_min": null, "eot_divergente": false, "cruza_gh": false, "tarifa": "VU-M", "assinante_a": null, "assinante_b": null, "data_inicio": "2025-02-28T21:00", "data_fim": "2025-05-30T21:00", "multi_divergencias": false, "gh_inconsistente": false}}
2025-11-12 20:00:00,704 [INFO] listar_resultados_resposta | {"id_importacao": 11, "pagina": 1, "limite": 25, "total_base": 11313, "total_final": 11313, "aplicou_eot": false, "aplicou_multi": false}
2025-11-12 20:00:00,874 [INFO] conferencia_resumo | {"id_importacao": 11, "processadas": 11512, "validas": 10290, "invalidas": 1222, "sem_cdr": 251, "delta_tolerancia": 334, "eot_divergente": 217, "multiplas": 0}
2025-11-12 20:00:08,286 [INFO] listar_resultados_base | {"id_importacao": 11, "pagina": 1, "limite": 25, "total_base": 11313, "filtros": {"status": null, "descritor": null, "gh": null, "apenas_sem_cdr": false, "diferenca_min": null, "eot_divergente": false, "cruza_gh": false, "tarifa": "VU-M", "assinante_a": null, "assinante_b": null, "data_inicio": "2025-02-28T21:00", "data_fim": "2025-05-30T21:00", "multi_divergencias": false, "gh_inconsistente": false}}
2025-11-12 20:00:08,287 [INFO] listar_resultados_resposta | {"id_importacao": 11, "pagina": 1, "limite": 25, "total_base": 11313, "total_final": 11313, "aplicou_eot": false, "aplicou_multi": false}
2025-11-12 20:00:08,470 [INFO] conferencia_resumo | {"id_importacao": 11, "processadas": 11512, "validas": 10290, "invalidas": 1222, "sem_cdr": 251, "delta_tolerancia": 334, "eot_divergente": 217, "multiplas": 0}
2025-11-12 20:00:14,325 [INFO] listar_resultados_base | {"id_importacao": 11, "pagina": 1, "limite": 25, "total_base": 11313, "filtros": {"status": null, "descritor": null, "gh": null, "apenas_sem_cdr": false, "diferenca_min": null, "eot_divergente": false, "cruza_gh": false, "tarifa": "VU-M", "assinante_a": null, "assinante_b": null, "data_inicio": "2025-02-28T21:00", "data_fim": "2025-05-30T21:00", "multi_divergencias": false, "gh_inconsistente": false}}
2025-11-12 20:00:14,325 [INFO] listar_resultados_resposta | {"id_importacao": 11, "pagina": 1, "limite": 25, "total_base": 11313, "total_final": 11313, "aplicou_eot": false, "aplicou_multi": false}
2025-11-12 20:00:14,510 [INFO] conferencia_resumo | {"id_importacao": 11, "processadas": 11512, "validas": 10290, "invalidas": 1222, "sem_cdr": 251, "delta_tolerancia": 334, "eot_divergente": 217, "multiplas": 0}
2025-11-12 20:02:37,171 [INFO] listar_resultados_base | {"id_importacao": 11, "pagina": 1, "limite": 25, "total_base": 11313, "filtros": {"status": null, "descritor": null, "gh": null, "apenas_sem_cdr": false, "diferenca_min": null, "eot_divergente": false, "cruza_gh": false, "tarifa": "VU-M", "assinante_a": null, "assinante_b": null, "data_inicio": "2025-02-28T21:00", "data_fim": "2025-05-30T21:00", "multi_divergencias": false, "gh_inconsistente": false}}
2025-11-12 20:02:37,171 [INFO] listar_resultados_resposta | {"id_importacao": 11, "pagina": 1, "limite": 25, "total_base": 11313, "total_final": 11313, "aplicou_eot": false, "aplicou_multi": false}
2025-11-12 20:02:37,364 [INFO] conferencia_resumo | {"id_importacao": 11, "processadas": 11512, "validas": 10290, "invalidas": 1222, "sem_cdr": 251, "delta_tolerancia": 334, "eot_divergente": 217, "multiplas": 0}
2025-11-12 20:02:54,811 [INFO] listar_resultados_base | {"id_importacao": 11, "pagina": 1, "limite": 25, "total_base": 11313, "filtros": {"status": null, "descritor": null, "gh": null, "apenas_sem_cdr": false, "diferenca_min": null, "eot_divergente": false, "cruza_gh": false, "tarifa": "VU-M", "assinante_a": null, "assinante_b": null, "data_inicio": "2025-02-28T21:00", "data_fim": "2025-05-30T21:00", "multi_divergencias": false, "gh_inconsistente": false}}
2025-11-12 20:02:54,812 [INFO] listar_resultados_resposta | {"id_importacao": 11, "pagina": 1, "limite": 25, "total_base": 11313, "total_final": 11313, "aplicou_eot": false, "aplicou_multi": false}
2025-11-12 20:02:54,962 [INFO] conferencia_resumo | {"id_importacao": 11, "processadas": 11512, "validas": 10290, "invalidas": 1222, "sem_cdr": 251, "delta_tolerancia": 334, "eot_divergente": 217, "multiplas": 0}
2025-11-12 20:11:29,926 [INFO] listar_resultados_base | {"id_importacao": 11, "pagina": 1, "limite": 25, "total_base": 11313, "filtros": {"status": null, "descritor": null, "gh": null, "apenas_sem_cdr": false, "diferenca_min": null, "eot_divergente": false, "cruza_gh": false, "tarifa": "VU-M", "assinante_a": null, "assinante_b": null, "data_inicio": "2025-02-28T21:00", "data_fim": "2025-05-30T21:00", "multi_divergencias": false, "gh_inconsistente": false}}
2025-11-12 20:11:29,927 [INFO] listar_resultados_resposta | {"id_importacao": 11, "pagina": 1, "limite": 25, "total_base": 11313, "total_final": 11313, "aplicou_eot": false, "aplicou_multi": false}
2025-11-12 20:11:30,081 [INFO] conferencia_resumo | {"id_importacao": 11, "processadas": 11512, "validas": 10290, "invalidas": 1222, "sem_cdr": 251, "delta_tolerancia": 334, "eot_divergente": 217, "multiplas": 0}
2025-11-12 20:12:48,962 [INFO] listar_resultados_base | {"id_importacao": 11, "pagina": 1, "limite": 25, "total_base": 11512, "filtros": {"status": null, "descritor": null, "gh": null, "apenas_sem_cdr": false, "diferenca_min": null, "eot_divergente": false, "cruza_gh": false, "tarifa": null, "assinante_a": null, "assinante_b": null, "data_inicio": null, "data_fim": null, "multi_divergencias": false, "gh_inconsistente": false}}
2025-11-12 20:12:48,963 [INFO] listar_resultados_resposta | {"id_importacao": 11, "pagina": 1, "limite": 25, "total_base": 11512, "total_final": 11512, "aplicou_eot": false, "aplicou_multi": false}
2025-11-12 20:12:49,216 [INFO] conferencia_resumo | {"id_importacao": 11, "processadas": 11512, "validas": 10290, "invalidas": 1222, "sem_cdr": 251, "delta_tolerancia": 334, "eot_divergente": 217, "multiplas": 0}
2025-11-12 20:12:49,365 [INFO] listar_resultados_base | {"id_importacao": 11, "pagina": 1, "limite": 25, "total_base": 11313, "filtros": {"status": null, "descritor": null, "gh": null, "apenas_sem_cdr": false, "diferenca_min": null, "eot_divergente": false, "cruza_gh": false, "tarifa": null, "assinante_a": null, "assinante_b": null, "data_inicio": "2025-02-28T21:00", "data_fim": "2025-05-30T21:00", "multi_divergencias": false, "gh_inconsistente": false}}
2025-11-12 20:12:49,365 [INFO] listar_resultados_resposta | {"id_importacao": 11, "pagina": 1, "limite": 25, "total_base": 11313, "total_final": 11313, "aplicou_eot": false, "aplicou_multi": false}
2025-11-12 20:13:01,660 [INFO] listar_resultados_base | {"id_importacao": 11, "pagina": 1, "limite": 25, "total_base": 11313, "filtros": {"status": null, "descritor": null, "gh": null, "apenas_sem_cdr": false, "diferenca_min": null, "eot_divergente": false, "cruza_gh": false, "tarifa": null, "assinante_a": null, "assinante_b": null, "data_inicio": "2025-02-28T21:00", "data_fim": "2025-05-30T21:00", "multi_divergencias": false, "gh_inconsistente": false}}
2025-11-12 20:13:01,660 [INFO] listar_resultados_resposta | {"id_importacao": 11, "pagina": 1, "limite": 25, "total_base": 11313, "total_final": 11313, "aplicou_eot": false, "aplicou_multi": false}
2025-11-12 20:13:01,886 [INFO] conferencia_resumo | {"id_importacao": 11, "processadas": 11512, "validas": 10290, "invalidas": 1222, "sem_cdr": 251, "delta_tolerancia": 334, "eot_divergente": 217, "multiplas": 0}
2025-11-12 20:13:38,837 [INFO] listar_resultados_base | {"id_importacao": 11, "pagina": 1, "limite": 25, "total_base": 11313, "filtros": {"status": null, "descritor": null, "gh": null, "apenas_sem_cdr": false, "diferenca_min": null, "eot_divergente": false, "cruza_gh": false, "tarifa": null, "assinante_a": null, "assinante_b": null, "data_inicio": "2025-02-28T21:00", "data_fim": "2025-05-30T21:00", "multi_divergencias": false, "gh_inconsistente": false}}
2025-11-12 20:13:38,837 [INFO] listar_resultados_resposta | {"id_importacao": 11, "pagina": 1, "limite": 25, "total_base": 11313, "total_final": 11313, "aplicou_eot": false, "aplicou_multi": false}
2025-11-12 20:13:39,051 [INFO] conferencia_resumo | {"id_importacao": 11, "processadas": 11512, "validas": 10290, "invalidas": 1222, "sem_cdr": 251, "delta_tolerancia": 334, "eot_divergente": 217, "multiplas": 0}
2025-11-12 20:13:48,595 [INFO] listar_resultados_base | {"id_importacao": 11, "pagina": 1, "limite": 25, "total_base": 11313, "filtros": {"status": null, "descritor": null, "gh": null, "apenas_sem_cdr": false, "diferenca_min": null, "eot_divergente": false, "cruza_gh": false, "tarifa": null, "assinante_a": null, "assinante_b": null, "data_inicio": "2025-02-28T21:00", "data_fim": "2025-05-30T21:00", "multi_divergencias": false, "gh_inconsistente": false}}
2025-11-12 20:13:48,596 [INFO] listar_resultados_resposta | {"id_importacao": 11, "pagina": 1, "limite": 25, "total_base": 11313, "total_final": 11313, "aplicou_eot": false, "aplicou_multi": false}
2025-11-12 20:13:48,816 [INFO] conferencia_resumo | {"id_importacao": 11, "processadas": 11512, "validas": 10290, "invalidas": 1222, "sem_cdr": 251, "delta_tolerancia": 334, "eot_divergente": 217, "multiplas": 0}
2025-11-12 20:13:57,401 [INFO] listar_resultados_base | {"id_importacao": 11, "pagina": 1, "limite": 25, "total_base": 11313, "filtros": {"status": null, "descritor": null, "gh": null, "apenas_sem_cdr": false, "diferenca_min": null, "eot_divergente": false, "cruza_gh": false, "tarifa": null, "assinante_a": null, "assinante_b": null, "data_inicio": "2025-02-28T21:00", "data_fim": "2025-05-30T21:00", "multi_divergencias": false, "gh_inconsistente": false}}
2025-11-12 20:13:57,406 [INFO] listar_resultados_resposta | {"id_importacao": 11, "pagina": 1, "limite": 25, "total_base": 11313, "total_final": 11313, "aplicou_eot": false, "aplicou_multi": false}
2025-11-12 20:13:57,626 [INFO] conferencia_resumo | {"id_importacao": 11, "processadas": 11512, "validas": 10290, "invalidas": 1222, "sem_cdr": 251, "delta_tolerancia": 334, "eot_divergente": 217, "multiplas": 0}
2025-11-12 20:19:48,578 [INFO] listar_resultados_base | {"id_importacao": 11, "pagina": 1, "limite": 25, "total_base": 11512, "filtros": {"status": null, "descritor": null, "gh": null, "apenas_sem_cdr": false, "diferenca_min": null, "eot_divergente": false, "cruza_gh": false, "tarifa": null, "assinante_a": null, "assinante_b": null, "data_inicio": null, "data_fim": null, "multi_divergencias": false, "gh_inconsistente": false}}
2025-11-12 20:19:48,580 [INFO] listar_resultados_resposta | {"id_importacao": 11, "pagina": 1, "limite": 25, "total_base": 11512, "total_final": 11512, "aplicou_eot": false, "aplicou_multi": false}
2025-11-12 20:19:48,861 [INFO] conferencia_resumo | {"id_importacao": 11, "processadas": 11512, "validas": 10290, "invalidas": 1222, "sem_cdr": 251, "delta_tolerancia": 334, "eot_divergente": 217, "multiplas": 0}
2025-11-12 20:19:48,994 [INFO] listar_resultados_base | {"id_importacao": 11, "pagina": 1, "limite": 25, "total_base": 11313, "filtros": {"status": null, "descritor": null, "gh": null, "apenas_sem_cdr": false, "diferenca_min": null, "eot_divergente": false, "cruza_gh": false, "tarifa": null, "assinante_a": null, "assinante_b": null, "data_inicio": "2025-02-28T21:00", "data_fim": "2025-05-30T21:00", "multi_divergencias": false, "gh_inconsistente": false}}
2025-11-12 20:19:48,995 [INFO] listar_resultados_resposta | {"id_importacao": 11, "pagina": 1, "limite": 25, "total_base": 11313, "total_final": 11313, "aplicou_eot": false, "aplicou_multi": false}
2025-11-12 20:19:55,863 [INFO] listar_resultados_base | {"id_importacao": 11, "pagina": 1, "limite": 25, "total_base": 11313, "filtros": {"status": null, "descritor": null, "gh": null, "apenas_sem_cdr": false, "diferenca_min": null, "eot_divergente": false, "cruza_gh": false, "tarifa": null, "assinante_a": null, "assinante_b": null, "data_inicio": "2025-02-28T21:00", "data_fim": "2025-05-30T21:00", "multi_divergencias": false, "gh_inconsistente": false}}
2025-11-12 20:19:55,864 [INFO] listar_resultados_resposta | {"id_importacao": 11, "pagina": 1, "limite": 25, "total_base": 11313, "total_final": 11313, "aplicou_eot": false, "aplicou_multi": false}
2025-11-12 20:19:56,041 [INFO] conferencia_resumo | {"id_importacao": 11, "processadas": 11512, "validas": 10290, "invalidas": 1222, "sem_cdr": 251, "delta_tolerancia": 334, "eot_divergente": 217, "multiplas": 0}
2025-11-12 20:20:56,461 [INFO] listar_resultados_base | {"id_importacao": 11, "pagina": 1, "limite": 25, "total_base": 11512, "filtros": {"status": null, "descritor": null, "gh": null, "apenas_sem_cdr": false, "diferenca_min": null, "eot_divergente": false, "cruza_gh": false, "tarifa": null, "assinante_a": null, "assinante_b": null, "data_inicio": null, "data_fim": null, "multi_divergencias": false, "gh_inconsistente": false}}
2025-11-12 20:20:56,461 [INFO] listar_resultados_resposta | {"id_importacao": 11, "pagina": 1, "limite": 25, "total_base": 11512, "total_final": 11512, "aplicou_eot": false, "aplicou_multi": false}
2025-11-12 20:20:56,701 [INFO] conferencia_resumo | {"id_importacao": 11, "processadas": 11512, "validas": 10290, "invalidas": 1222, "sem_cdr": 251, "delta_tolerancia": 334, "eot_divergente": 217, "multiplas": 0}
2025-11-12 20:20:56,836 [INFO] listar_resultados_base | {"id_importacao": 11, "pagina": 1, "limite": 25, "total_base": 11313, "filtros": {"status": null, "descritor": null, "gh": null, "apenas_sem_cdr": false, "diferenca_min": null, "eot_divergente": false, "cruza_gh": false, "tarifa": null, "assinante_a": null, "assinante_b": null, "data_inicio": "2025-02-28T21:00", "data_fim": "2025-05-30T21:00", "multi_divergencias": false, "gh_inconsistente": false}}
2025-11-12 20:20:56,837 [INFO] listar_resultados_resposta | {"id_importacao": 11, "pagina": 1, "limite": 25, "total_base": 11313, "total_final": 11313, "aplicou_eot": false, "aplicou_multi": false}
2025-11-12 20:22:03,733 [INFO] listar_resultados_base | {"id_importacao": 11, "pagina": 1, "limite": 25, "total_base": 11512, "filtros": {"status": null, "descritor": null, "gh": null, "apenas_sem_cdr": false, "diferenca_min": null, "eot_divergente": false, "cruza_gh": false, "tarifa": null, "assinante_a": null, "assinante_b": null, "data_inicio": null, "data_fim": null, "multi_divergencias": false, "gh_inconsistente": false}}
2025-11-12 20:22:03,733 [INFO] listar_resultados_resposta | {"id_importacao": 11, "pagina": 1, "limite": 25, "total_base": 11512, "total_final": 11512, "aplicou_eot": false, "aplicou_multi": false}
2025-11-12 20:22:03,978 [INFO] conferencia_resumo | {"id_importacao": 11, "processadas": 11512, "validas": 10290, "invalidas": 1222, "sem_cdr": 251, "delta_tolerancia": 334, "eot_divergente": 217, "multiplas": 0}
2025-11-12 20:22:04,105 [INFO] listar_resultados_base | {"id_importacao": 11, "pagina": 1, "limite": 25, "total_base": 11313, "filtros": {"status": null, "descritor": null, "gh": null, "apenas_sem_cdr": false, "diferenca_min": null, "eot_divergente": false, "cruza_gh": false, "tarifa": null, "assinante_a": null, "assinante_b": null, "data_inicio": "2025-02-28T21:00", "data_fim": "2025-05-30T21:00", "multi_divergencias": false, "gh_inconsistente": false}}
2025-11-12 20:22:04,106 [INFO] listar_resultados_resposta | {"id_importacao": 11, "pagina": 1, "limite": 25, "total_base": 11313, "total_final": 11313, "aplicou_eot": false, "aplicou_multi": false}
2025-11-12 20:22:12,020 [INFO] listar_resultados_base | {"id_importacao": 11, "pagina": 1, "limite": 25, "total_base": 11313, "filtros": {"status": null, "descritor": null, "gh": null, "apenas_sem_cdr": false, "diferenca_min": null, "eot_divergente": false, "cruza_gh": false, "tarifa": null, "assinante_a": null, "assinante_b": null, "data_inicio": "2025-02-28T21:00", "data_fim": "2025-05-30T21:00", "multi_divergencias": false, "gh_inconsistente": false}}
2025-11-12 20:22:12,021 [INFO] listar_resultados_resposta | {"id_importacao": 11, "pagina": 1, "limite": 25, "total_base": 11313, "total_final": 11313, "aplicou_eot": false, "aplicou_multi": false}
2025-11-12 20:22:12,218 [INFO] conferencia_resumo | {"id_importacao": 11, "processadas": 11512, "validas": 10290, "invalidas": 1222, "sem_cdr": 251, "delta_tolerancia": 334, "eot_divergente": 217, "multiplas": 0}
2025-11-12 20:25:22,366 [INFO] listar_resultados_base | {"id_importacao": 11, "pagina": 1, "limite": 25, "total_base": 11313, "filtros": {"status": null, "descritor": null, "gh": null, "apenas_sem_cdr": false, "diferenca_min": null, "eot_divergente": false, "cruza_gh": false, "tarifa": null, "assinante_a": null, "assinante_b": null, "data_inicio": "2025-02-28T21:00", "data_fim": "2025-05-30T21:00", "multi_divergencias": false, "gh_inconsistente": false}}
2025-11-12 20:25:22,367 [INFO] listar_resultados_resposta | {"id_importacao": 11, "pagina": 1, "limite": 25, "total_base": 11313, "total_final": 11313, "aplicou_eot": false, "aplicou_multi": false}
2025-11-12 20:25:22,545 [INFO] conferencia_resumo | {"id_importacao": 11, "processadas": 11512, "validas": 10290, "invalidas": 1222, "sem_cdr": 251, "delta_tolerancia": 334, "eot_divergente": 217, "multiplas": 0}
2025-11-12 20:25:28,884 [INFO] listar_resultados_base | {"id_importacao": 11, "pagina": 1, "limite": 25, "total_base": 11313, "filtros": {"status": null, "descritor": null, "gh": null, "apenas_sem_cdr": false, "diferenca_min": null, "eot_divergente": false, "cruza_gh": false, "tarifa": null, "assinante_a": null, "assinante_b": null, "data_inicio": "2025-02-28T21:00", "data_fim": "2025-05-30T21:00", "multi_divergencias": false, "gh_inconsistente": false}}
2025-11-12 20:25:28,884 [INFO] listar_resultados_resposta | {"id_importacao": 11, "pagina": 1, "limite": 25, "total_base": 11313, "total_final": 11313, "aplicou_eot": false, "aplicou_multi": false}
2025-11-12 20:25:29,073 [INFO] conferencia_resumo | {"id_importacao": 11, "processadas": 11512, "validas": 10290, "invalidas": 1222, "sem_cdr": 251, "delta_tolerancia": 334, "eot_divergente": 217, "multiplas": 0}
2025-11-12 20:25:37,541 [INFO] listar_resultados_base | {"id_importacao": 11, "pagina": 1, "limite": 25, "total_base": 11313, "filtros": {"status": null, "descritor": null, "gh": null, "apenas_sem_cdr": false, "diferenca_min": null, "eot_divergente": false, "cruza_gh": false, "tarifa": null, "assinante_a": null, "assinante_b": null, "data_inicio": "2025-02-28T21:00", "data_fim": "2025-05-30T21:00", "multi_divergencias": false, "gh_inconsistente": false}}
2025-11-12 20:25:37,542 [INFO] listar_resultados_resposta | {"id_importacao": 11, "pagina": 1, "limite": 25, "total_base": 11313, "total_final": 11313, "aplicou_eot": false, "aplicou_multi": false}
2025-11-12 20:25:37,756 [INFO] conferencia_resumo | {"id_importacao": 11, "processadas": 11512, "validas": 10290, "invalidas": 1222, "sem_cdr": 251, "delta_tolerancia": 334, "eot_divergente": 217, "multiplas": 0}
2025-11-12 20:25:49,222 [INFO] listar_resultados_base | {"id_importacao": 11, "pagina": 1, "limite": 25, "total_base": 11313, "filtros": {"status": null, "descritor": null, "gh": null, "apenas_sem_cdr": false, "diferenca_min": null, "eot_divergente": false, "cruza_gh": false, "tarifa": null, "assinante_a": null, "assinante_b": null, "data_inicio": "2025-02-28T21:00", "data_fim": "2025-05-30T21:00", "multi_divergencias": false, "gh_inconsistente": false}}
2025-11-12 20:25:49,223 [INFO] listar_resultados_resposta | {"id_importacao": 11, "pagina": 1, "limite": 25, "total_base": 11313, "total_final": 11313, "aplicou_eot": false, "aplicou_multi": false}
2025-11-12 20:25:49,418 [INFO] conferencia_resumo | {"id_importacao": 11, "processadas": 11512, "validas": 10290, "invalidas": 1222, "sem_cdr": 251, "delta_tolerancia": 334, "eot_divergente": 217, "multiplas": 0}
2025-11-12 20:26:03,061 [INFO] listar_resultados_base | {"id_importacao": 11, "pagina": 1, "limite": 25, "total_base": 11313, "filtros": {"status": null, "descritor": null, "gh": null, "apenas_sem_cdr": false, "diferenca_min": null, "eot_divergente": false, "cruza_gh": false, "tarifa": null, "assinante_a": null, "assinante_b": null, "data_inicio": "2025-02-28T21:00", "data_fim": "2025-05-30T21:00", "multi_divergencias": false, "gh_inconsistente": false}}
2025-11-12 20:26:03,061 [INFO] listar_resultados_resposta | {"id_importacao": 11, "pagina": 1, "limite": 25, "total_base": 11313, "total_final": 11313, "aplicou_eot": false, "aplicou_multi": false}
2025-11-12 20:26:03,275 [INFO] conferencia_resumo | {"id_importacao": 11, "processadas": 11512, "validas": 10290, "invalidas": 1222, "sem_cdr": 251, "delta_tolerancia": 334, "eot_divergente": 217, "multiplas": 0}
2025-11-12 20:26:24,912 [INFO] listar_resultados_base | {"id_importacao": 11, "pagina": 1, "limite": 25, "total_base": 11313, "filtros": {"status": null, "descritor": null, "gh": null, "apenas_sem_cdr": false, "diferenca_min": null, "eot_divergente": false, "cruza_gh": false, "tarifa": null, "assinante_a": null, "assinante_b": null, "data_inicio": "2025-02-28T21:00", "data_fim": "2025-05-30T21:00", "multi_divergencias": false, "gh_inconsistente": false}}
2025-11-12 20:26:24,914 [INFO] listar_resultados_resposta | {"id_importacao": 11, "pagina": 1, "limite": 25, "total_base": 11313, "total_final": 11313, "aplicou_eot": false, "aplicou_multi": false}
2025-11-12 20:26:25,161 [INFO] conferencia_resumo | {"id_importacao": 11, "processadas": 11512, "validas": 10290, "invalidas": 1222, "sem_cdr": 251, "delta_tolerancia": 334, "eot_divergente": 217, "multiplas": 0}
2025-11-12 20:26:35,958 [INFO] listar_resultados_base | {"id_importacao": 11, "pagina": 1, "limite": 25, "total_base": 11313, "filtros": {"status": null, "descritor": null, "gh": null, "apenas_sem_cdr": false, "diferenca_min": null, "eot_divergente": false, "cruza_gh": false, "tarifa": null, "assinante_a": null, "assinante_b": null, "data_inicio": "2025-02-28T21:00", "data_fim": "2025-05-30T21:00", "multi_divergencias": false, "gh_inconsistente": false}}
2025-11-12 20:26:35,959 [INFO] listar_resultados_resposta | {"id_importacao": 11, "pagina": 1, "limite": 25, "total_base": 11313, "total_final": 11313, "aplicou_eot": false, "aplicou_multi": false}
2025-11-12 20:26:36,151 [INFO] conferencia_resumo | {"id_importacao": 11, "processadas": 11512, "validas": 10290, "invalidas": 1222, "sem_cdr": 251, "delta_tolerancia": 334, "eot_divergente": 217, "multiplas": 0}
2025-11-12 20:27:13,146 [INFO] listar_resultados_base | {"id_importacao": 11, "pagina": 1, "limite": 25, "total_base": 11512, "filtros": {"status": null, "descritor": null, "gh": null, "apenas_sem_cdr": false, "diferenca_min": null, "eot_divergente": false, "cruza_gh": false, "tarifa": null, "assinante_a": null, "assinante_b": null, "data_inicio": null, "data_fim": null, "multi_divergencias": false, "gh_inconsistente": false}}
2025-11-12 20:27:13,148 [INFO] listar_resultados_resposta | {"id_importacao": 11, "pagina": 1, "limite": 25, "total_base": 11512, "total_final": 11512, "aplicou_eot": false, "aplicou_multi": false}
2025-11-12 20:27:13,393 [INFO] conferencia_resumo | {"id_importacao": 11, "processadas": 11512, "validas": 10290, "invalidas": 1222, "sem_cdr": 251, "delta_tolerancia": 334, "eot_divergente": 217, "multiplas": 0}
2025-11-12 20:27:13,520 [INFO] listar_resultados_base | {"id_importacao": 11, "pagina": 1, "limite": 25, "total_base": 11313, "filtros": {"status": null, "descritor": null, "gh": null, "apenas_sem_cdr": false, "diferenca_min": null, "eot_divergente": false, "cruza_gh": false, "tarifa": null, "assinante_a": null, "assinante_b": null, "data_inicio": "2025-02-28T21:00", "data_fim": "2025-05-30T21:00", "multi_divergencias": false, "gh_inconsistente": false}}
2025-11-12 20:27:13,521 [INFO] listar_resultados_resposta | {"id_importacao": 11, "pagina": 1, "limite": 25, "total_base": 11313, "total_final": 11313, "aplicou_eot": false, "aplicou_multi": false}
2025-11-12 20:28:52,455 [INFO] listar_resultados_base | {"id_importacao": 11, "pagina": 1, "limite": 25, "total_base": 11313, "filtros": {"status": null, "descritor": null, "gh": null, "apenas_sem_cdr": false, "diferenca_min": null, "eot_divergente": false, "cruza_gh": false, "tarifa": null, "assinante_a": null, "assinante_b": null, "data_inicio": "2025-02-28T21:00", "data_fim": "2025-05-30T21:00", "multi_divergencias": false, "gh_inconsistente": false}}
2025-11-12 20:28:52,456 [INFO] listar_resultados_resposta | {"id_importacao": 11, "pagina": 1, "limite": 25, "total_base": 11313, "total_final": 11313, "aplicou_eot": false, "aplicou_multi": false}
2025-11-12 20:28:52,675 [INFO] conferencia_resumo | {"id_importacao": 11, "processadas": 11512, "validas": 10290, "invalidas": 1222, "sem_cdr": 251, "delta_tolerancia": 334, "eot_divergente": 217, "multiplas": 0}
2025-11-12 20:29:05,126 [INFO] listar_resultados_base | {"id_importacao": 11, "pagina": 1, "limite": 25, "total_base": 11313, "filtros": {"status": null, "descritor": null, "gh": null, "apenas_sem_cdr": false, "diferenca_min": null, "eot_divergente": false, "cruza_gh": false, "tarifa": null, "assinante_a": null, "assinante_b": null, "data_inicio": "2025-02-28T21:00", "data_fim": "2025-05-30T21:00", "multi_divergencias": false, "gh_inconsistente": false}}
2025-11-12 20:29:05,127 [INFO] listar_resultados_resposta | {"id_importacao": 11, "pagina": 1, "limite": 25, "total_base": 11313, "total_final": 11313, "aplicou_eot": false, "aplicou_multi": false}
2025-11-12 20:29:05,336 [INFO] conferencia_resumo | {"id_importacao": 11, "processadas": 11512, "validas": 10290, "invalidas": 1222, "sem_cdr": 251, "delta_tolerancia": 334, "eot_divergente": 217, "multiplas": 0}
2025-11-12 20:29:23,036 [INFO] listar_resultados_base | {"id_importacao": 11, "pagina": 1, "limite": 25, "total_base": 11313, "filtros": {"status": null, "descritor": null, "gh": null, "apenas_sem_cdr": false, "diferenca_min": null, "eot_divergente": false, "cruza_gh": false, "tarifa": null, "assinante_a": null, "assinante_b": null, "data_inicio": "2025-02-28T21:00", "data_fim": "2025-05-30T21:00", "multi_divergencias": false, "gh_inconsistente": false}}
2025-11-12 20:29:23,037 [INFO] listar_resultados_resposta | {"id_importacao": 11, "pagina": 1, "limite": 25, "total_base": 11313, "total_final": 11313, "aplicou_eot": false, "aplicou_multi": false}
2025-11-12 20:29:23,249 [INFO] conferencia_resumo | {"id_importacao": 11, "processadas": 11512, "validas": 10290, "invalidas": 1222, "sem_cdr": 251, "delta_tolerancia": 334, "eot_divergente": 217, "multiplas": 0}
2025-11-12 20:34:02,978 [INFO] listar_resultados_base | {"id_importacao": 11, "pagina": 1, "limite": 25, "total_base": 11313, "filtros": {"status": null, "descritor": null, "gh": null, "apenas_sem_cdr": false, "diferenca_min": null, "eot_divergente": false, "cruza_gh": false, "tarifa": null, "assinante_a": null, "assinante_b": null, "data_inicio": "2025-02-28T21:00", "data_fim": "2025-05-30T21:00", "multi_divergencias": false, "gh_inconsistente": false}}
2025-11-12 20:34:02,979 [INFO] listar_resultados_resposta | {"id_importacao": 11, "pagina": 1, "limite": 25, "total_base": 11313, "total_final": 11313, "aplicou_eot": false, "aplicou_multi": false}
2025-11-12 20:34:03,194 [INFO] conferencia_resumo | {"id_importacao": 11, "processadas": 11512, "validas": 10290, "invalidas": 1222, "sem_cdr": 251, "delta_tolerancia": 334, "eot_divergente": 217, "multiplas": 0}
2025-11-12 20:34:29,926 [INFO] listar_resultados_base | {"id_importacao": 11, "pagina": 1, "limite": 25, "total_base": 11512, "filtros": {"status": null, "descritor": null, "gh": null, "apenas_sem_cdr": false, "diferenca_min": null, "eot_divergente": false, "cruza_gh": false, "tarifa": null, "assinante_a": null, "assinante_b": null, "data_inicio": null, "data_fim": null, "multi_divergencias": false, "gh_inconsistente": false}}
2025-11-12 20:34:29,926 [INFO] listar_resultados_resposta | {"id_importacao": 11, "pagina": 1, "limite": 25, "total_base": 11512, "total_final": 11512, "aplicou_eot": false, "aplicou_multi": false}
2025-11-12 20:34:30,188 [INFO] conferencia_resumo | {"id_importacao": 11, "processadas": 11512, "validas": 10290, "invalidas": 1222, "sem_cdr": 251, "delta_tolerancia": 334, "eot_divergente": 217, "multiplas": 0}
2025-11-12 20:34:30,336 [INFO] listar_resultados_base | {"id_importacao": 11, "pagina": 1, "limite": 25, "total_base": 11313, "filtros": {"status": null, "descritor": null, "gh": null, "apenas_sem_cdr": false, "diferenca_min": null, "eot_divergente": false, "cruza_gh": false, "tarifa": null, "assinante_a": null, "assinante_b": null, "data_inicio": "2025-02-28T21:00", "data_fim": "2025-05-30T21:00", "multi_divergencias": false, "gh_inconsistente": false}}
2025-11-12 20:34:30,337 [INFO] listar_resultados_resposta | {"id_importacao": 11, "pagina": 1, "limite": 25, "total_base": 11313, "total_final": 11313, "aplicou_eot": false, "aplicou_multi": false}
2025-11-12 20:34:46,499 [INFO] listar_resultados_base | {"id_importacao": 11, "pagina": 1, "limite": 25, "total_base": 11512, "filtros": {"status": null, "descritor": null, "gh": null, "apenas_sem_cdr": false, "diferenca_min": null, "eot_divergente": false, "cruza_gh": false, "tarifa": null, "assinante_a": null, "assinante_b": null, "data_inicio": null, "data_fim": null, "multi_divergencias": false, "gh_inconsistente": false}}
2025-11-12 20:34:46,500 [INFO] listar_resultados_resposta | {"id_importacao": 11, "pagina": 1, "limite": 25, "total_base": 11512, "total_final": 11512, "aplicou_eot": false, "aplicou_multi": false}
2025-11-12 20:34:46,860 [INFO] conferencia_resumo | {"id_importacao": 11, "processadas": 11512, "validas": 10290, "invalidas": 1222, "sem_cdr": 251, "delta_tolerancia": 334, "eot_divergente": 217, "multiplas": 0}
2025-11-12 20:34:47,046 [INFO] listar_resultados_base | {"id_importacao": 11, "pagina": 1, "limite": 25, "total_base": 11313, "filtros": {"status": null, "descritor": null, "gh": null, "apenas_sem_cdr": false, "diferenca_min": null, "eot_divergente": false, "cruza_gh": false, "tarifa": null, "assinante_a": null, "assinante_b": null, "data_inicio": "2025-02-28T21:00", "data_fim": "2025-05-30T21:00", "multi_divergencias": false, "gh_inconsistente": false}}
2025-11-12 20:34:47,047 [INFO] listar_resultados_resposta | {"id_importacao": 11, "pagina": 1, "limite": 25, "total_base": 11313, "total_final": 11313, "aplicou_eot": false, "aplicou_multi": false}
2025-11-12 20:34:51,563 [INFO] listar_resultados_base | {"id_importacao": 11, "pagina": 1, "limite": 25, "total_base": 11512, "filtros": {"status": null, "descritor": null, "gh": null, "apenas_sem_cdr": false, "diferenca_min": null, "eot_divergente": false, "cruza_gh": false, "tarifa": null, "assinante_a": null, "assinante_b": null, "data_inicio": null, "data_fim": null, "multi_divergencias": false, "gh_inconsistente": false}}
2025-11-12 20:34:51,564 [INFO] listar_resultados_resposta | {"id_importacao": 11, "pagina": 1, "limite": 25, "total_base": 11512, "total_final": 11512, "aplicou_eot": false, "aplicou_multi": false}
2025-11-12 20:34:51,791 [INFO] conferencia_resumo | {"id_importacao": 11, "processadas": 11512, "validas": 10290, "invalidas": 1222, "sem_cdr": 251, "delta_tolerancia": 334, "eot_divergente": 217, "multiplas": 0}
2025-11-12 20:34:51,932 [INFO] listar_resultados_base | {"id_importacao": 11, "pagina": 1, "limite": 25, "total_base": 11313, "filtros": {"status": null, "descritor": null, "gh": null, "apenas_sem_cdr": false, "diferenca_min": null, "eot_divergente": false, "cruza_gh": false, "tarifa": null, "assinante_a": null, "assinante_b": null, "data_inicio": "2025-02-28T21:00", "data_fim": "2025-05-30T21:00", "multi_divergencias": false, "gh_inconsistente": false}}
2025-11-12 20:34:51,933 [INFO] listar_resultados_resposta | {"id_importacao": 11, "pagina": 1, "limite": 25, "total_base": 11313, "total_final": 11313, "aplicou_eot": false, "aplicou_multi": false}
2025-11-12 20:35:27,309 [INFO] listar_resultados_base | {"id_importacao": 11, "pagina": 1, "limite": 25, "total_base": 11512, "filtros": {"status": null, "descritor": null, "gh": null, "apenas_sem_cdr": false, "diferenca_min": null, "eot_divergente": false, "cruza_gh": false, "tarifa": null, "assinante_a": null, "assinante_b": null, "data_inicio": null, "data_fim": null, "multi_divergencias": false, "gh_inconsistente": false}}
2025-11-12 20:35:27,311 [INFO] listar_resultados_resposta | {"id_importacao": 11, "pagina": 1, "limite": 25, "total_base": 11512, "total_final": 11512, "aplicou_eot": false, "aplicou_multi": false}
2025-11-12 20:35:27,565 [INFO] conferencia_resumo | {"id_importacao": 11, "processadas": 11512, "validas": 10290, "invalidas": 1222, "sem_cdr": 251, "delta_tolerancia": 334, "eot_divergente": 217, "multiplas": 0}
2025-11-12 20:35:27,704 [INFO] listar_resultados_base | {"id_importacao": 11, "pagina": 1, "limite": 25, "total_base": 11313, "filtros": {"status": null, "descritor": null, "gh": null, "apenas_sem_cdr": false, "diferenca_min": null, "eot_divergente": false, "cruza_gh": false, "tarifa": null, "assinante_a": null, "assinante_b": null, "data_inicio": "2025-02-28T21:00", "data_fim": "2025-05-30T21:00", "multi_divergencias": false, "gh_inconsistente": false}}
2025-11-12 20:35:27,705 [INFO] listar_resultados_resposta | {"id_importacao": 11, "pagina": 1, "limite": 25, "total_base": 11313, "total_final": 11313, "aplicou_eot": false, "aplicou_multi": false}
2025-11-12 20:35:41,068 [INFO] listar_resultados_base | {"id_importacao": 11, "pagina": 1, "limite": 25, "total_base": 334, "filtros": {"status": null, "descritor": null, "gh": null, "apenas_sem_cdr": false, "diferenca_min": 10, "eot_divergente": false, "cruza_gh": false, "tarifa": null, "assinante_a": null, "assinante_b": null, "data_inicio": null, "data_fim": null, "multi_divergencias": false, "gh_inconsistente": false}}
2025-11-12 20:35:41,069 [INFO] listar_resultados_resposta | {"id_importacao": 11, "pagina": 1, "limite": 25, "total_base": 334, "total_final": 334, "aplicou_eot": false, "aplicou_multi": false}
2025-11-12 20:36:08,047 [INFO] listar_resultados_base | {"id_importacao": 11, "pagina": 1, "limite": 25, "total_base": 334, "filtros": {"status": null, "descritor": null, "gh": null, "apenas_sem_cdr": false, "diferenca_min": 10, "eot_divergente": false, "cruza_gh": false, "tarifa": null, "assinante_a": null, "assinante_b": null, "data_inicio": null, "data_fim": null, "multi_divergencias": false, "gh_inconsistente": false}}
2025-11-12 20:36:08,047 [INFO] listar_resultados_resposta | {"id_importacao": 11, "pagina": 1, "limite": 25, "total_base": 334, "total_final": 334, "aplicou_eot": false, "aplicou_multi": false}
2025-11-12 20:36:08,128 [INFO] listar_resultados_base | {"id_importacao": 11, "pagina": 1, "limite": 25, "total_base": 326, "filtros": {"status": null, "descritor": null, "gh": null, "apenas_sem_cdr": false, "diferenca_min": 10, "eot_divergente": false, "cruza_gh": false, "tarifa": null, "assinante_a": null, "assinante_b": null, "data_inicio": "2025-02-28T21:00", "data_fim": "2025-05-30T21:00", "multi_divergencias": false, "gh_inconsistente": false}}
2025-11-12 20:36:08,129 [INFO] listar_resultados_resposta | {"id_importacao": 11, "pagina": 1, "limite": 25, "total_base": 326, "total_final": 326, "aplicou_eot": false, "aplicou_multi": false}
2025-11-12 20:36:08,268 [INFO] conferencia_resumo | {"id_importacao": 11, "processadas": 11512, "validas": 10290, "invalidas": 1222, "sem_cdr": 251, "delta_tolerancia": 334, "eot_divergente": 217, "multiplas": 0}
2025-11-12 20:36:27,172 [INFO] listar_resultados_base | {"id_importacao": 11, "pagina": 1, "limite": 25, "total_base": 326, "filtros": {"status": null, "descritor": null, "gh": null, "apenas_sem_cdr": false, "diferenca_min": 10, "eot_divergente": false, "cruza_gh": false, "tarifa": null, "assinante_a": null, "assinante_b": null, "data_inicio": "2025-02-28T21:00", "data_fim": "2025-05-30T21:00", "multi_divergencias": false, "gh_inconsistente": false}}
2025-11-12 20:36:27,174 [INFO] listar_resultados_resposta | {"id_importacao": 11, "pagina": 1, "limite": 25, "total_base": 326, "total_final": 326, "aplicou_eot": false, "aplicou_multi": false}
2025-11-12 20:36:27,389 [INFO] conferencia_resumo | {"id_importacao": 11, "processadas": 11512, "validas": 10290, "invalidas": 1222, "sem_cdr": 251, "delta_tolerancia": 334, "eot_divergente": 217, "multiplas": 0}
2025-11-12 20:37:30,682 [INFO] listar_resultados_base | {"id_importacao": 11, "pagina": 1, "limite": 25, "total_base": 11512, "filtros": {"status": null, "descritor": null, "gh": null, "apenas_sem_cdr": false, "diferenca_min": null, "eot_divergente": false, "cruza_gh": false, "tarifa": null, "assinante_a": null, "assinante_b": null, "data_inicio": null, "data_fim": null, "multi_divergencias": false, "gh_inconsistente": false}}
2025-11-12 20:37:30,683 [INFO] listar_resultados_resposta | {"id_importacao": 11, "pagina": 1, "limite": 25, "total_base": 11512, "total_final": 11512, "aplicou_eot": false, "aplicou_multi": false}
2025-11-12 20:37:30,972 [INFO] conferencia_resumo | {"id_importacao": 11, "processadas": 11512, "validas": 10290, "invalidas": 1222, "sem_cdr": 251, "delta_tolerancia": 334, "eot_divergente": 217, "multiplas": 0}
2025-11-12 20:37:31,124 [INFO] listar_resultados_base | {"id_importacao": 11, "pagina": 1, "limite": 25, "total_base": 11313, "filtros": {"status": null, "descritor": null, "gh": null, "apenas_sem_cdr": false, "diferenca_min": null, "eot_divergente": false, "cruza_gh": false, "tarifa": null, "assinante_a": null, "assinante_b": null, "data_inicio": "2025-02-28T21:00", "data_fim": "2025-05-30T21:00", "multi_divergencias": false, "gh_inconsistente": false}}
2025-11-12 20:37:31,125 [INFO] listar_resultados_resposta | {"id_importacao": 11, "pagina": 1, "limite": 25, "total_base": 11313, "total_final": 11313, "aplicou_eot": false, "aplicou_multi": false}
2025-11-12 20:39:47,489 [INFO] listar_resultados_base | {"id_importacao": 11, "pagina": 1, "limite": 25, "total_base": 11313, "filtros": {"status": null, "descritor": null, "gh": null, "apenas_sem_cdr": false, "diferenca_min": null, "eot_divergente": false, "cruza_gh": false, "tarifa": null, "assinante_a": null, "assinante_b": null, "data_inicio": "2025-02-28T21:00", "data_fim": "2025-05-30T21:00", "multi_divergencias": false, "gh_inconsistente": false}}
2025-11-12 20:39:47,490 [INFO] listar_resultados_resposta | {"id_importacao": 11, "pagina": 1, "limite": 25, "total_base": 11313, "total_final": 11313, "aplicou_eot": false, "aplicou_multi": false}
2025-11-12 20:39:47,704 [INFO] conferencia_resumo | {"id_importacao": 11, "processadas": 11512, "validas": 10290, "invalidas": 1222, "sem_cdr": 251, "delta_tolerancia": 334, "eot_divergente": 217, "multiplas": 0}
2025-11-12 20:44:08,645 [INFO] listar_resultados_base | {"id_importacao": 11, "pagina": 1, "limite": 25, "total_base": 11313, "filtros": {"status": null, "descritor": null, "gh": null, "apenas_sem_cdr": false, "diferenca_min": null, "eot_divergente": false, "cruza_gh": false, "tarifa": null, "assinante_a": null, "assinante_b": null, "data_inicio": "2025-02-28T21:00", "data_fim": "2025-05-30T21:00", "multi_divergencias": false, "gh_inconsistente": false}}
2025-11-12 20:44:08,647 [INFO] listar_resultados_resposta | {"id_importacao": 11, "pagina": 1, "limite": 25, "total_base": 11313, "total_final": 11313, "aplicou_eot": false, "aplicou_multi": false}
2025-11-12 20:44:08,841 [INFO] conferencia_resumo | {"id_importacao": 11, "processadas": 11512, "validas": 10290, "invalidas": 1222, "sem_cdr": 251, "delta_tolerancia": 334, "eot_divergente": 217, "multiplas": 0}
2025-11-12 20:44:37,645 [INFO] listar_resultados_base | {"id_importacao": 11, "pagina": 1, "limite": 25, "total_base": 11313, "filtros": {"status": null, "descritor": null, "gh": null, "apenas_sem_cdr": false, "diferenca_min": null, "eot_divergente": false, "cruza_gh": false, "tarifa": null, "assinante_a": null, "assinante_b": null, "data_inicio": "2025-02-28T21:00", "data_fim": "2025-05-30T21:00", "multi_divergencias": false, "gh_inconsistente": false}}
2025-11-12 20:44:37,646 [INFO] listar_resultados_resposta | {"id_importacao": 11, "pagina": 1, "limite": 25, "total_base": 11313, "total_final": 11313, "aplicou_eot": false, "aplicou_multi": false}
2025-11-12 20:44:37,813 [INFO] conferencia_resumo | {"id_importacao": 11, "processadas": 11512, "validas": 10290, "invalidas": 1222, "sem_cdr": 251, "delta_tolerancia": 334, "eot_divergente": 217, "multiplas": 0}
2025-11-12 20:45:34,082 [INFO] listar_resultados_base | {"id_importacao": 11, "pagina": 1, "limite": 25, "total_base": 11512, "filtros": {"status": null, "descritor": null, "gh": null, "apenas_sem_cdr": false, "diferenca_min": null, "eot_divergente": false, "cruza_gh": false, "tarifa": null, "assinante_a": null, "assinante_b": null, "data_inicio": null, "data_fim": null, "multi_divergencias": false, "gh_inconsistente": false}}
2025-11-12 20:45:34,082 [INFO] listar_resultados_resposta | {"id_importacao": 11, "pagina": 1, "limite": 25, "total_base": 11512, "total_final": 11512, "aplicou_eot": false, "aplicou_multi": false}
2025-11-12 20:45:34,261 [INFO] conferencia_resumo | {"id_importacao": 11, "processadas": 11512, "validas": 10290, "invalidas": 1222, "sem_cdr": 251, "delta_tolerancia": 334, "eot_divergente": 217, "multiplas": 0}
2025-11-12 20:45:34,369 [INFO] listar_resultados_base | {"id_importacao": 11, "pagina": 1, "limite": 25, "total_base": 11313, "filtros": {"status": null, "descritor": null, "gh": null, "apenas_sem_cdr": false, "diferenca_min": null, "eot_divergente": false, "cruza_gh": false, "tarifa": null, "assinante_a": null, "assinante_b": null, "data_inicio": "2025-02-28T21:00", "data_fim": "2025-05-30T21:00", "multi_divergencias": false, "gh_inconsistente": false}}
2025-11-12 20:45:34,369 [INFO] listar_resultados_resposta | {"id_importacao": 11, "pagina": 1, "limite": 25, "total_base": 11313, "total_final": 11313, "aplicou_eot": false, "aplicou_multi": false}
2025-11-12 20:46:33,515 [INFO] listar_resultados_base | {"id_importacao": 11, "pagina": 1, "limite": 25, "total_base": 11313, "filtros": {"status": null, "descritor": null, "gh": null, "apenas_sem_cdr": false, "diferenca_min": null, "eot_divergente": false, "cruza_gh": false, "tarifa": null, "assinante_a": null, "assinante_b": null, "data_inicio": "2025-02-28T21:00", "data_fim": "2025-05-30T21:00", "multi_divergencias": false, "gh_inconsistente": false}}
2025-11-12 20:46:33,516 [INFO] listar_resultados_resposta | {"id_importacao": 11, "pagina": 1, "limite": 25, "total_base": 11313, "total_final": 11313, "aplicou_eot": false, "aplicou_multi": false}
2025-11-12 20:46:33,710 [INFO] conferencia_resumo | {"id_importacao": 11, "processadas": 11512, "validas": 10290, "invalidas": 1222, "sem_cdr": 251, "delta_tolerancia": 334, "eot_divergente": 217, "multiplas": 0}
2025-11-12 20:49:53,390 [INFO] listar_resultados_base | {"id_importacao": 11, "pagina": 1, "limite": 25, "total_base": 11313, "filtros": {"status": null, "descritor": null, "gh": null, "apenas_sem_cdr": false, "diferenca_min": null, "eot_divergente": false, "cruza_gh": false, "tarifa": null, "assinante_a": null, "assinante_b": null, "data_inicio": "2025-02-28T21:00", "data_fim": "2025-05-30T21:00", "multi_divergencias": false, "gh_inconsistente": false}}
2025-11-12 20:49:53,391 [INFO] listar_resultados_resposta | {"id_importacao": 11, "pagina": 1, "limite": 25, "total_base": 11313, "total_final": 11313, "aplicou_eot": false, "aplicou_multi": false}
2025-11-12 20:49:53,588 [INFO] conferencia_resumo | {"id_importacao": 11, "processadas": 11512, "validas": 10290, "invalidas": 1222, "sem_cdr": 251, "delta_tolerancia": 334, "eot_divergente": 217, "multiplas": 0}
2025-11-12 20:50:03,942 [INFO] listar_resultados_base | {"id_importacao": 11, "pagina": 1, "limite": 25, "total_base": 11313, "filtros": {"status": null, "descritor": null, "gh": null, "apenas_sem_cdr": false, "diferenca_min": null, "eot_divergente": false, "cruza_gh": false, "tarifa": null, "assinante_a": null, "assinante_b": null, "data_inicio": "2025-02-28T21:00", "data_fim": "2025-05-30T21:00", "multi_divergencias": false, "gh_inconsistente": false}}
2025-11-12 20:50:03,943 [INFO] listar_resultados_resposta | {"id_importacao": 11, "pagina": 1, "limite": 25, "total_base": 11313, "total_final": 11313, "aplicou_eot": false, "aplicou_multi": false}
2025-11-12 20:50:04,144 [INFO] conferencia_resumo | {"id_importacao": 11, "processadas": 11512, "validas": 10290, "invalidas": 1222, "sem_cdr": 251, "delta_tolerancia": 334, "eot_divergente": 217, "multiplas": 0}
2025-11-12 20:50:13,801 [INFO] listar_resultados_base | {"id_importacao": 11, "pagina": 1, "limite": 25, "total_base": 11313, "filtros": {"status": null, "descritor": null, "gh": null, "apenas_sem_cdr": false, "diferenca_min": null, "eot_divergente": false, "cruza_gh": false, "tarifa": null, "assinante_a": null, "assinante_b": null, "data_inicio": "2025-02-28T21:00", "data_fim": "2025-05-30T21:00", "multi_divergencias": false, "gh_inconsistente": false}}
2025-11-12 20:50:13,802 [INFO] listar_resultados_resposta | {"id_importacao": 11, "pagina": 1, "limite": 25, "total_base": 11313, "total_final": 11313, "aplicou_eot": false, "aplicou_multi": false}
2025-11-12 20:50:14,058 [INFO] conferencia_resumo | {"id_importacao": 11, "processadas": 11512, "validas": 10290, "invalidas": 1222, "sem_cdr": 251, "delta_tolerancia": 334, "eot_divergente": 217, "multiplas": 0}
2025-11-12 20:50:35,436 [INFO] listar_resultados_base | {"id_importacao": 11, "pagina": 1, "limite": 25, "total_base": 11313, "filtros": {"status": null, "descritor": null, "gh": null, "apenas_sem_cdr": false, "diferenca_min": null, "eot_divergente": false, "cruza_gh": false, "tarifa": null, "assinante_a": null, "assinante_b": null, "data_inicio": "2025-02-28T21:00", "data_fim": "2025-05-30T21:00", "multi_divergencias": false, "gh_inconsistente": false}}
2025-11-12 20:50:35,439 [INFO] listar_resultados_resposta | {"id_importacao": 11, "pagina": 1, "limite": 25, "total_base": 11313, "total_final": 11313, "aplicou_eot": false, "aplicou_multi": false}
2025-11-12 20:50:35,636 [INFO] conferencia_resumo | {"id_importacao": 11, "processadas": 11512, "validas": 10290, "invalidas": 1222, "sem_cdr": 251, "delta_tolerancia": 334, "eot_divergente": 217, "multiplas": 0}
2025-11-12 20:53:07,029 [INFO] listar_resultados_base | {"id_importacao": 11, "pagina": 1, "limite": 25, "total_base": 11313, "filtros": {"status": null, "descritor": null, "gh": null, "apenas_sem_cdr": false, "diferenca_min": null, "eot_divergente": false, "cruza_gh": false, "tarifa": null, "assinante_a": null, "assinante_b": null, "data_inicio": "2025-02-28T21:00", "data_fim": "2025-05-30T21:00", "multi_divergencias": false, "gh_inconsistente": false}}
2025-11-12 20:53:07,032 [INFO] listar_resultados_resposta | {"id_importacao": 11, "pagina": 1, "limite": 25, "total_base": 11313, "total_final": 11313, "aplicou_eot": false, "aplicou_multi": false}
2025-11-12 20:53:07,225 [INFO] conferencia_resumo | {"id_importacao": 11, "processadas": 11512, "validas": 10290, "invalidas": 1222, "sem_cdr": 251, "delta_tolerancia": 334, "eot_divergente": 217, "multiplas": 0}
2025-11-12 20:55:00,884 [INFO] listar_resultados_base | {"id_importacao": 11, "pagina": 1, "limite": 25, "total_base": 11313, "filtros": {"status": null, "descritor": null, "gh": null, "apenas_sem_cdr": false, "diferenca_min": null, "eot_divergente": false, "cruza_gh": false, "tarifa": null, "assinante_a": null, "assinante_b": null, "data_inicio": "2025-02-28T21:00", "data_fim": "2025-05-30T21:00", "multi_divergencias": false, "gh_inconsistente": false}}
2025-11-12 20:55:00,885 [INFO] listar_resultados_resposta | {"id_importacao": 11, "pagina": 1, "limite": 25, "total_base": 11313, "total_final": 11313, "aplicou_eot": false, "aplicou_multi": false}
2025-11-12 20:55:01,106 [INFO] conferencia_resumo | {"id_importacao": 11, "processadas": 11512, "validas": 10290, "invalidas": 1222, "sem_cdr": 251, "delta_tolerancia": 334, "eot_divergente": 217, "multiplas": 0}
2025-11-12 20:57:16,055 [INFO] listar_resultados_base | {"id_importacao": 11, "pagina": 1, "limite": 25, "total_base": 11313, "filtros": {"status": null, "descritor": null, "gh": null, "apenas_sem_cdr": false, "diferenca_min": null, "eot_divergente": false, "cruza_gh": false, "tarifa": null, "assinante_a": null, "assinante_b": null, "data_inicio": "2025-02-28T21:00", "data_fim": "2025-05-30T21:00", "multi_divergencias": false, "gh_inconsistente": false}}
2025-11-12 20:57:16,056 [INFO] listar_resultados_resposta | {"id_importacao": 11, "pagina": 1, "limite": 25, "total_base": 11313, "total_final": 11313, "aplicou_eot": false, "aplicou_multi": false}
2025-11-12 20:57:16,245 [INFO] conferencia_resumo | {"id_importacao": 11, "processadas": 11512, "validas": 10290, "invalidas": 1222, "sem_cdr": 251, "delta_tolerancia": 334, "eot_divergente": 217, "multiplas": 0}
2025-11-12 20:57:45,544 [INFO] listar_resultados_base | {"id_importacao": 11, "pagina": 1, "limite": 25, "total_base": 11512, "filtros": {"status": null, "descritor": null, "gh": null, "apenas_sem_cdr": false, "diferenca_min": null, "eot_divergente": false, "cruza_gh": false, "tarifa": null, "assinante_a": null, "assinante_b": null, "data_inicio": null, "data_fim": null, "multi_divergencias": false, "gh_inconsistente": false}}
2025-11-12 20:57:45,545 [INFO] listar_resultados_resposta | {"id_importacao": 11, "pagina": 1, "limite": 25, "total_base": 11512, "total_final": 11512, "aplicou_eot": false, "aplicou_multi": false}
2025-11-12 20:57:45,745 [INFO] conferencia_resumo | {"id_importacao": 11, "processadas": 11512, "validas": 10290, "invalidas": 1222, "sem_cdr": 251, "delta_tolerancia": 334, "eot_divergente": 217, "multiplas": 0}
2025-11-12 20:57:45,850 [INFO] listar_resultados_base | {"id_importacao": 11, "pagina": 1, "limite": 25, "total_base": 11313, "filtros": {"status": null, "descritor": null, "gh": null, "apenas_sem_cdr": false, "diferenca_min": null, "eot_divergente": false, "cruza_gh": false, "tarifa": null, "assinante_a": null, "assinante_b": null, "data_inicio": "2025-02-28T21:00", "data_fim": "2025-05-30T21:00", "multi_divergencias": false, "gh_inconsistente": false}}
2025-11-12 20:57:45,851 [INFO] listar_resultados_resposta | {"id_importacao": 11, "pagina": 1, "limite": 25, "total_base": 11313, "total_final": 11313, "aplicou_eot": false, "aplicou_multi": false}
2025-11-12 20:59:19,070 [INFO] listar_resultados_base | {"id_importacao": 11, "pagina": 1, "limite": 25, "total_base": 11313, "filtros": {"status": null, "descritor": null, "gh": null, "apenas_sem_cdr": false, "diferenca_min": null, "eot_divergente": false, "cruza_gh": false, "tarifa": null, "assinante_a": null, "assinante_b": null, "data_inicio": "2025-02-28T21:00", "data_fim": "2025-05-30T21:00", "multi_divergencias": false, "gh_inconsistente": false}}
2025-11-12 20:59:19,075 [INFO] listar_resultados_resposta | {"id_importacao": 11, "pagina": 1, "limite": 25, "total_base": 11313, "total_final": 11313, "aplicou_eot": false, "aplicou_multi": false}
2025-11-12 20:59:19,308 [INFO] conferencia_resumo | {"id_importacao": 11, "processadas": 11512, "validas": 10290, "invalidas": 1222, "sem_cdr": 251, "delta_tolerancia": 334, "eot_divergente": 217, "multiplas": 0}
2025-11-12 20:59:28,746 [INFO] listar_resultados_base | {"id_importacao": 11, "pagina": 1, "limite": 25, "total_base": 11313, "filtros": {"status": null, "descritor": null, "gh": null, "apenas_sem_cdr": false, "diferenca_min": null, "eot_divergente": false, "cruza_gh": false, "tarifa": null, "assinante_a": null, "assinante_b": null, "data_inicio": "2025-02-28T21:00", "data_fim": "2025-05-30T21:00", "multi_divergencias": false, "gh_inconsistente": false}}
2025-11-12 20:59:28,747 [INFO] listar_resultados_resposta | {"id_importacao": 11, "pagina": 1, "limite": 25, "total_base": 11313, "total_final": 11313, "aplicou_eot": false, "aplicou_multi": false}
2025-11-12 20:59:28,945 [INFO] conferencia_resumo | {"id_importacao": 11, "processadas": 11512, "validas": 10290, "invalidas": 1222, "sem_cdr": 251, "delta_tolerancia": 334, "eot_divergente": 217, "multiplas": 0}
2025-11-12 21:12:19,079 [INFO] listar_resultados_base | {"id_importacao": 11, "pagina": 1, "limite": 25, "total_base": 10107, "filtros": {"status": ["CONFERIDO"], "descritor": null, "gh": null, "apenas_sem_cdr": false, "diferenca_min": null, "eot_divergente": false, "cruza_gh": false, "tarifa": null, "assinante_a": null, "assinante_b": null, "data_inicio": "2025-02-28T21:00", "data_fim": "2025-05-30T21:00", "multi_divergencias": false, "gh_inconsistente": false}}
2025-11-12 21:12:19,080 [INFO] listar_resultados_resposta | {"id_importacao": 11, "pagina": 1, "limite": 25, "total_base": 10107, "total_final": 10107, "aplicou_eot": false, "aplicou_multi": false}
2025-11-12 21:12:19,706 [INFO] listar_resultados_base | {"id_importacao": 11, "pagina": 1, "limite": 25, "total_base": 11313, "filtros": {"status": null, "descritor": null, "gh": null, "apenas_sem_cdr": false, "diferenca_min": null, "eot_divergente": false, "cruza_gh": false, "tarifa": null, "assinante_a": null, "assinante_b": null, "data_inicio": "2025-02-28T21:00", "data_fim": "2025-05-30T21:00", "multi_divergencias": false, "gh_inconsistente": false}}
2025-11-12 21:12:19,707 [INFO] listar_resultados_resposta | {"id_importacao": 11, "pagina": 1, "limite": 25, "total_base": 11313, "total_final": 11313, "aplicou_eot": false, "aplicou_multi": false}
2025-11-12 21:12:31,449 [INFO] listar_resultados_base | {"id_importacao": 11, "pagina": 1, "limite": 25, "total_base": 468, "filtros": {"status": null, "descritor": null, "gh": null, "apenas_sem_cdr": false, "diferenca_min": null, "eot_divergente": false, "cruza_gh": false, "tarifa": null, "assinante_a": null, "assinante_b": null, "data_inicio": "2025-02-28T21:00", "data_fim": "2025-05-30T21:00", "multi_divergencias": true, "gh_inconsistente": false}}
2025-11-12 21:12:31,458 [INFO] listar_resultados_resposta | {"id_importacao": 11, "pagina": 1, "limite": 25, "total_base": 468, "total_final": 0, "aplicou_eot": false, "aplicou_multi": true}
2025-11-12 21:12:33,195 [INFO] listar_resultados_base | {"id_importacao": 11, "pagina": 1, "limite": 25, "total_base": 11313, "filtros": {"status": null, "descritor": null, "gh": null, "apenas_sem_cdr": false, "diferenca_min": null, "eot_divergente": false, "cruza_gh": false, "tarifa": null, "assinante_a": null, "assinante_b": null, "data_inicio": "2025-02-28T21:00", "data_fim": "2025-05-30T21:00", "multi_divergencias": false, "gh_inconsistente": false}}
2025-11-12 21:12:33,195 [INFO] listar_resultados_resposta | {"id_importacao": 11, "pagina": 1, "limite": 25, "total_base": 11313, "total_final": 11313, "aplicou_eot": false, "aplicou_multi": false}
2025-11-12 21:12:37,065 [INFO] listar_resultados_base | {"id_importacao": 11, "pagina": 1, "limite": 25, "total_base": 7560, "filtros": {"status": null, "descritor": null, "gh": null, "apenas_sem_cdr": false, "diferenca_min": null, "eot_divergente": true, "cruza_gh": false, "tarifa": null, "assinante_a": null, "assinante_b": null, "data_inicio": "2025-02-28T21:00", "data_fim": "2025-05-30T21:00", "multi_divergencias": false, "gh_inconsistente": false}}
2025-11-12 21:12:37,161 [INFO] listar_resultados_resposta | {"id_importacao": 11, "pagina": 1, "limite": 25, "total_base": 7560, "total_final": 217, "aplicou_eot": true, "aplicou_multi": false}
2025-11-12 21:12:44,058 [INFO] listar_resultados_base | {"id_importacao": 11, "pagina": 1, "limite": 25, "total_base": 11313, "filtros": {"status": null, "descritor": null, "gh": null, "apenas_sem_cdr": false, "diferenca_min": null, "eot_divergente": false, "cruza_gh": false, "tarifa": null, "assinante_a": null, "assinante_b": null, "data_inicio": "2025-02-28T21:00", "data_fim": "2025-05-30T21:00", "multi_divergencias": false, "gh_inconsistente": false}}
2025-11-12 21:12:44,058 [INFO] listar_resultados_resposta | {"id_importacao": 11, "pagina": 1, "limite": 25, "total_base": 11313, "total_final": 11313, "aplicou_eot": false, "aplicou_multi": false}
2025-11-12 21:12:44,677 [INFO] listar_resultados_base | {"id_importacao": 11, "pagina": 1, "limite": 25, "total_base": 7560, "filtros": {"status": null, "descritor": null, "gh": null, "apenas_sem_cdr": false, "diferenca_min": null, "eot_divergente": true, "cruza_gh": false, "tarifa": null, "assinante_a": null, "assinante_b": null, "data_inicio": "2025-02-28T21:00", "data_fim": "2025-05-30T21:00", "multi_divergencias": false, "gh_inconsistente": false}}
2025-11-12 21:12:44,790 [INFO] listar_resultados_resposta | {"id_importacao": 11, "pagina": 1, "limite": 25, "total_base": 7560, "total_final": 217, "aplicou_eot": true, "aplicou_multi": false}
2025-11-12 21:13:14,275 [INFO] listar_resultados_base | {"id_importacao": 11, "pagina": 1, "limite": 25, "total_base": 11313, "filtros": {"status": null, "descritor": null, "gh": null, "apenas_sem_cdr": false, "diferenca_min": null, "eot_divergente": false, "cruza_gh": false, "tarifa": null, "assinante_a": null, "assinante_b": null, "data_inicio": "2025-02-28T21:00", "data_fim": "2025-05-30T21:00", "multi_divergencias": false, "gh_inconsistente": false}}
2025-11-12 21:13:14,275 [INFO] listar_resultados_resposta | {"id_importacao": 11, "pagina": 1, "limite": 25, "total_base": 11313, "total_final": 11313, "aplicou_eot": false, "aplicou_multi": false}
2025-11-12 21:13:16,358 [INFO] listar_resultados_base | {"id_importacao": 11, "pagina": 1, "limite": 25, "total_base": 9, "filtros": {"status": null, "descritor": null, "gh": null, "apenas_sem_cdr": false, "diferenca_min": null, "eot_divergente": false, "cruza_gh": true, "tarifa": null, "assinante_a": null, "assinante_b": null, "data_inicio": "2025-02-28T21:00", "data_fim": "2025-05-30T21:00", "multi_divergencias": false, "gh_inconsistente": false}}
2025-11-12 21:13:16,358 [INFO] listar_resultados_resposta | {"id_importacao": 11, "pagina": 1, "limite": 25, "total_base": 9, "total_final": 9, "aplicou_eot": false, "aplicou_multi": false}
2025-11-12 21:14:14,172 [INFO] listar_resultados_base | {"id_importacao": 11, "pagina": 1, "limite": 25, "total_base": 11313, "filtros": {"status": null, "descritor": null, "gh": null, "apenas_sem_cdr": false, "diferenca_min": null, "eot_divergente": false, "cruza_gh": false, "tarifa": null, "assinante_a": null, "assinante_b": null, "data_inicio": "2025-02-28T21:00", "data_fim": "2025-05-30T21:00", "multi_divergencias": false, "gh_inconsistente": false}}
2025-11-12 21:14:14,173 [INFO] listar_resultados_resposta | {"id_importacao": 11, "pagina": 1, "limite": 25, "total_base": 11313, "total_final": 11313, "aplicou_eot": false, "aplicou_multi": false}
2025-11-12 21:14:15,544 [INFO] listar_resultados_base | {"id_importacao": 11, "pagina": 1, "limite": 25, "total_base": 8209, "filtros": {"status": null, "descritor": "LENV", "gh": null, "apenas_sem_cdr": false, "diferenca_min": null, "eot_divergente": false, "cruza_gh": false, "tarifa": null, "assinante_a": null, "assinante_b": null, "data_inicio": "2025-02-28T21:00", "data_fim": "2025-05-30T21:00", "multi_divergencias": false, "gh_inconsistente": false}}
2025-11-12 21:14:15,544 [INFO] listar_resultados_resposta | {"id_importacao": 11, "pagina": 1, "limite": 25, "total_base": 8209, "total_final": 8209, "aplicou_eot": false, "aplicou_multi": false}
2025-11-12 21:14:19,537 [INFO] listar_resultados_base | {"id_importacao": 11, "pagina": 1, "limite": 25, "total_base": 11313, "filtros": {"status": null, "descritor": null, "gh": null, "apenas_sem_cdr": false, "diferenca_min": null, "eot_divergente": false, "cruza_gh": false, "tarifa": null, "assinante_a": null, "assinante_b": null, "data_inicio": "2025-02-28T21:00", "data_fim": "2025-05-30T21:00", "multi_divergencias": false, "gh_inconsistente": false}}
2025-11-12 21:14:19,538 [INFO] listar_resultados_resposta | {"id_importacao": 11, "pagina": 1, "limite": 25, "total_base": 11313, "total_final": 11313, "aplicou_eot": false, "aplicou_multi": false}
2025-11-12 21:14:20,342 [INFO] listar_resultados_base | {"id_importacao": 11, "pagina": 1, "limite": 25, "total_base": 3104, "filtros": {"status": null, "descritor": "GS8V", "gh": null, "apenas_sem_cdr": false, "diferenca_min": null, "eot_divergente": false, "cruza_gh": false, "tarifa": null, "assinante_a": null, "assinante_b": null, "data_inicio": "2025-02-28T21:00", "data_fim": "2025-05-30T21:00", "multi_divergencias": false, "gh_inconsistente": false}}
2025-11-12 21:14:20,343 [INFO] listar_resultados_resposta | {"id_importacao": 11, "pagina": 1, "limite": 25, "total_base": 3104, "total_final": 3104, "aplicou_eot": false, "aplicou_multi": false}
2025-11-12 21:14:20,969 [INFO] listar_resultados_base | {"id_importacao": 11, "pagina": 1, "limite": 25, "total_base": 11313, "filtros": {"status": null, "descritor": null, "gh": null, "apenas_sem_cdr": false, "diferenca_min": null, "eot_divergente": false, "cruza_gh": false, "tarifa": null, "assinante_a": null, "assinante_b": null, "data_inicio": "2025-02-28T21:00", "data_fim": "2025-05-30T21:00", "multi_divergencias": false, "gh_inconsistente": false}}
2025-11-12 21:14:20,970 [INFO] listar_resultados_resposta | {"id_importacao": 11, "pagina": 1, "limite": 25, "total_base": 11313, "total_final": 11313, "aplicou_eot": false, "aplicou_multi": false}
2025-11-12 21:14:22,196 [INFO] listar_resultados_base | {"id_importacao": 11, "pagina": 1, "limite": 25, "total_base": 10325, "filtros": {"status": null, "descritor": null, "gh": "N", "apenas_sem_cdr": false, "diferenca_min": null, "eot_divergente": false, "cruza_gh": false, "tarifa": null, "assinante_a": null, "assinante_b": null, "data_inicio": "2025-02-28T21:00", "data_fim": "2025-05-30T21:00", "multi_divergencias": false, "gh_inconsistente": false}}
2025-11-12 21:14:22,196 [INFO] listar_resultados_resposta | {"id_importacao": 11, "pagina": 1, "limite": 25, "total_base": 10325, "total_final": 10325, "aplicou_eot": false, "aplicou_multi": false}
2025-11-12 21:14:24,676 [INFO] listar_resultados_base | {"id_importacao": 11, "pagina": 1, "limite": 25, "total_base": 11313, "filtros": {"status": null, "descritor": null, "gh": null, "apenas_sem_cdr": false, "diferenca_min": null, "eot_divergente": false, "cruza_gh": false, "tarifa": null, "assinante_a": null, "assinante_b": null, "data_inicio": "2025-02-28T21:00", "data_fim": "2025-05-30T21:00", "multi_divergencias": false, "gh_inconsistente": false}}
2025-11-12 21:14:24,677 [INFO] listar_resultados_resposta | {"id_importacao": 11, "pagina": 1, "limite": 25, "total_base": 11313, "total_final": 11313, "aplicou_eot": false, "aplicou_multi": false}
2025-11-12 21:14:26,241 [INFO] listar_resultados_base | {"id_importacao": 11, "pagina": 1, "limite": 25, "total_base": 0, "filtros": {"status": null, "descritor": null, "gh": null, "apenas_sem_cdr": false, "diferenca_min": null, "eot_divergente": false, "cruza_gh": false, "tarifa": "TU-RL", "assinante_a": null, "assinante_b": null, "data_inicio": "2025-02-28T21:00", "data_fim": "2025-05-30T21:00", "multi_divergencias": false, "gh_inconsistente": false}}
2025-11-12 21:14:26,241 [INFO] listar_resultados_resposta | {"id_importacao": 11, "pagina": 1, "limite": 25, "total_base": 0, "total_final": 0, "aplicou_eot": false, "aplicou_multi": false}
2025-11-12 21:14:29,054 [INFO] listar_resultados_base | {"id_importacao": 11, "pagina": 1, "limite": 25, "total_base": 11313, "filtros": {"status": null, "descritor": null, "gh": null, "apenas_sem_cdr": false, "diferenca_min": null, "eot_divergente": false, "cruza_gh": false, "tarifa": null, "assinante_a": null, "assinante_b": null, "data_inicio": "2025-02-28T21:00", "data_fim": "2025-05-30T21:00", "multi_divergencias": false, "gh_inconsistente": false}}
2025-11-12 21:14:29,055 [INFO] listar_resultados_resposta | {"id_importacao": 11, "pagina": 1, "limite": 25, "total_base": 11313, "total_final": 11313, "aplicou_eot": false, "aplicou_multi": false}
2025-11-12 21:14:29,974 [INFO] listar_resultados_base | {"id_importacao": 11, "pagina": 1, "limite": 25, "total_base": 11313, "filtros": {"status": null, "descritor": null, "gh": null, "apenas_sem_cdr": false, "diferenca_min": null, "eot_divergente": false, "cruza_gh": false, "tarifa": "VU-M", "assinante_a": null, "assinante_b": null, "data_inicio": "2025-02-28T21:00", "data_fim": "2025-05-30T21:00", "multi_divergencias": false, "gh_inconsistente": false}}
2025-11-12 21:14:29,974 [INFO] listar_resultados_resposta | {"id_importacao": 11, "pagina": 1, "limite": 25, "total_base": 11313, "total_final": 11313, "aplicou_eot": false, "aplicou_multi": false}
2025-11-12 21:14:32,179 [INFO] listar_resultados_base | {"id_importacao": 11, "pagina": 1, "limite": 25, "total_base": 11313, "filtros": {"status": null, "descritor": null, "gh": null, "apenas_sem_cdr": false, "diferenca_min": null, "eot_divergente": false, "cruza_gh": false, "tarifa": null, "assinante_a": null, "assinante_b": null, "data_inicio": "2025-02-28T21:00", "data_fim": "2025-05-30T21:00", "multi_divergencias": false, "gh_inconsistente": false}}
2025-11-12 21:14:32,180 [INFO] listar_resultados_resposta | {"id_importacao": 11, "pagina": 1, "limite": 25, "total_base": 11313, "total_final": 11313, "aplicou_eot": false, "aplicou_multi": false}
2025-11-12 21:15:47,412 [INFO] listar_resultados_base | {"id_importacao": 11, "pagina": 1, "limite": 25, "total_base": 11512, "filtros": {"status": null, "descritor": null, "gh": null, "apenas_sem_cdr": false, "diferenca_min": null, "eot_divergente": false, "cruza_gh": false, "tarifa": "VU-M", "assinante_a": null, "assinante_b": null, "data_inicio": null, "data_fim": null, "multi_divergencias": false, "gh_inconsistente": false}}
2025-11-12 21:15:47,413 [INFO] listar_resultados_resposta | {"id_importacao": 11, "pagina": 1, "limite": 25, "total_base": 11512, "total_final": 11512, "aplicou_eot": false, "aplicou_multi": false}
2025-11-12 21:17:10,479 [INFO] listar_resultados_base | {"id_importacao": 11, "pagina": 1, "limite": 25, "total_base": 251, "filtros": {"status": ["PERDIDO"], "descritor": null, "gh": null, "apenas_sem_cdr": false, "diferenca_min": null, "eot_divergente": false, "cruza_gh": false, "tarifa": null, "assinante_a": null, "assinante_b": null, "data_inicio": null, "data_fim": null, "multi_divergencias": false, "gh_inconsistente": false}}
2025-11-12 21:17:10,480 [INFO] listar_resultados_resposta | {"id_importacao": 11, "pagina": 1, "limite": 25, "total_base": 251, "total_final": 251, "aplicou_eot": false, "aplicou_multi": false}
2025-11-12 22:58:50,575 [INFO] listar_resultados_base | {"id_importacao": 11, "pagina": 1, "limite": 25, "total_base": 10541, "filtros": {"status": ["PERDIDO", "CONFERIDO"], "descritor": null, "gh": null, "apenas_sem_cdr": false, "diferenca_min": null, "eot_divergente": false, "cruza_gh": false, "tarifa": null, "assinante_a": null, "assinante_b": null, "data_inicio": null, "data_fim": null, "multi_divergencias": false, "gh_inconsistente": false}}
2025-11-12 22:58:50,578 [INFO] listar_resultados_resposta | {"id_importacao": 11, "pagina": 1, "limite": 25, "total_base": 10541, "total_final": 10541, "aplicou_eot": false, "aplicou_multi": false}
2025-11-12 22:59:05,139 [INFO] listar_resultados_base | {"id_importacao": 11, "pagina": 1, "limite": 25, "total_base": 9, "filtros": {"status": ["PERDIDO", "CONFERIDO"], "descritor": null, "gh": null, "apenas_sem_cdr": false, "diferenca_min": null, "eot_divergente": false, "cruza_gh": true, "tarifa": null, "assinante_a": null, "assinante_b": null, "data_inicio": null, "data_fim": null, "multi_divergencias": false, "gh_inconsistente": false}}
2025-11-12 22:59:05,140 [INFO] listar_resultados_resposta | {"id_importacao": 11, "pagina": 1, "limite": 25, "total_base": 9, "total_final": 9, "aplicou_eot": false, "aplicou_multi": false}
2025-11-13 08:55:14,998 [INFO] listar_resultados_base | {"id_importacao": 11, "pagina": 1, "limite": 25, "total_base": 9, "filtros": {"status": ["PERDIDO", "CONFERIDO"], "descritor": null, "gh": null, "apenas_sem_cdr": false, "diferenca_min": null, "eot_divergente": false, "cruza_gh": true, "tarifa": null, "assinante_a": null, "assinante_b": null, "data_inicio": null, "data_fim": null, "multi_divergencias": false, "gh_inconsistente": false}}
2025-11-13 08:55:14,999 [INFO] listar_resultados_resposta | {"id_importacao": 11, "pagina": 1, "limite": 25, "total_base": 9, "total_final": 9, "aplicou_eot": false, "aplicou_multi": false}
2025-11-13 08:55:15,145 [INFO] listar_resultados_base | {"id_importacao": 11, "pagina": 1, "limite": 25, "total_base": 9, "filtros": {"status": ["PERDIDO", "CONFERIDO"], "descritor": null, "gh": null, "apenas_sem_cdr": false, "diferenca_min": null, "eot_divergente": false, "cruza_gh": true, "tarifa": null, "assinante_a": null, "assinante_b": null, "data_inicio": "2025-02-28T21:00", "data_fim": "2025-05-30T21:00", "multi_divergencias": false, "gh_inconsistente": false}}
2025-11-13 08:55:15,145 [INFO] listar_resultados_resposta | {"id_importacao": 11, "pagina": 1, "limite": 25, "total_base": 9, "total_final": 9, "aplicou_eot": false, "aplicou_multi": false}
2025-11-13 08:55:15,204 [INFO] conferencia_resumo | {"id_importacao": 11, "processadas": 11512, "validas": 10290, "invalidas": 1222, "sem_cdr": 251, "delta_tolerancia": 334, "eot_divergente": 217, "multiplas": 0}
2025-11-13 08:55:27,374 [INFO] listar_resultados_base | {"id_importacao": 11, "pagina": 1, "limite": 25, "total_base": 9, "filtros": {"status": ["PERDIDO", "CONFERIDO"], "descritor": null, "gh": null, "apenas_sem_cdr": false, "diferenca_min": null, "eot_divergente": false, "cruza_gh": true, "tarifa": null, "assinante_a": null, "assinante_b": null, "data_inicio": "2025-02-28T21:00", "data_fim": "2025-05-30T21:00", "multi_divergencias": false, "gh_inconsistente": false}}
2025-11-13 08:55:27,374 [INFO] listar_resultados_resposta | {"id_importacao": 11, "pagina": 1, "limite": 25, "total_base": 9, "total_final": 9, "aplicou_eot": false, "aplicou_multi": false}
2025-11-13 08:55:27,465 [INFO] conferencia_resumo | {"id_importacao": 11, "processadas": 11512, "validas": 10290, "invalidas": 1222, "sem_cdr": 251, "delta_tolerancia": 334, "eot_divergente": 217, "multiplas": 0}
2025-11-13 08:55:39,966 [INFO] listar_resultados_base | {"id_importacao": 11, "pagina": 1, "limite": 25, "total_base": 9, "filtros": {"status": ["PERDIDO", "CONFERIDO"], "descritor": null, "gh": null, "apenas_sem_cdr": false, "diferenca_min": null, "eot_divergente": false, "cruza_gh": true, "tarifa": null, "assinante_a": null, "assinante_b": null, "data_inicio": "2025-02-28T21:00", "data_fim": "2025-05-30T21:00", "multi_divergencias": false, "gh_inconsistente": false}}
2025-11-13 08:55:39,966 [INFO] listar_resultados_resposta | {"id_importacao": 11, "pagina": 1, "limite": 25, "total_base": 9, "total_final": 9, "aplicou_eot": false, "aplicou_multi": false}
2025-11-13 08:55:40,108 [INFO] conferencia_resumo | {"id_importacao": 11, "processadas": 11512, "validas": 10290, "invalidas": 1222, "sem_cdr": 251, "delta_tolerancia": 334, "eot_divergente": 217, "multiplas": 0}
2025-11-13 08:56:24,392 [INFO] listar_resultados_base | {"id_importacao": 11, "pagina": 1, "limite": 25, "total_base": 9, "filtros": {"status": ["PERDIDO", "CONFERIDO"], "descritor": null, "gh": null, "apenas_sem_cdr": false, "diferenca_min": null, "eot_divergente": false, "cruza_gh": true, "tarifa": null, "assinante_a": null, "assinante_b": null, "data_inicio": "2025-02-28T21:00", "data_fim": "2025-05-30T21:00", "multi_divergencias": false, "gh_inconsistente": false}}
2025-11-13 08:56:24,393 [INFO] listar_resultados_resposta | {"id_importacao": 11, "pagina": 1, "limite": 25, "total_base": 9, "total_final": 9, "aplicou_eot": false, "aplicou_multi": false}
2025-11-13 08:56:24,570 [INFO] conferencia_resumo | {"id_importacao": 11, "processadas": 11512, "validas": 10290, "invalidas": 1222, "sem_cdr": 251, "delta_tolerancia": 334, "eot_divergente": 217, "multiplas": 0}
2025-11-13 08:56:38,121 [INFO] listar_resultados_base | {"id_importacao": 11, "pagina": 1, "limite": 25, "total_base": 9, "filtros": {"status": ["PERDIDO", "CONFERIDO"], "descritor": null, "gh": null, "apenas_sem_cdr": false, "diferenca_min": null, "eot_divergente": false, "cruza_gh": true, "tarifa": null, "assinante_a": null, "assinante_b": null, "data_inicio": "2025-02-28T21:00", "data_fim": "2025-05-30T21:00", "multi_divergencias": false, "gh_inconsistente": false}}
2025-11-13 08:56:38,122 [INFO] listar_resultados_resposta | {"id_importacao": 11, "pagina": 1, "limite": 25, "total_base": 9, "total_final": 9, "aplicou_eot": false, "aplicou_multi": false}
2025-11-13 08:56:38,283 [INFO] conferencia_resumo | {"id_importacao": 11, "processadas": 11512, "validas": 10290, "invalidas": 1222, "sem_cdr": 251, "delta_tolerancia": 334, "eot_divergente": 217, "multiplas": 0}
2025-11-13 08:59:55,925 [INFO] listar_resultados_base | {"id_importacao": 11, "pagina": 1, "limite": 25, "total_base": 9, "filtros": {"status": ["PERDIDO", "CONFERIDO"], "descritor": null, "gh": null, "apenas_sem_cdr": false, "diferenca_min": null, "eot_divergente": false, "cruza_gh": true, "tarifa": null, "assinante_a": null, "assinante_b": null, "data_inicio": "2025-02-28T21:00", "data_fim": "2025-05-30T21:00", "multi_divergencias": false, "gh_inconsistente": false}}
2025-11-13 08:59:55,925 [INFO] listar_resultados_resposta | {"id_importacao": 11, "pagina": 1, "limite": 25, "total_base": 9, "total_final": 9, "aplicou_eot": false, "aplicou_multi": false}
2025-11-13 08:59:56,036 [INFO] conferencia_resumo | {"id_importacao": 11, "processadas": 11512, "validas": 10290, "invalidas": 1222, "sem_cdr": 251, "delta_tolerancia": 334, "eot_divergente": 217, "multiplas": 0}
2025-11-13 09:00:09,925 [INFO] listar_resultados_base | {"id_importacao": 11, "pagina": 1, "limite": 25, "total_base": 9, "filtros": {"status": ["PERDIDO", "CONFERIDO"], "descritor": null, "gh": null, "apenas_sem_cdr": false, "diferenca_min": null, "eot_divergente": false, "cruza_gh": true, "tarifa": null, "assinante_a": null, "assinante_b": null, "data_inicio": "2025-02-28T21:00", "data_fim": "2025-05-30T21:00", "multi_divergencias": false, "gh_inconsistente": false}}
2025-11-13 09:00:09,925 [INFO] listar_resultados_resposta | {"id_importacao": 11, "pagina": 1, "limite": 25, "total_base": 9, "total_final": 9, "aplicou_eot": false, "aplicou_multi": false}
2025-11-13 09:00:10,054 [INFO] conferencia_resumo | {"id_importacao": 11, "processadas": 11512, "validas": 10290, "invalidas": 1222, "sem_cdr": 251, "delta_tolerancia": 334, "eot_divergente": 217, "multiplas": 0}
2025-11-13 09:00:32,958 [INFO] listar_resultados_base | {"id_importacao": 11, "pagina": 1, "limite": 25, "total_base": 9, "filtros": {"status": ["PERDIDO", "CONFERIDO"], "descritor": null, "gh": null, "apenas_sem_cdr": false, "diferenca_min": null, "eot_divergente": false, "cruza_gh": true, "tarifa": null, "assinante_a": null, "assinante_b": null, "data_inicio": "2025-02-28T21:00", "data_fim": "2025-05-30T21:00", "multi_divergencias": false, "gh_inconsistente": false}}
2025-11-13 09:00:32,958 [INFO] listar_resultados_resposta | {"id_importacao": 11, "pagina": 1, "limite": 25, "total_base": 9, "total_final": 9, "aplicou_eot": false, "aplicou_multi": false}
2025-11-13 09:00:33,058 [INFO] conferencia_resumo | {"id_importacao": 11, "processadas": 11512, "validas": 10290, "invalidas": 1222, "sem_cdr": 251, "delta_tolerancia": 334, "eot_divergente": 217, "multiplas": 0}
2025-11-13 09:00:42,945 [INFO] listar_resultados_base | {"id_importacao": 11, "pagina": 1, "limite": 25, "total_base": 9, "filtros": {"status": ["PERDIDO", "CONFERIDO"], "descritor": null, "gh": null, "apenas_sem_cdr": false, "diferenca_min": null, "eot_divergente": false, "cruza_gh": true, "tarifa": null, "assinante_a": null, "assinante_b": null, "data_inicio": "2025-02-28T21:00", "data_fim": "2025-05-30T21:00", "multi_divergencias": false, "gh_inconsistente": false}}
2025-11-13 09:00:42,945 [INFO] listar_resultados_resposta | {"id_importacao": 11, "pagina": 1, "limite": 25, "total_base": 9, "total_final": 9, "aplicou_eot": false, "aplicou_multi": false}
2025-11-13 09:00:43,026 [INFO] conferencia_resumo | {"id_importacao": 11, "processadas": 11512, "validas": 10290, "invalidas": 1222, "sem_cdr": 251, "delta_tolerancia": 334, "eot_divergente": 217, "multiplas": 0}
2025-11-13 09:02:10,438 [INFO] listar_resultados_base | {"id_importacao": 11, "pagina": 1, "limite": 25, "total_base": 11512, "filtros": {"status": null, "descritor": null, "gh": null, "apenas_sem_cdr": false, "diferenca_min": null, "eot_divergente": false, "cruza_gh": false, "tarifa": null, "assinante_a": null, "assinante_b": null, "data_inicio": null, "data_fim": null, "multi_divergencias": false, "gh_inconsistente": false}}
2025-11-13 09:02:10,438 [INFO] listar_resultados_resposta | {"id_importacao": 11, "pagina": 1, "limite": 25, "total_base": 11512, "total_final": 11512, "aplicou_eot": false, "aplicou_multi": false}
2025-11-13 09:02:10,653 [INFO] conferencia_resumo | {"id_importacao": 11, "processadas": 11512, "validas": 10290, "invalidas": 1222, "sem_cdr": 251, "delta_tolerancia": 334, "eot_divergente": 217, "multiplas": 0}
2025-11-13 09:02:10,762 [INFO] listar_resultados_base | {"id_importacao": 11, "pagina": 1, "limite": 25, "total_base": 11313, "filtros": {"status": null, "descritor": null, "gh": null, "apenas_sem_cdr": false, "diferenca_min": null, "eot_divergente": false, "cruza_gh": false, "tarifa": null, "assinante_a": null, "assinante_b": null, "data_inicio": "2025-02-28T21:00", "data_fim": "2025-05-30T21:00", "multi_divergencias": false, "gh_inconsistente": false}}
2025-11-13 09:02:10,763 [INFO] listar_resultados_resposta | {"id_importacao": 11, "pagina": 1, "limite": 25, "total_base": 11313, "total_final": 11313, "aplicou_eot": false, "aplicou_multi": false}
2025-11-13 09:03:25,853 [INFO] listar_resultados_base | {"id_importacao": 11, "pagina": 1, "limite": 25, "total_base": 11313, "filtros": {"status": null, "descritor": null, "gh": null, "apenas_sem_cdr": false, "diferenca_min": null, "eot_divergente": false, "cruza_gh": false, "tarifa": null, "assinante_a": null, "assinante_b": null, "data_inicio": "2025-02-28T21:00", "data_fim": "2025-05-30T21:00", "multi_divergencias": false, "gh_inconsistente": false}}
2025-11-13 09:03:25,853 [INFO] listar_resultados_resposta | {"id_importacao": 11, "pagina": 1, "limite": 25, "total_base": 11313, "total_final": 11313, "aplicou_eot": false, "aplicou_multi": false}
2025-11-13 09:03:26,069 [INFO] conferencia_resumo | {"id_importacao": 11, "processadas": 11512, "validas": 10290, "invalidas": 1222, "sem_cdr": 251, "delta_tolerancia": 334, "eot_divergente": 217, "multiplas": 0}
2025-11-13 09:03:46,866 [INFO] listar_resultados_base | {"id_importacao": 11, "pagina": 1, "limite": 25, "total_base": 11313, "filtros": {"status": null, "descritor": null, "gh": null, "apenas_sem_cdr": false, "diferenca_min": null, "eot_divergente": false, "cruza_gh": false, "tarifa": null, "assinante_a": null, "assinante_b": null, "data_inicio": "2025-02-28T21:00", "data_fim": "2025-05-30T21:00", "multi_divergencias": false, "gh_inconsistente": false}}
2025-11-13 09:03:46,867 [INFO] listar_resultados_resposta | {"id_importacao": 11, "pagina": 1, "limite": 25, "total_base": 11313, "total_final": 11313, "aplicou_eot": false, "aplicou_multi": false}
2025-11-13 09:03:47,143 [INFO] conferencia_resumo | {"id_importacao": 11, "processadas": 11512, "validas": 10290, "invalidas": 1222, "sem_cdr": 251, "delta_tolerancia": 334, "eot_divergente": 217, "multiplas": 0}
2025-11-13 09:16:35,736 [INFO] listar_resultados_base | {"id_importacao": 11, "pagina": 1, "limite": 25, "total_base": 11512, "filtros": {"status": null, "descritor": null, "gh": null, "apenas_sem_cdr": false, "diferenca_min": null, "eot_divergente": false, "cruza_gh": false, "tarifa": null, "assinante_a": null, "assinante_b": null, "data_inicio": null, "data_fim": null, "multi_divergencias": false, "gh_inconsistente": false}}
2025-11-13 09:16:35,736 [INFO] listar_resultados_resposta | {"id_importacao": 11, "pagina": 1, "limite": 25, "total_base": 11512, "total_final": 11512, "aplicou_eot": false, "aplicou_multi": false}
2025-11-13 09:16:35,993 [INFO] conferencia_resumo | {"id_importacao": 11, "processadas": 11512, "validas": 10290, "invalidas": 1222, "sem_cdr": 251, "delta_tolerancia": 334, "eot_divergente": 217, "multiplas": 0}
2025-11-13 09:16:36,119 [INFO] listar_resultados_base | {"id_importacao": 11, "pagina": 1, "limite": 25, "total_base": 11313, "filtros": {"status": null, "descritor": null, "gh": null, "apenas_sem_cdr": false, "diferenca_min": null, "eot_divergente": false, "cruza_gh": false, "tarifa": null, "assinante_a": null, "assinante_b": null, "data_inicio": "2025-02-28T21:00", "data_fim": "2025-05-30T21:00", "multi_divergencias": false, "gh_inconsistente": false}}
2025-11-13 09:16:36,119 [INFO] listar_resultados_resposta | {"id_importacao": 11, "pagina": 1, "limite": 25, "total_base": 11313, "total_final": 11313, "aplicou_eot": false, "aplicou_multi": false}
2025-11-13 09:48:09,275 [INFO] listar_resultados_base | {"id_importacao": 11, "pagina": 1, "limite": 25, "total_base": 11512, "filtros": {"status": null, "descritor": null, "gh": null, "apenas_sem_cdr": false, "diferenca_min": null, "eot_divergente": false, "cruza_gh": false, "tarifa": null, "assinante_a": null, "assinante_b": null, "data_inicio": null, "data_fim": null, "multi_divergencias": false, "gh_inconsistente": false}}
2025-11-13 09:48:09,280 [INFO] listar_resultados_resposta | {"id_importacao": 11, "pagina": 1, "limite": 25, "total_base": 11512, "total_final": 11512, "aplicou_eot": false, "aplicou_multi": false}
2025-11-13 09:48:09,493 [INFO] conferencia_resumo | {"id_importacao": 11, "processadas": 11512, "validas": 10290, "invalidas": 1222, "sem_cdr": 251, "delta_tolerancia": 334, "eot_divergente": 217, "multiplas": 0}
2025-11-13 09:48:09,637 [INFO] listar_resultados_base | {"id_importacao": 11, "pagina": 1, "limite": 25, "total_base": 11313, "filtros": {"status": null, "descritor": null, "gh": null, "apenas_sem_cdr": false, "diferenca_min": null, "eot_divergente": false, "cruza_gh": false, "tarifa": null, "assinante_a": null, "assinante_b": null, "data_inicio": "2025-02-28T21:00", "data_fim": "2025-05-30T21:00", "multi_divergencias": false, "gh_inconsistente": false}}
2025-11-13 09:48:09,638 [INFO] listar_resultados_resposta | {"id_importacao": 11, "pagina": 1, "limite": 25, "total_base": 11313, "total_final": 11313, "aplicou_eot": false, "aplicou_multi": false}
2025-11-13 09:52:16,827 [INFO] listar_resultados_base | {"id_importacao": 11, "pagina": 1, "limite": 25, "total_base": 11313, "filtros": {"status": null, "descritor": null, "gh": null, "apenas_sem_cdr": false, "diferenca_min": null, "eot_divergente": false, "cruza_gh": false, "tarifa": null, "assinante_a": null, "assinante_b": null, "data_inicio": "2025-02-28T21:00", "data_fim": "2025-05-30T21:00", "multi_divergencias": false, "gh_inconsistente": false}}
2025-11-13 09:52:16,828 [INFO] listar_resultados_resposta | {"id_importacao": 11, "pagina": 1, "limite": 25, "total_base": 11313, "total_final": 11313, "aplicou_eot": false, "aplicou_multi": false}
2025-11-13 09:52:17,015 [INFO] conferencia_resumo | {"id_importacao": 11, "processadas": 11512, "validas": 10290, "invalidas": 1222, "sem_cdr": 251, "delta_tolerancia": 334, "eot_divergente": 217, "multiplas": 0}
2025-11-13 09:52:35,817 [INFO] listar_resultados_base | {"id_importacao": 11, "pagina": 1, "limite": 25, "total_base": 11313, "filtros": {"status": null, "descritor": null, "gh": null, "apenas_sem_cdr": false, "diferenca_min": null, "eot_divergente": false, "cruza_gh": false, "tarifa": null, "assinante_a": null, "assinante_b": null, "data_inicio": "2025-02-28T21:00", "data_fim": "2025-05-30T21:00", "multi_divergencias": false, "gh_inconsistente": false}}
2025-11-13 09:52:35,818 [INFO] listar_resultados_resposta | {"id_importacao": 11, "pagina": 1, "limite": 25, "total_base": 11313, "total_final": 11313, "aplicou_eot": false, "aplicou_multi": false}
2025-11-13 09:52:36,097 [INFO] conferencia_resumo | {"id_importacao": 11, "processadas": 11512, "validas": 10290, "invalidas": 1222, "sem_cdr": 251, "delta_tolerancia": 334, "eot_divergente": 217, "multiplas": 0}
2025-11-13 09:56:42,842 [INFO] listar_resultados_base | {"id_importacao": 11, "pagina": 1, "limite": 25, "total_base": 11313, "filtros": {"status": null, "descritor": null, "gh": null, "apenas_sem_cdr": false, "diferenca_min": null, "eot_divergente": false, "cruza_gh": false, "tarifa": null, "assinante_a": null, "assinante_b": null, "data_inicio": "2025-02-28T21:00", "data_fim": "2025-05-30T21:00", "multi_divergencias": false, "gh_inconsistente": false}}
2025-11-13 09:56:42,842 [INFO] listar_resultados_resposta | {"id_importacao": 11, "pagina": 1, "limite": 25, "total_base": 11313, "total_final": 11313, "aplicou_eot": false, "aplicou_multi": false}
2025-11-13 09:56:43,131 [INFO] conferencia_resumo | {"id_importacao": 11, "processadas": 11512, "validas": 10290, "invalidas": 1222, "sem_cdr": 251, "delta_tolerancia": 334, "eot_divergente": 217, "multiplas": 0}
2025-11-13 09:56:59,874 [INFO] listar_resultados_base | {"id_importacao": 11, "pagina": 1, "limite": 25, "total_base": 11313, "filtros": {"status": null, "descritor": null, "gh": null, "apenas_sem_cdr": false, "diferenca_min": null, "eot_divergente": false, "cruza_gh": false, "tarifa": null, "assinante_a": null, "assinante_b": null, "data_inicio": "2025-02-28T21:00", "data_fim": "2025-05-30T21:00", "multi_divergencias": false, "gh_inconsistente": false}}
2025-11-13 09:56:59,877 [INFO] listar_resultados_resposta | {"id_importacao": 11, "pagina": 1, "limite": 25, "total_base": 11313, "total_final": 11313, "aplicou_eot": false, "aplicou_multi": false}
2025-11-13 09:57:00,108 [INFO] conferencia_resumo | {"id_importacao": 11, "processadas": 11512, "validas": 10290, "invalidas": 1222, "sem_cdr": 251, "delta_tolerancia": 334, "eot_divergente": 217, "multiplas": 0}
2025-11-13 09:57:52,904 [INFO] listar_resultados_base | {"id_importacao": 11, "pagina": 1, "limite": 25, "total_base": 11313, "filtros": {"status": null, "descritor": null, "gh": null, "apenas_sem_cdr": false, "diferenca_min": null, "eot_divergente": false, "cruza_gh": false, "tarifa": null, "assinante_a": null, "assinante_b": null, "data_inicio": "2025-02-28T21:00", "data_fim": "2025-05-30T21:00", "multi_divergencias": false, "gh_inconsistente": false}}
2025-11-13 09:57:52,905 [INFO] listar_resultados_resposta | {"id_importacao": 11, "pagina": 1, "limite": 25, "total_base": 11313, "total_final": 11313, "aplicou_eot": false, "aplicou_multi": false}
2025-11-13 09:57:53,176 [INFO] conferencia_resumo | {"id_importacao": 11, "processadas": 11512, "validas": 10290, "invalidas": 1222, "sem_cdr": 251, "delta_tolerancia": 334, "eot_divergente": 217, "multiplas": 0}
2025-11-13 09:58:11,873 [INFO] listar_resultados_base | {"id_importacao": 11, "pagina": 1, "limite": 25, "total_base": 11313, "filtros": {"status": null, "descritor": null, "gh": null, "apenas_sem_cdr": false, "diferenca_min": null, "eot_divergente": false, "cruza_gh": false, "tarifa": null, "assinante_a": null, "assinante_b": null, "data_inicio": "2025-02-28T21:00", "data_fim": "2025-05-30T21:00", "multi_divergencias": false, "gh_inconsistente": false}}
2025-11-13 09:58:11,874 [INFO] listar_resultados_resposta | {"id_importacao": 11, "pagina": 1, "limite": 25, "total_base": 11313, "total_final": 11313, "aplicou_eot": false, "aplicou_multi": false}
2025-11-13 09:58:12,075 [INFO] conferencia_resumo | {"id_importacao": 11, "processadas": 11512, "validas": 10290, "invalidas": 1222, "sem_cdr": 251, "delta_tolerancia": 334, "eot_divergente": 217, "multiplas": 0}
2025-11-13 09:58:24,844 [INFO] listar_resultados_base | {"id_importacao": 11, "pagina": 1, "limite": 25, "total_base": 11313, "filtros": {"status": null, "descritor": null, "gh": null, "apenas_sem_cdr": false, "diferenca_min": null, "eot_divergente": false, "cruza_gh": false, "tarifa": null, "assinante_a": null, "assinante_b": null, "data_inicio": "2025-02-28T21:00", "data_fim": "2025-05-30T21:00", "multi_divergencias": false, "gh_inconsistente": false}}
2025-11-13 09:58:24,845 [INFO] listar_resultados_resposta | {"id_importacao": 11, "pagina": 1, "limite": 25, "total_base": 11313, "total_final": 11313, "aplicou_eot": false, "aplicou_multi": false}
2025-11-13 09:58:25,073 [INFO] conferencia_resumo | {"id_importacao": 11, "processadas": 11512, "validas": 10290, "invalidas": 1222, "sem_cdr": 251, "delta_tolerancia": 334, "eot_divergente": 217, "multiplas": 0}
2025-11-13 09:59:00,681 [INFO] listar_resultados_base | {"id_importacao": 11, "pagina": 1, "limite": 25, "total_base": 11512, "filtros": {"status": null, "descritor": null, "gh": null, "apenas_sem_cdr": false, "diferenca_min": null, "eot_divergente": false, "cruza_gh": false, "tarifa": null, "assinante_a": null, "assinante_b": null, "data_inicio": null, "data_fim": null, "multi_divergencias": false, "gh_inconsistente": false}}
2025-11-13 09:59:00,682 [INFO] listar_resultados_resposta | {"id_importacao": 11, "pagina": 1, "limite": 25, "total_base": 11512, "total_final": 11512, "aplicou_eot": false, "aplicou_multi": false}
2025-11-13 09:59:00,933 [INFO] conferencia_resumo | {"id_importacao": 11, "processadas": 11512, "validas": 10290, "invalidas": 1222, "sem_cdr": 251, "delta_tolerancia": 334, "eot_divergente": 217, "multiplas": 0}
2025-11-13 09:59:01,054 [INFO] listar_resultados_base | {"id_importacao": 11, "pagina": 1, "limite": 25, "total_base": 11313, "filtros": {"status": null, "descritor": null, "gh": null, "apenas_sem_cdr": false, "diferenca_min": null, "eot_divergente": false, "cruza_gh": false, "tarifa": null, "assinante_a": null, "assinante_b": null, "data_inicio": "2025-02-28T21:00", "data_fim": "2025-05-30T21:00", "multi_divergencias": false, "gh_inconsistente": false}}
2025-11-13 09:59:01,054 [INFO] listar_resultados_resposta | {"id_importacao": 11, "pagina": 1, "limite": 25, "total_base": 11313, "total_final": 11313, "aplicou_eot": false, "aplicou_multi": false}
2025-11-13 10:02:47,944 [INFO] listar_resultados_base | {"id_importacao": 11, "pagina": 1, "limite": 25, "total_base": 11313, "filtros": {"status": null, "descritor": null, "gh": null, "apenas_sem_cdr": false, "diferenca_min": null, "eot_divergente": false, "cruza_gh": false, "tarifa": null, "assinante_a": null, "assinante_b": null, "data_inicio": "2025-02-28T21:00", "data_fim": "2025-05-30T21:00", "multi_divergencias": false, "gh_inconsistente": false}}
2025-11-13 10:02:47,945 [INFO] listar_resultados_resposta | {"id_importacao": 11, "pagina": 1, "limite": 25, "total_base": 11313, "total_final": 11313, "aplicou_eot": false, "aplicou_multi": false}
2025-11-13 10:02:48,291 [INFO] conferencia_resumo | {"id_importacao": 11, "processadas": 11512, "validas": 10290, "invalidas": 1222, "sem_cdr": 251, "delta_tolerancia": 334, "eot_divergente": 217, "multiplas": 0}
2025-11-13 10:17:06,863 [INFO] listar_resultados_base | {"id_importacao": 11, "pagina": 1, "limite": 25, "total_base": 11313, "filtros": {"status": null, "descritor": null, "gh": null, "apenas_sem_cdr": false, "diferenca_min": null, "eot_divergente": false, "cruza_gh": false, "tarifa": null, "assinante_a": null, "assinante_b": null, "data_inicio": "2025-02-28T21:00", "data_fim": "2025-05-30T21:00", "multi_divergencias": false, "gh_inconsistente": false}}
2025-11-13 10:17:06,864 [INFO] listar_resultados_resposta | {"id_importacao": 11, "pagina": 1, "limite": 25, "total_base": 11313, "total_final": 11313, "aplicou_eot": false, "aplicou_multi": false}
2025-11-13 10:17:07,093 [INFO] conferencia_resumo | {"id_importacao": 11, "processadas": 11512, "validas": 10290, "invalidas": 1222, "sem_cdr": 251, "delta_tolerancia": 334, "eot_divergente": 217, "multiplas": 0}
2025-11-13 10:22:34,405 [INFO] listar_resultados_base | {"id_importacao": 11, "pagina": 1, "limite": 25, "total_base": 11512, "filtros": {"status": null, "descritor": null, "gh": null, "apenas_sem_cdr": false, "diferenca_min": null, "eot_divergente": false, "cruza_gh": false, "tarifa": null, "assinante_a": null, "assinante_b": null, "data_inicio": null, "data_fim": null, "multi_divergencias": false, "gh_inconsistente": false}}
2025-11-13 10:22:34,406 [INFO] listar_resultados_resposta | {"id_importacao": 11, "pagina": 1, "limite": 25, "total_base": 11512, "total_final": 11512, "aplicou_eot": false, "aplicou_multi": false}
2025-11-13 10:22:34,623 [INFO] conferencia_resumo | {"id_importacao": 11, "processadas": 11512, "validas": 10290, "invalidas": 1222, "sem_cdr": 251, "delta_tolerancia": 334, "eot_divergente": 217, "multiplas": 0}
2025-11-13 10:22:34,741 [INFO] listar_resultados_base | {"id_importacao": 11, "pagina": 1, "limite": 25, "total_base": 11313, "filtros": {"status": null, "descritor": null, "gh": null, "apenas_sem_cdr": false, "diferenca_min": null, "eot_divergente": false, "cruza_gh": false, "tarifa": null, "assinante_a": null, "assinante_b": null, "data_inicio": "2025-02-28T21:00", "data_fim": "2025-05-30T21:00", "multi_divergencias": false, "gh_inconsistente": false}}
2025-11-13 10:22:34,741 [INFO] listar_resultados_resposta | {"id_importacao": 11, "pagina": 1, "limite": 25, "total_base": 11313, "total_final": 11313, "aplicou_eot": false, "aplicou_multi": false}
2025-11-13 10:38:09,653 [INFO] listar_resultados_base | {"id_importacao": 11, "pagina": 1, "limite": 25, "total_base": 11512, "filtros": {"status": null, "descritor": null, "gh": null, "apenas_sem_cdr": false, "diferenca_min": null, "eot_divergente": false, "cruza_gh": false, "tarifa": null, "assinante_a": null, "assinante_b": null, "data_inicio": null, "data_fim": null, "multi_divergencias": false, "gh_inconsistente": false}}
2025-11-13 10:38:09,654 [INFO] listar_resultados_resposta | {"id_importacao": 11, "pagina": 1, "limite": 25, "total_base": 11512, "total_final": 11512, "aplicou_eot": false, "aplicou_multi": false}
2025-11-13 10:38:09,928 [INFO] conferencia_resumo | {"id_importacao": 11, "processadas": 11512, "validas": 10290, "invalidas": 1222, "sem_cdr": 251, "delta_tolerancia": 334, "eot_divergente": 217, "multiplas": 0}
2025-11-13 10:38:10,107 [INFO] listar_resultados_base | {"id_importacao": 11, "pagina": 1, "limite": 25, "total_base": 11313, "filtros": {"status": null, "descritor": null, "gh": null, "apenas_sem_cdr": false, "diferenca_min": null, "eot_divergente": false, "cruza_gh": false, "tarifa": null, "assinante_a": null, "assinante_b": null, "data_inicio": "2025-02-28T21:00", "data_fim": "2025-05-30T21:00", "multi_divergencias": false, "gh_inconsistente": false}}
2025-11-13 10:38:10,108 [INFO] listar_resultados_resposta | {"id_importacao": 11, "pagina": 1, "limite": 25, "total_base": 11313, "total_final": 11313, "aplicou_eot": false, "aplicou_multi": false}
2025-11-13 10:42:15,876 [INFO] listar_resultados_base | {"id_importacao": 11, "pagina": 1, "limite": 25, "total_base": 11313, "filtros": {"status": null, "descritor": null, "gh": null, "apenas_sem_cdr": false, "diferenca_min": null, "eot_divergente": false, "cruza_gh": false, "tarifa": null, "assinante_a": null, "assinante_b": null, "data_inicio": "2025-02-28T21:00", "data_fim": "2025-05-30T21:00", "multi_divergencias": false, "gh_inconsistente": false}}
2025-11-13 10:42:15,877 [INFO] listar_resultados_resposta | {"id_importacao": 11, "pagina": 1, "limite": 25, "total_base": 11313, "total_final": 11313, "aplicou_eot": false, "aplicou_multi": false}
2025-11-13 10:42:16,092 [INFO] conferencia_resumo | {"id_importacao": 11, "processadas": 11512, "validas": 10290, "invalidas": 1222, "sem_cdr": 251, "delta_tolerancia": 334, "eot_divergente": 217, "multiplas": 0}
2025-11-13 10:42:34,858 [INFO] listar_resultados_base | {"id_importacao": 11, "pagina": 1, "limite": 25, "total_base": 11313, "filtros": {"status": null, "descritor": null, "gh": null, "apenas_sem_cdr": false, "diferenca_min": null, "eot_divergente": false, "cruza_gh": false, "tarifa": null, "assinante_a": null, "assinante_b": null, "data_inicio": "2025-02-28T21:00", "data_fim": "2025-05-30T21:00", "multi_divergencias": false, "gh_inconsistente": false}}
2025-11-13 10:42:34,859 [INFO] listar_resultados_resposta | {"id_importacao": 11, "pagina": 1, "limite": 25, "total_base": 11313, "total_final": 11313, "aplicou_eot": false, "aplicou_multi": false}
2025-11-13 10:42:35,075 [INFO] conferencia_resumo | {"id_importacao": 11, "processadas": 11512, "validas": 10290, "invalidas": 1222, "sem_cdr": 251, "delta_tolerancia": 334, "eot_divergente": 217, "multiplas": 0}
2025-11-13 10:45:47,840 [INFO] listar_resultados_base | {"id_importacao": 11, "pagina": 1, "limite": 25, "total_base": 11313, "filtros": {"status": null, "descritor": null, "gh": null, "apenas_sem_cdr": false, "diferenca_min": null, "eot_divergente": false, "cruza_gh": false, "tarifa": null, "assinante_a": null, "assinante_b": null, "data_inicio": "2025-02-28T21:00", "data_fim": "2025-05-30T21:00", "multi_divergencias": false, "gh_inconsistente": false}}
2025-11-13 10:45:47,841 [INFO] listar_resultados_resposta | {"id_importacao": 11, "pagina": 1, "limite": 25, "total_base": 11313, "total_final": 11313, "aplicou_eot": false, "aplicou_multi": false}
2025-11-13 10:45:48,052 [INFO] conferencia_resumo | {"id_importacao": 11, "processadas": 11512, "validas": 10290, "invalidas": 1222, "sem_cdr": 251, "delta_tolerancia": 334, "eot_divergente": 217, "multiplas": 0}
2025-11-13 10:49:44,864 [INFO] listar_resultados_base | {"id_importacao": 11, "pagina": 1, "limite": 25, "total_base": 11313, "filtros": {"status": null, "descritor": null, "gh": null, "apenas_sem_cdr": false, "diferenca_min": null, "eot_divergente": false, "cruza_gh": false, "tarifa": null, "assinante_a": null, "assinante_b": null, "data_inicio": "2025-02-28T21:00", "data_fim": "2025-05-30T21:00", "multi_divergencias": false, "gh_inconsistente": false}}
2025-11-13 10:49:44,865 [INFO] listar_resultados_resposta | {"id_importacao": 11, "pagina": 1, "limite": 25, "total_base": 11313, "total_final": 11313, "aplicou_eot": false, "aplicou_multi": false}
2025-11-13 10:49:45,090 [INFO] conferencia_resumo | {"id_importacao": 11, "processadas": 11512, "validas": 10290, "invalidas": 1222, "sem_cdr": 251, "delta_tolerancia": 334, "eot_divergente": 217, "multiplas": 0}
2025-11-13 10:55:15,870 [INFO] listar_resultados_base | {"id_importacao": 11, "pagina": 1, "limite": 25, "total_base": 11313, "filtros": {"status": null, "descritor": null, "gh": null, "apenas_sem_cdr": false, "diferenca_min": null, "eot_divergente": false, "cruza_gh": false, "tarifa": null, "assinante_a": null, "assinante_b": null, "data_inicio": "2025-02-28T21:00", "data_fim": "2025-05-30T21:00", "multi_divergencias": false, "gh_inconsistente": false}}
2025-11-13 10:55:15,871 [INFO] listar_resultados_resposta | {"id_importacao": 11, "pagina": 1, "limite": 25, "total_base": 11313, "total_final": 11313, "aplicou_eot": false, "aplicou_multi": false}
2025-11-13 10:55:16,094 [INFO] conferencia_resumo | {"id_importacao": 11, "processadas": 11512, "validas": 10290, "invalidas": 1222, "sem_cdr": 251, "delta_tolerancia": 334, "eot_divergente": 217, "multiplas": 0}
2025-11-13 10:55:37,861 [INFO] listar_resultados_base | {"id_importacao": 11, "pagina": 1, "limite": 25, "total_base": 11313, "filtros": {"status": null, "descritor": null, "gh": null, "apenas_sem_cdr": false, "diferenca_min": null, "eot_divergente": false, "cruza_gh": false, "tarifa": null, "assinante_a": null, "assinante_b": null, "data_inicio": "2025-02-28T21:00", "data_fim": "2025-05-30T21:00", "multi_divergencias": false, "gh_inconsistente": false}}
2025-11-13 10:55:37,862 [INFO] listar_resultados_resposta | {"id_importacao": 11, "pagina": 1, "limite": 25, "total_base": 11313, "total_final": 11313, "aplicou_eot": false, "aplicou_multi": false}
2025-11-13 10:55:38,063 [INFO] conferencia_resumo | {"id_importacao": 11, "processadas": 11512, "validas": 10290, "invalidas": 1222, "sem_cdr": 251, "delta_tolerancia": 334, "eot_divergente": 217, "multiplas": 0}
2025-11-13 10:58:52,863 [INFO] listar_resultados_base | {"id_importacao": 11, "pagina": 1, "limite": 25, "total_base": 11313, "filtros": {"status": null, "descritor": null, "gh": null, "apenas_sem_cdr": false, "diferenca_min": null, "eot_divergente": false, "cruza_gh": false, "tarifa": null, "assinante_a": null, "assinante_b": null, "data_inicio": "2025-02-28T21:00", "data_fim": "2025-05-30T21:00", "multi_divergencias": false, "gh_inconsistente": false}}
2025-11-13 10:58:52,865 [INFO] listar_resultados_resposta | {"id_importacao": 11, "pagina": 1, "limite": 25, "total_base": 11313, "total_final": 11313, "aplicou_eot": false, "aplicou_multi": false}
2025-11-13 10:58:53,060 [INFO] conferencia_resumo | {"id_importacao": 11, "processadas": 11512, "validas": 10290, "invalidas": 1222, "sem_cdr": 251, "delta_tolerancia": 334, "eot_divergente": 217, "multiplas": 0}
2025-11-13 11:04:07,832 [INFO] listar_resultados_base | {"id_importacao": 11, "pagina": 1, "limite": 25, "total_base": 11313, "filtros": {"status": null, "descritor": null, "gh": null, "apenas_sem_cdr": false, "diferenca_min": null, "eot_divergente": false, "cruza_gh": false, "tarifa": null, "assinante_a": null, "assinante_b": null, "data_inicio": "2025-02-28T21:00", "data_fim": "2025-05-30T21:00", "multi_divergencias": false, "gh_inconsistente": false}}
2025-11-13 11:04:07,833 [INFO] listar_resultados_resposta | {"id_importacao": 11, "pagina": 1, "limite": 25, "total_base": 11313, "total_final": 11313, "aplicou_eot": false, "aplicou_multi": false}
2025-11-13 11:04:08,021 [INFO] conferencia_resumo | {"id_importacao": 11, "processadas": 11512, "validas": 10290, "invalidas": 1222, "sem_cdr": 251, "delta_tolerancia": 334, "eot_divergente": 217, "multiplas": 0}
2025-11-13 11:04:17,854 [INFO] listar_resultados_base | {"id_importacao": 11, "pagina": 1, "limite": 25, "total_base": 11313, "filtros": {"status": null, "descritor": null, "gh": null, "apenas_sem_cdr": false, "diferenca_min": null, "eot_divergente": false, "cruza_gh": false, "tarifa": null, "assinante_a": null, "assinante_b": null, "data_inicio": "2025-02-28T21:00", "data_fim": "2025-05-30T21:00", "multi_divergencias": false, "gh_inconsistente": false}}
2025-11-13 11:04:17,855 [INFO] listar_resultados_resposta | {"id_importacao": 11, "pagina": 1, "limite": 25, "total_base": 11313, "total_final": 11313, "aplicou_eot": false, "aplicou_multi": false}
2025-11-13 11:04:18,064 [INFO] conferencia_resumo | {"id_importacao": 11, "processadas": 11512, "validas": 10290, "invalidas": 1222, "sem_cdr": 251, "delta_tolerancia": 334, "eot_divergente": 217, "multiplas": 0}
2025-11-13 11:04:44,859 [INFO] listar_resultados_base | {"id_importacao": 11, "pagina": 1, "limite": 25, "total_base": 11313, "filtros": {"status": null, "descritor": null, "gh": null, "apenas_sem_cdr": false, "diferenca_min": null, "eot_divergente": false, "cruza_gh": false, "tarifa": null, "assinante_a": null, "assinante_b": null, "data_inicio": "2025-02-28T21:00", "data_fim": "2025-05-30T21:00", "multi_divergencias": false, "gh_inconsistente": false}}
2025-11-13 11:04:44,861 [INFO] listar_resultados_resposta | {"id_importacao": 11, "pagina": 1, "limite": 25, "total_base": 11313, "total_final": 11313, "aplicou_eot": false, "aplicou_multi": false}
2025-11-13 11:04:45,066 [INFO] conferencia_resumo | {"id_importacao": 11, "processadas": 11512, "validas": 10290, "invalidas": 1222, "sem_cdr": 251, "delta_tolerancia": 334, "eot_divergente": 217, "multiplas": 0}
2025-11-13 11:10:10,874 [INFO] listar_resultados_base | {"id_importacao": 11, "pagina": 1, "limite": 25, "total_base": 11313, "filtros": {"status": null, "descritor": null, "gh": null, "apenas_sem_cdr": false, "diferenca_min": null, "eot_divergente": false, "cruza_gh": false, "tarifa": null, "assinante_a": null, "assinante_b": null, "data_inicio": "2025-02-28T21:00", "data_fim": "2025-05-30T21:00", "multi_divergencias": false, "gh_inconsistente": false}}
2025-11-13 11:10:10,875 [INFO] listar_resultados_resposta | {"id_importacao": 11, "pagina": 1, "limite": 25, "total_base": 11313, "total_final": 11313, "aplicou_eot": false, "aplicou_multi": false}
2025-11-13 11:10:11,095 [INFO] conferencia_resumo | {"id_importacao": 11, "processadas": 11512, "validas": 10290, "invalidas": 1222, "sem_cdr": 251, "delta_tolerancia": 334, "eot_divergente": 217, "multiplas": 0}
2025-11-13 11:13:00,956 [INFO] listar_resultados_base | {"id_importacao": 11, "pagina": 1, "limite": 25, "total_base": 11313, "filtros": {"status": null, "descritor": null, "gh": null, "apenas_sem_cdr": false, "diferenca_min": null, "eot_divergente": false, "cruza_gh": false, "tarifa": null, "assinante_a": null, "assinante_b": null, "data_inicio": "2025-02-28T21:00", "data_fim": "2025-05-30T21:00", "multi_divergencias": false, "gh_inconsistente": false}}
2025-11-13 11:13:00,957 [INFO] listar_resultados_resposta | {"id_importacao": 11, "pagina": 1, "limite": 25, "total_base": 11313, "total_final": 11313, "aplicou_eot": false, "aplicou_multi": false}
2025-11-13 11:13:01,226 [INFO] conferencia_resumo | {"id_importacao": 11, "processadas": 11512, "validas": 10290, "invalidas": 1222, "sem_cdr": 251, "delta_tolerancia": 334, "eot_divergente": 217, "multiplas": 0}
2025-11-13 11:13:20,872 [INFO] listar_resultados_base | {"id_importacao": 11, "pagina": 1, "limite": 25, "total_base": 11313, "filtros": {"status": null, "descritor": null, "gh": null, "apenas_sem_cdr": false, "diferenca_min": null, "eot_divergente": false, "cruza_gh": false, "tarifa": null, "assinante_a": null, "assinante_b": null, "data_inicio": "2025-02-28T21:00", "data_fim": "2025-05-30T21:00", "multi_divergencias": false, "gh_inconsistente": false}}
2025-11-13 11:13:20,872 [INFO] listar_resultados_resposta | {"id_importacao": 11, "pagina": 1, "limite": 25, "total_base": 11313, "total_final": 11313, "aplicou_eot": false, "aplicou_multi": false}
2025-11-13 11:13:21,122 [INFO] conferencia_resumo | {"id_importacao": 11, "processadas": 11512, "validas": 10290, "invalidas": 1222, "sem_cdr": 251, "delta_tolerancia": 334, "eot_divergente": 217, "multiplas": 0}
2025-11-13 11:16:53,996 [INFO] listar_resultados_base | {"id_importacao": 11, "pagina": 1, "limite": 25, "total_base": 11313, "filtros": {"status": null, "descritor": null, "gh": null, "apenas_sem_cdr": false, "diferenca_min": null, "eot_divergente": false, "cruza_gh": false, "tarifa": null, "assinante_a": null, "assinante_b": null, "data_inicio": "2025-02-28T21:00", "data_fim": "2025-05-30T21:00", "multi_divergencias": false, "gh_inconsistente": false}}
2025-11-13 11:16:53,997 [INFO] listar_resultados_resposta | {"id_importacao": 11, "pagina": 1, "limite": 25, "total_base": 11313, "total_final": 11313, "aplicou_eot": false, "aplicou_multi": false}
2025-11-13 11:16:54,217 [INFO] conferencia_resumo | {"id_importacao": 11, "processadas": 11512, "validas": 10290, "invalidas": 1222, "sem_cdr": 251, "delta_tolerancia": 334, "eot_divergente": 217, "multiplas": 0}
2025-11-13 11:20:41,311 [INFO] listar_resultados_base | {"id_importacao": 11, "pagina": 1, "limite": 25, "total_base": 11313, "filtros": {"status": null, "descritor": null, "gh": null, "apenas_sem_cdr": false, "diferenca_min": null, "eot_divergente": false, "cruza_gh": false, "tarifa": null, "assinante_a": null, "assinante_b": null, "data_inicio": "2025-02-28T21:00", "data_fim": "2025-05-30T21:00", "multi_divergencias": false, "gh_inconsistente": false}}
2025-11-13 11:20:41,311 [INFO] listar_resultados_resposta | {"id_importacao": 11, "pagina": 1, "limite": 25, "total_base": 11313, "total_final": 11313, "aplicou_eot": false, "aplicou_multi": false}
2025-11-13 11:20:41,538 [INFO] conferencia_resumo | {"id_importacao": 11, "processadas": 11512, "validas": 10290, "invalidas": 1222, "sem_cdr": 251, "delta_tolerancia": 334, "eot_divergente": 217, "multiplas": 0}
2025-11-13 11:20:52,881 [INFO] listar_resultados_base | {"id_importacao": 11, "pagina": 1, "limite": 25, "total_base": 11313, "filtros": {"status": null, "descritor": null, "gh": null, "apenas_sem_cdr": false, "diferenca_min": null, "eot_divergente": false, "cruza_gh": false, "tarifa": null, "assinante_a": null, "assinante_b": null, "data_inicio": "2025-02-28T21:00", "data_fim": "2025-05-30T21:00", "multi_divergencias": false, "gh_inconsistente": false}}
2025-11-13 11:20:52,882 [INFO] listar_resultados_resposta | {"id_importacao": 11, "pagina": 1, "limite": 25, "total_base": 11313, "total_final": 11313, "aplicou_eot": false, "aplicou_multi": false}
2025-11-13 11:20:53,106 [INFO] conferencia_resumo | {"id_importacao": 11, "processadas": 11512, "validas": 10290, "invalidas": 1222, "sem_cdr": 251, "delta_tolerancia": 334, "eot_divergente": 217, "multiplas": 0}
2025-11-13 11:23:02,826 [INFO] listar_resultados_base | {"id_importacao": 11, "pagina": 1, "limite": 25, "total_base": 11313, "filtros": {"status": null, "descritor": null, "gh": null, "apenas_sem_cdr": false, "diferenca_min": null, "eot_divergente": false, "cruza_gh": false, "tarifa": null, "assinante_a": null, "assinante_b": null, "data_inicio": "2025-02-28T21:00", "data_fim": "2025-05-30T21:00", "multi_divergencias": false, "gh_inconsistente": false}}
2025-11-13 11:23:02,828 [INFO] listar_resultados_resposta | {"id_importacao": 11, "pagina": 1, "limite": 25, "total_base": 11313, "total_final": 11313, "aplicou_eot": false, "aplicou_multi": false}
2025-11-13 11:23:03,035 [INFO] conferencia_resumo | {"id_importacao": 11, "processadas": 11512, "validas": 10290, "invalidas": 1222, "sem_cdr": 251, "delta_tolerancia": 334, "eot_divergente": 217, "multiplas": 0}
2025-11-13 11:23:20,854 [INFO] listar_resultados_base | {"id_importacao": 11, "pagina": 1, "limite": 25, "total_base": 11313, "filtros": {"status": null, "descritor": null, "gh": null, "apenas_sem_cdr": false, "diferenca_min": null, "eot_divergente": false, "cruza_gh": false, "tarifa": null, "assinante_a": null, "assinante_b": null, "data_inicio": "2025-02-28T21:00", "data_fim": "2025-05-30T21:00", "multi_divergencias": false, "gh_inconsistente": false}}
2025-11-13 11:23:20,855 [INFO] listar_resultados_resposta | {"id_importacao": 11, "pagina": 1, "limite": 25, "total_base": 11313, "total_final": 11313, "aplicou_eot": false, "aplicou_multi": false}
2025-11-13 11:23:21,040 [INFO] conferencia_resumo | {"id_importacao": 11, "processadas": 11512, "validas": 10290, "invalidas": 1222, "sem_cdr": 251, "delta_tolerancia": 334, "eot_divergente": 217, "multiplas": 0}
2025-11-13 11:24:57,862 [INFO] listar_resultados_base | {"id_importacao": 11, "pagina": 1, "limite": 25, "total_base": 11313, "filtros": {"status": null, "descritor": null, "gh": null, "apenas_sem_cdr": false, "diferenca_min": null, "eot_divergente": false, "cruza_gh": false, "tarifa": null, "assinante_a": null, "assinante_b": null, "data_inicio": "2025-02-28T21:00", "data_fim": "2025-05-30T21:00", "multi_divergencias": false, "gh_inconsistente": false}}
2025-11-13 11:24:57,863 [INFO] listar_resultados_resposta | {"id_importacao": 11, "pagina": 1, "limite": 25, "total_base": 11313, "total_final": 11313, "aplicou_eot": false, "aplicou_multi": false}
2025-11-13 11:24:58,058 [INFO] conferencia_resumo | {"id_importacao": 11, "processadas": 11512, "validas": 10290, "invalidas": 1222, "sem_cdr": 251, "delta_tolerancia": 334, "eot_divergente": 217, "multiplas": 0}
2025-11-13 11:26:53,862 [INFO] listar_resultados_base | {"id_importacao": 11, "pagina": 1, "limite": 25, "total_base": 11313, "filtros": {"status": null, "descritor": null, "gh": null, "apenas_sem_cdr": false, "diferenca_min": null, "eot_divergente": false, "cruza_gh": false, "tarifa": null, "assinante_a": null, "assinante_b": null, "data_inicio": "2025-02-28T21:00", "data_fim": "2025-05-30T21:00", "multi_divergencias": false, "gh_inconsistente": false}}
2025-11-13 11:26:53,863 [INFO] listar_resultados_resposta | {"id_importacao": 11, "pagina": 1, "limite": 25, "total_base": 11313, "total_final": 11313, "aplicou_eot": false, "aplicou_multi": false}
2025-11-13 11:26:54,075 [INFO] conferencia_resumo | {"id_importacao": 11, "processadas": 11512, "validas": 10290, "invalidas": 1222, "sem_cdr": 251, "delta_tolerancia": 334, "eot_divergente": 217, "multiplas": 0}
2025-11-13 11:29:05,831 [INFO] listar_resultados_base | {"id_importacao": 11, "pagina": 1, "limite": 25, "total_base": 11313, "filtros": {"status": null, "descritor": null, "gh": null, "apenas_sem_cdr": false, "diferenca_min": null, "eot_divergente": false, "cruza_gh": false, "tarifa": null, "assinante_a": null, "assinante_b": null, "data_inicio": "2025-02-28T21:00", "data_fim": "2025-05-30T21:00", "multi_divergencias": false, "gh_inconsistente": false}}
2025-11-13 11:29:05,832 [INFO] listar_resultados_resposta | {"id_importacao": 11, "pagina": 1, "limite": 25, "total_base": 11313, "total_final": 11313, "aplicou_eot": false, "aplicou_multi": false}
2025-11-13 11:29:06,027 [INFO] conferencia_resumo | {"id_importacao": 11, "processadas": 11512, "validas": 10290, "invalidas": 1222, "sem_cdr": 251, "delta_tolerancia": 334, "eot_divergente": 217, "multiplas": 0}
2025-11-13 11:31:33,837 [INFO] listar_resultados_base | {"id_importacao": 11, "pagina": 1, "limite": 25, "total_base": 11313, "filtros": {"status": null, "descritor": null, "gh": null, "apenas_sem_cdr": false, "diferenca_min": null, "eot_divergente": false, "cruza_gh": false, "tarifa": null, "assinante_a": null, "assinante_b": null, "data_inicio": "2025-02-28T21:00", "data_fim": "2025-05-30T21:00", "multi_divergencias": false, "gh_inconsistente": false}}
2025-11-13 11:31:33,838 [INFO] listar_resultados_resposta | {"id_importacao": 11, "pagina": 1, "limite": 25, "total_base": 11313, "total_final": 11313, "aplicou_eot": false, "aplicou_multi": false}
2025-11-13 11:31:34,132 [INFO] conferencia_resumo | {"id_importacao": 11, "processadas": 11512, "validas": 10290, "invalidas": 1222, "sem_cdr": 251, "delta_tolerancia": 334, "eot_divergente": 217, "multiplas": 0}
2025-11-13 11:57:46,093 [INFO] conferencia_resumo | {"id_importacao": 11, "processadas": 11512, "validas": 10290, "invalidas": 1222, "sem_cdr": 251, "delta_tolerancia": 334, "eot_divergente": 217, "multiplas": 0}
2025-11-13 11:57:46,205 [INFO] listar_resultados_base | {"id_importacao": 11, "pagina": 1, "limite": 25, "total_base": 11512, "filtros": {"status": null, "descritor": null, "gh": null, "apenas_sem_cdr": false, "diferenca_min": null, "eot_divergente": false, "cruza_gh": false, "tarifa": null, "assinante_a": null, "assinante_b": null, "data_inicio": null, "data_fim": null, "multi_divergencias": false, "gh_inconsistente": false, "sigame": false}}
2025-11-13 11:57:46,208 [INFO] listar_resultados_resposta | {"id_importacao": 11, "pagina": 1, "limite": 25, "total_base": 11512, "total_final": 11512, "aplicou_eot": false, "aplicou_multi": false}
2025-11-13 11:57:54,644 [INFO] conferencia_resumo | {"id_importacao": 11, "processadas": 11512, "validas": 10290, "invalidas": 1222, "sem_cdr": 251, "delta_tolerancia": 334, "eot_divergente": 217, "multiplas": 0}
2025-11-13 11:58:04,800 [INFO] conferencia_resumo | {"id_importacao": 11, "processadas": 11512, "validas": 10290, "invalidas": 1222, "sem_cdr": 251, "delta_tolerancia": 334, "eot_divergente": 217, "multiplas": 0}
2025-11-13 11:58:17,209 [INFO] conferencia_resumo | {"id_importacao": 11, "processadas": 11512, "validas": 10290, "invalidas": 1222, "sem_cdr": 251, "delta_tolerancia": 334, "eot_divergente": 217, "multiplas": 0}
2025-11-13 11:58:28,651 [INFO] conferencia_resumo | {"id_importacao": 11, "processadas": 11512, "validas": 10290, "invalidas": 1222, "sem_cdr": 251, "delta_tolerancia": 334, "eot_divergente": 217, "multiplas": 0}
2025-11-13 11:58:40,241 [INFO] conferencia_resumo | {"id_importacao": 11, "processadas": 11512, "validas": 10290, "invalidas": 1222, "sem_cdr": 251, "delta_tolerancia": 334, "eot_divergente": 217, "multiplas": 0}
2025-11-13 11:58:51,781 [INFO] conferencia_resumo | {"id_importacao": 11, "processadas": 11512, "validas": 10290, "invalidas": 1222, "sem_cdr": 251, "delta_tolerancia": 334, "eot_divergente": 217, "multiplas": 0}
2025-11-13 11:59:03,947 [INFO] conferencia_resumo | {"id_importacao": 11, "processadas": 11512, "validas": 10290, "invalidas": 1222, "sem_cdr": 251, "delta_tolerancia": 334, "eot_divergente": 217, "multiplas": 0}
2025-11-13 11:59:56,991 [INFO] conferencia_resumo | {"id_importacao": 11, "processadas": 11512, "validas": 10290, "invalidas": 1222, "sem_cdr": 251, "delta_tolerancia": 334, "eot_divergente": 217, "multiplas": 0}
2025-11-13 12:00:24,021 [INFO] conferencia_resumo | {"id_importacao": 11, "processadas": 11512, "validas": 10290, "invalidas": 1222, "sem_cdr": 251, "delta_tolerancia": 334, "eot_divergente": 217, "multiplas": 0}
2025-11-13 12:00:24,144 [INFO] listar_resultados_base | {"id_importacao": 11, "pagina": 1, "limite": 25, "total_base": 11512, "filtros": {"status": null, "descritor": null, "gh": null, "apenas_sem_cdr": false, "diferenca_min": null, "eot_divergente": false, "cruza_gh": false, "tarifa": null, "assinante_a": null, "assinante_b": null, "data_inicio": null, "data_fim": null, "multi_divergencias": false, "gh_inconsistente": false, "sigame": false}}
2025-11-13 12:00:24,145 [INFO] listar_resultados_resposta | {"id_importacao": 11, "pagina": 1, "limite": 25, "total_base": 11512, "total_final": 11512, "aplicou_eot": false, "aplicou_multi": false}
2025-11-13 12:00:28,739 [INFO] conferencia_resumo | {"id_importacao": 11, "processadas": 11512, "validas": 10290, "invalidas": 1222, "sem_cdr": 251, "delta_tolerancia": 334, "eot_divergente": 217, "multiplas": 0}
2025-11-13 12:00:28,881 [INFO] listar_resultados_base | {"id_importacao": 11, "pagina": 1, "limite": 25, "total_base": 11512, "filtros": {"status": null, "descritor": null, "gh": null, "apenas_sem_cdr": false, "diferenca_min": null, "eot_divergente": false, "cruza_gh": false, "tarifa": null, "assinante_a": null, "assinante_b": null, "data_inicio": null, "data_fim": null, "multi_divergencias": false, "gh_inconsistente": false, "sigame": false}}
2025-11-13 12:00:28,881 [INFO] listar_resultados_resposta | {"id_importacao": 11, "pagina": 1, "limite": 25, "total_base": 11512, "total_final": 11512, "aplicou_eot": false, "aplicou_multi": false}
2025-11-13 12:00:34,312 [INFO] conferencia_resumo | {"id_importacao": 11, "processadas": 11512, "validas": 10290, "invalidas": 1222, "sem_cdr": 251, "delta_tolerancia": 334, "eot_divergente": 217, "multiplas": 0}
2025-11-13 12:00:34,534 [INFO] listar_resultados_base | {"id_importacao": 11, "pagina": 1, "limite": 25, "total_base": 11512, "filtros": {"status": null, "descritor": null, "gh": null, "apenas_sem_cdr": false, "diferenca_min": null, "eot_divergente": false, "cruza_gh": false, "tarifa": null, "assinante_a": null, "assinante_b": null, "data_inicio": null, "data_fim": null, "multi_divergencias": false, "gh_inconsistente": false, "sigame": false}}
2025-11-13 12:00:34,535 [INFO] listar_resultados_resposta | {"id_importacao": 11, "pagina": 1, "limite": 25, "total_base": 11512, "total_final": 11512, "aplicou_eot": false, "aplicou_multi": false}
2025-11-13 12:02:32,376 [INFO] conferencia_resumo | {"id_importacao": 11, "processadas": 11512, "validas": 10290, "invalidas": 1222, "sem_cdr": 251, "delta_tolerancia": 334, "eot_divergente": 217, "multiplas": 0}
2025-11-13 12:02:32,510 [INFO] listar_resultados_base | {"id_importacao": 11, "pagina": 1, "limite": 25, "total_base": 11512, "filtros": {"status": null, "descritor": null, "gh": null, "apenas_sem_cdr": false, "diferenca_min": null, "eot_divergente": false, "cruza_gh": false, "tarifa": null, "assinante_a": null, "assinante_b": null, "data_inicio": null, "data_fim": null, "multi_divergencias": false, "gh_inconsistente": false, "sigame": false}}
2025-11-13 12:02:32,511 [INFO] listar_resultados_resposta | {"id_importacao": 11, "pagina": 1, "limite": 25, "total_base": 11512, "total_final": 11512, "aplicou_eot": false, "aplicou_multi": false}
2025-11-13 12:04:05,149 [INFO] conferencia_resumo | {"id_importacao": 11, "processadas": 11512, "validas": 10290, "invalidas": 1222, "sem_cdr": 251, "delta_tolerancia": 334, "eot_divergente": 217, "multiplas": 0}
2025-11-13 12:04:05,284 [INFO] listar_resultados_base | {"id_importacao": 11, "pagina": 1, "limite": 25, "total_base": 11512, "filtros": {"status": null, "descritor": null, "gh": null, "apenas_sem_cdr": false, "diferenca_min": null, "eot_divergente": false, "cruza_gh": false, "tarifa": null, "assinante_a": null, "assinante_b": null, "data_inicio": null, "data_fim": null, "multi_divergencias": false, "gh_inconsistente": false, "sigame": false}}
2025-11-13 12:04:05,284 [INFO] listar_resultados_resposta | {"id_importacao": 11, "pagina": 1, "limite": 25, "total_base": 11512, "total_final": 11512, "aplicou_eot": false, "aplicou_multi": false}
2025-11-13 12:04:39,628 [INFO] conferencia_resumo | {"id_importacao": 11, "processadas": 11512, "validas": 10290, "invalidas": 1222, "sem_cdr": 251, "delta_tolerancia": 334, "eot_divergente": 217, "multiplas": 0}
2025-11-13 12:04:39,748 [INFO] listar_resultados_base | {"id_importacao": 11, "pagina": 1, "limite": 25, "total_base": 11512, "filtros": {"status": null, "descritor": null, "gh": null, "apenas_sem_cdr": false, "diferenca_min": null, "eot_divergente": false, "cruza_gh": false, "tarifa": null, "assinante_a": null, "assinante_b": null, "data_inicio": null, "data_fim": null, "multi_divergencias": false, "gh_inconsistente": false, "sigame": false}}
2025-11-13 12:04:39,748 [INFO] listar_resultados_resposta | {"id_importacao": 11, "pagina": 1, "limite": 25, "total_base": 11512, "total_final": 11512, "aplicou_eot": false, "aplicou_multi": false}
2025-11-13 12:10:19,458 [INFO] processar_conferencia_inicio | {"execucao": 50, "id_cliente": 1, "id_importacao_detraf": 11, "id_importacao_cdr": 9}
2025-11-13 12:10:35,324 [INFO] processar_conferencia_concluida | {"execucao": 50, "id_importacao_detraf": 11, "id_importacao_cdr": 9, "resumo": {"total": 11512, "conferidos": 10290, "divergentes": 971, "perdidos": 251}}
2025-11-13 12:10:35,754 [INFO] conferencia_resumo | {"id_importacao": 11, "processadas": 11512, "validas": 10290, "invalidas": 1222, "sem_cdr": 251, "delta_tolerancia": 334, "eot_divergente": 217, "multiplas": 0}
2025-11-13 12:10:35,865 [INFO] listar_resultados_base | {"id_importacao": 11, "pagina": 1, "limite": 25, "total_base": 11313, "filtros": {"status": null, "descritor": null, "gh": null, "apenas_sem_cdr": false, "diferenca_min": null, "eot_divergente": false, "cruza_gh": false, "tarifa": null, "assinante_a": null, "assinante_b": null, "data_inicio": "2025-02-28T21:00", "data_fim": "2025-05-30T21:00", "multi_divergencias": false, "gh_inconsistente": false, "sigame": false}}
2025-11-13 12:10:35,866 [INFO] listar_resultados_resposta | {"id_importacao": 11, "pagina": 1, "limite": 25, "total_base": 11313, "total_final": 11313, "aplicou_eot": false, "aplicou_multi": false}
2025-11-13 12:18:02,808 [INFO] listar_resultados_base | {"id_importacao": 13, "pagina": 1, "limite": 25, "total_base": 0, "filtros": {"status": null, "descritor": null, "gh": null, "apenas_sem_cdr": false, "diferenca_min": null, "eot_divergente": false, "cruza_gh": false, "tarifa": null, "assinante_a": null, "assinante_b": null, "data_inicio": null, "data_fim": null, "multi_divergencias": false, "gh_inconsistente": false, "sigame": false}}
2025-11-13 12:18:02,809 [INFO] listar_resultados_resposta | {"id_importacao": 13, "pagina": 1, "limite": 25, "total_base": 0, "total_final": 0, "aplicou_eot": false, "aplicou_multi": false}
2025-11-13 12:18:02,858 [INFO] conferencia_resumo | {"id_importacao": 13, "processadas": 0, "validas": 0, "invalidas": 0, "sem_cdr": 0, "delta_tolerancia": 0, "eot_divergente": 0, "multiplas": 0}
2025-11-13 12:18:02,869 [INFO] listar_resultados_base | {"id_importacao": 13, "pagina": 1, "limite": 25, "total_base": 0, "filtros": {"status": null, "descritor": null, "gh": null, "apenas_sem_cdr": false, "diferenca_min": null, "eot_divergente": false, "cruza_gh": false, "tarifa": null, "assinante_a": null, "assinante_b": null, "data_inicio": "2025-02-28T21:00", "data_fim": "2025-05-30T21:00", "multi_divergencias": false, "gh_inconsistente": false, "sigame": false}}
2025-11-13 12:18:02,870 [INFO] listar_resultados_resposta | {"id_importacao": 13, "pagina": 1, "limite": 25, "total_base": 0, "total_final": 0, "aplicou_eot": false, "aplicou_multi": false}
2025-11-13 12:18:21,423 [INFO] processar_conferencia_inicio | {"execucao": 52, "id_cliente": 1, "id_importacao_detraf": 13, "id_importacao_cdr": 12}
2025-11-13 12:18:21,588 [INFO] processar_conferencia_erro | {"execucao": 52, "id_importacao_detraf": 13, "id_importacao_cdr": 12, "erro": "Failed executing the operation; Not all parameters were used in the SQL statement"}
2025-11-13 12:19:18,365 [INFO] listar_resultados_base | {"id_importacao": 13, "pagina": 1, "limite": 25, "total_base": 0, "filtros": {"status": null, "descritor": null, "gh": null, "apenas_sem_cdr": false, "diferenca_min": null, "eot_divergente": false, "cruza_gh": false, "tarifa": null, "assinante_a": null, "assinante_b": null, "data_inicio": null, "data_fim": null, "multi_divergencias": false, "gh_inconsistente": false, "sigame": false}}
2025-11-13 12:19:18,366 [INFO] listar_resultados_resposta | {"id_importacao": 13, "pagina": 1, "limite": 25, "total_base": 0, "total_final": 0, "aplicou_eot": false, "aplicou_multi": false}
2025-11-13 12:19:18,418 [INFO] conferencia_resumo | {"id_importacao": 13, "processadas": 0, "validas": 0, "invalidas": 0, "sem_cdr": 0, "delta_tolerancia": 0, "eot_divergente": 0, "multiplas": 0}
2025-11-13 12:19:18,431 [INFO] listar_resultados_base | {"id_importacao": 13, "pagina": 1, "limite": 25, "total_base": 0, "filtros": {"status": null, "descritor": null, "gh": null, "apenas_sem_cdr": false, "diferenca_min": null, "eot_divergente": false, "cruza_gh": false, "tarifa": null, "assinante_a": null, "assinante_b": null, "data_inicio": "2025-02-28T21:00", "data_fim": "2025-05-30T21:00", "multi_divergencias": false, "gh_inconsistente": false, "sigame": false}}
2025-11-13 12:19:18,431 [INFO] listar_resultados_resposta | {"id_importacao": 13, "pagina": 1, "limite": 25, "total_base": 0, "total_final": 0, "aplicou_eot": false, "aplicou_multi": false}
2025-11-13 12:19:23,005 [INFO] processar_conferencia_inicio | {"execucao": 53, "id_cliente": 1, "id_importacao_detraf": 13, "id_importacao_cdr": 12}
2025-11-13 12:19:23,202 [INFO] processar_conferencia_erro | {"execucao": 53, "id_importacao_detraf": 13, "id_importacao_cdr": 12, "erro": "Failed executing the operation; Not all parameters were used in the SQL statement"}
2025-11-13 12:22:17,549 [INFO] listar_resultados_base | {"id_importacao": 13, "pagina": 1, "limite": 25, "total_base": 0, "filtros": {"status": null, "descritor": null, "gh": null, "apenas_sem_cdr": false, "diferenca_min": null, "eot_divergente": false, "cruza_gh": false, "tarifa": null, "assinante_a": null, "assinante_b": null, "data_inicio": "2025-02-28T21:00", "data_fim": "2025-05-30T21:00", "multi_divergencias": false, "gh_inconsistente": false, "sigame": false}}
2025-11-13 12:22:17,549 [INFO] listar_resultados_resposta | {"id_importacao": 13, "pagina": 1, "limite": 25, "total_base": 0, "total_final": 0, "aplicou_eot": false, "aplicou_multi": false}
2025-11-13 12:22:17,600 [INFO] conferencia_resumo | {"id_importacao": 13, "processadas": 0, "validas": 0, "invalidas": 0, "sem_cdr": 0, "delta_tolerancia": 0, "eot_divergente": 0, "multiplas": 0}
2025-11-13 12:24:02,982 [INFO] processar_conferencia_inicio | {"execucao": 54, "id_cliente": 1, "id_importacao_detraf": 13, "id_importacao_cdr": 12}
2025-11-13 12:24:03,176 [INFO] processar_conferencia_erro | {"execucao": 54, "id_importacao_detraf": 13, "id_importacao_cdr": 12, "erro": "Failed executing the operation; Not all parameters were used in the SQL statement"}
2025-11-13 12:30:04,530 [INFO] processar_conferencia_inicio | {"execucao": 55, "id_cliente": 1, "id_importacao_detraf": 13, "id_importacao_cdr": 12}
2025-11-13 12:30:04,707 [INFO] processar_conferencia_erro | {"execucao": 55, "id_importacao_detraf": 13, "id_importacao_cdr": 12, "erro": "Failed executing the operation; Not all parameters were used in the SQL statement"}
2025-11-13 12:30:19,362 [INFO] listar_resultados_base | {"id_importacao": 13, "pagina": 1, "limite": 25, "total_base": 0, "filtros": {"status": null, "descritor": null, "gh": null, "apenas_sem_cdr": false, "diferenca_min": null, "eot_divergente": false, "cruza_gh": false, "tarifa": null, "assinante_a": null, "assinante_b": null, "data_inicio": null, "data_fim": null, "multi_divergencias": false, "gh_inconsistente": false, "sigame": false}}
2025-11-13 12:30:19,363 [INFO] listar_resultados_resposta | {"id_importacao": 13, "pagina": 1, "limite": 25, "total_base": 0, "total_final": 0, "aplicou_eot": false, "aplicou_multi": false}
2025-11-13 12:30:19,420 [INFO] conferencia_resumo | {"id_importacao": 13, "processadas": 0, "validas": 0, "invalidas": 0, "sem_cdr": 0, "delta_tolerancia": 0, "eot_divergente": 0, "multiplas": 0}
2025-11-13 12:30:19,430 [INFO] listar_resultados_base | {"id_importacao": 13, "pagina": 1, "limite": 25, "total_base": 0, "filtros": {"status": null, "descritor": null, "gh": null, "apenas_sem_cdr": false, "diferenca_min": null, "eot_divergente": false, "cruza_gh": false, "tarifa": null, "assinante_a": null, "assinante_b": null, "data_inicio": "2025-02-28T21:00", "data_fim": "2025-05-30T21:00", "multi_divergencias": false, "gh_inconsistente": false, "sigame": false}}
2025-11-13 12:30:19,430 [INFO] listar_resultados_resposta | {"id_importacao": 13, "pagina": 1, "limite": 25, "total_base": 0, "total_final": 0, "aplicou_eot": false, "aplicou_multi": false}
2025-11-13 12:30:24,573 [INFO] processar_conferencia_inicio | {"execucao": 56, "id_cliente": 1, "id_importacao_detraf": 13, "id_importacao_cdr": 12}
2025-11-13 12:30:24,746 [INFO] processar_conferencia_erro | {"execucao": 56, "id_importacao_detraf": 13, "id_importacao_cdr": 12, "erro": "Failed executing the operation; Not all parameters were used in the SQL statement"}
2025-11-13 12:37:02,062 [INFO] processar_conferencia_inicio | {"execucao": 57, "id_cliente": 1, "id_importacao_detraf": 13, "id_importacao_cdr": 12}
2025-11-13 12:37:02,248 [INFO] processar_conferencia_erro | {"execucao": 57, "id_importacao_detraf": 13, "id_importacao_cdr": 12, "erro": "Failed executing the operation; Not all parameters were used in the SQL statement"}
2025-11-13 12:55:58,114 [INFO] processar_conferencia_inicio | {"execucao": 58, "id_cliente": 1, "id_importacao_detraf": 13, "id_importacao_cdr": 12}
2025-11-13 12:55:58,289 [ERROR] sql_normaliza_detraf | erro=Failed executing the operation; Not all parameters were used in the SQL statement | placeholders=23 | exemplo=(1, 13, 103699, '0000000001', datetime.datetime(2025, 3, 16, 9, 17, 56), datetime.date(2025, 3, 16), 33476, 80, 84, '1639751073', '16993432905', None, 0, 'LENV', 'R', '010', 'D55', 'FCISKGB', 'VU-M', 0, 80, '[{"gh": "R", "segundos": 4, "inicio": "2025-03-16T09:17:56", "fim": "2025-03-16T09:18:00"}, {"gh": "R", "segundos": 60, "inicio": "2025-03-16T09:18:00", "fim": "2025-03-16T09:19:00"}, {"gh": "R", "segundos": 16, "inicio": "2025-03-16T09:19:00", "fim": "2025-03-16T09:19:16"}]', '1639751073:16993432905:2025-03-16T09:17:00', '{"id": 103699, "sequencial": "0000000001", "assinante_a": "1639751073", "assinante_b": "16993432905", "data_chamada": "2025-03-16", "hora_atendimento": "9:17:56", "duracao_real_segundos": 80, "duracao_calculada": "1.4", "descritor_cdr": "LENV", "gh": "R", "eqt_credora": "010", "eqt_devedora": "D55", "poi": "FCISKGB", "tarifa_aplicada": "VU-M", "segundos_gh_normal": 0, "segundos_gh_reduzido": 80, "segmentos_gh": [{"gh": "R", "segundos": 4, "inicio": "2025-03-16T09:17:56", "fim": "2025-03-16T09:18:00"}, {"gh": "R", "segundos": 60, "inicio": "2025-03-16T09:18:00", "fim": "2025-03-16T09:19:00"}, {"gh": "R", "segundos": 16, "inicio": "2025-03-16T09:19:00", "fim": "2025-03-16T09:19:16"}]}')
2025-11-13 12:55:58,300 [INFO] processar_conferencia_erro | {"execucao": 58, "id_importacao_detraf": 13, "id_importacao_cdr": 12, "erro": "Failed executing the operation; Not all parameters were used in the SQL statement"}
2025-11-13 13:05:07,646 [INFO] processar_conferencia_inicio | {"execucao": 59, "id_cliente": 1, "id_importacao_detraf": 13, "id_importacao_cdr": 12}
2025-11-13 13:07:07,929 [INFO] processar_conferencia_concluida | {"execucao": 59, "id_importacao_detraf": 13, "id_importacao_cdr": 12, "resumo": {"total": 11512, "conferidos": 10290, "divergentes": 971, "perdidos": 251}}
2025-11-13 13:07:08,240 [INFO] conferencia_resumo | {"id_importacao": 13, "processadas": 11512, "validas": 10290, "invalidas": 1222, "sem_cdr": 251, "delta_tolerancia": 334, "eot_divergente": 217, "multiplas": 0}
2025-11-13 13:07:08,310 [INFO] listar_resultados_base | {"id_importacao": 13, "pagina": 1, "limite": 25, "total_base": 11313, "filtros": {"status": null, "descritor": null, "gh": null, "apenas_sem_cdr": false, "diferenca_min": null, "eot_divergente": false, "cruza_gh": false, "tarifa": null, "assinante_a": null, "assinante_b": null, "data_inicio": "2025-02-28T21:00", "data_fim": "2025-05-30T21:00", "multi_divergencias": false, "gh_inconsistente": false, "sigame": false}}
2025-11-13 13:07:08,310 [INFO] listar_resultados_resposta | {"id_importacao": 13, "pagina": 1, "limite": 25, "total_base": 11313, "total_final": 11313, "aplicou_eot": false, "aplicou_multi": false}
2025-11-13 13:12:08,623 [INFO] listar_resultados_base | {"id_importacao": 13, "pagina": 1, "limite": 25, "total_base": 1222, "filtros": {"status": ["DIVERGENTE", "PERDIDO"], "descritor": null, "gh": null, "apenas_sem_cdr": false, "diferenca_min": null, "eot_divergente": false, "cruza_gh": false, "tarifa": null, "assinante_a": null, "assinante_b": null, "data_inicio": null, "data_fim": null, "multi_divergencias": false, "gh_inconsistente": false, "sigame": false}}
2025-11-13 13:12:08,624 [INFO] listar_resultados_resposta | {"id_importacao": 13, "pagina": 1, "limite": 25, "total_base": 1222, "total_final": 1222, "aplicou_eot": false, "aplicou_multi": false}
2025-11-13 13:12:10,171 [INFO] listar_resultados_base | {"id_importacao": 13, "pagina": 1, "limite": 25, "total_base": 1222, "filtros": {"status": ["DIVERGENTE", "PERDIDO"], "descritor": null, "gh": null, "apenas_sem_cdr": false, "diferenca_min": null, "eot_divergente": false, "cruza_gh": false, "tarifa": null, "assinante_a": null, "assinante_b": null, "data_inicio": null, "data_fim": null, "multi_divergencias": false, "gh_inconsistente": false, "sigame": false}}
2025-11-13 13:12:10,172 [INFO] listar_resultados_resposta | {"id_importacao": 13, "pagina": 1, "limite": 25, "total_base": 1222, "total_final": 1222, "aplicou_eot": false, "aplicou_multi": false}
2025-11-13 13:12:10,951 [INFO] listar_resultados_base | {"id_importacao": 13, "pagina": 1, "limite": 25, "total_base": 1222, "filtros": {"status": ["DIVERGENTE", "PERDIDO"], "descritor": null, "gh": null, "apenas_sem_cdr": false, "diferenca_min": null, "eot_divergente": false, "cruza_gh": false, "tarifa": null, "assinante_a": null, "assinante_b": null, "data_inicio": null, "data_fim": null, "multi_divergencias": false, "gh_inconsistente": false, "sigame": false}}
2025-11-13 13:12:10,952 [INFO] listar_resultados_resposta | {"id_importacao": 13, "pagina": 1, "limite": 25, "total_base": 1222, "total_final": 1222, "aplicou_eot": false, "aplicou_multi": false}
2025-11-13 13:12:12,876 [INFO] listar_resultados_base | {"id_importacao": 13, "pagina": 1, "limite": 25, "total_base": 1222, "filtros": {"status": ["DIVERGENTE", "PERDIDO"], "descritor": null, "gh": null, "apenas_sem_cdr": false, "diferenca_min": null, "eot_divergente": false, "cruza_gh": false, "tarifa": null, "assinante_a": null, "assinante_b": null, "data_inicio": null, "data_fim": null, "multi_divergencias": false, "gh_inconsistente": false, "sigame": false}}
2025-11-13 13:12:12,877 [INFO] listar_resultados_resposta | {"id_importacao": 13, "pagina": 1, "limite": 25, "total_base": 1222, "total_final": 1222, "aplicou_eot": false, "aplicou_multi": false}
2025-11-13 13:12:19,565 [INFO] listar_resultados_base | {"id_importacao": 13, "pagina": 1, "limite": 25, "total_base": 10290, "filtros": {"status": ["CONFERIDO"], "descritor": null, "gh": null, "apenas_sem_cdr": false, "diferenca_min": null, "eot_divergente": false, "cruza_gh": false, "tarifa": null, "assinante_a": null, "assinante_b": null, "data_inicio": null, "data_fim": null, "multi_divergencias": false, "gh_inconsistente": false, "sigame": false}}
2025-11-13 13:12:19,565 [INFO] listar_resultados_resposta | {"id_importacao": 13, "pagina": 1, "limite": 25, "total_base": 10290, "total_final": 10290, "aplicou_eot": false, "aplicou_multi": false}
2025-11-13 13:12:20,949 [INFO] listar_resultados_base | {"id_importacao": 13, "pagina": 1, "limite": 25, "total_base": 10290, "filtros": {"status": ["CONFERIDO"], "descritor": null, "gh": null, "apenas_sem_cdr": false, "diferenca_min": null, "eot_divergente": false, "cruza_gh": false, "tarifa": null, "assinante_a": null, "assinante_b": null, "data_inicio": null, "data_fim": null, "multi_divergencias": false, "gh_inconsistente": false, "sigame": false}}
2025-11-13 13:12:20,949 [INFO] listar_resultados_resposta | {"id_importacao": 13, "pagina": 1, "limite": 25, "total_base": 10290, "total_final": 10290, "aplicou_eot": false, "aplicou_multi": false}
2025-11-13 13:12:57,731 [INFO] listar_resultados_base | {"id_importacao": 13, "pagina": 1, "limite": 25, "total_base": 10541, "filtros": {"status": ["CONFERIDO", "PERDIDO"], "descritor": null, "gh": null, "apenas_sem_cdr": false, "diferenca_min": null, "eot_divergente": false, "cruza_gh": false, "tarifa": null, "assinante_a": null, "assinante_b": null, "data_inicio": null, "data_fim": null, "multi_divergencias": false, "gh_inconsistente": false, "sigame": false}}
2025-11-13 13:12:57,731 [INFO] listar_resultados_resposta | {"id_importacao": 13, "pagina": 1, "limite": 25, "total_base": 10541, "total_final": 10541, "aplicou_eot": false, "aplicou_multi": false}
2025-11-13 13:13:26,754 [INFO] listar_resultados_base | {"id_importacao": 13, "pagina": 1, "limite": 25, "total_base": 10290, "filtros": {"status": ["CONFERIDO"], "descritor": null, "gh": null, "apenas_sem_cdr": false, "diferenca_min": null, "eot_divergente": false, "cruza_gh": false, "tarifa": null, "assinante_a": null, "assinante_b": null, "data_inicio": null, "data_fim": null, "multi_divergencias": false, "gh_inconsistente": false, "sigame": false}}
2025-11-13 13:13:26,754 [INFO] listar_resultados_resposta | {"id_importacao": 13, "pagina": 1, "limite": 25, "total_base": 10290, "total_final": 10290, "aplicou_eot": false, "aplicou_multi": false}
2025-11-13 13:13:28,895 [INFO] listar_resultados_base | {"id_importacao": 13, "pagina": 1, "limite": 25, "total_base": 11512, "filtros": {"status": null, "descritor": null, "gh": null, "apenas_sem_cdr": false, "diferenca_min": null, "eot_divergente": false, "cruza_gh": false, "tarifa": null, "assinante_a": null, "assinante_b": null, "data_inicio": null, "data_fim": null, "multi_divergencias": false, "gh_inconsistente": false, "sigame": false}}
2025-11-13 13:13:28,896 [INFO] listar_resultados_resposta | {"id_importacao": 13, "pagina": 1, "limite": 25, "total_base": 11512, "total_final": 11512, "aplicou_eot": false, "aplicou_multi": false}
2025-11-13 13:13:29,334 [INFO] listar_resultados_base | {"id_importacao": 13, "pagina": 1, "limite": 25, "total_base": 251, "filtros": {"status": ["PERDIDO"], "descritor": null, "gh": null, "apenas_sem_cdr": false, "diferenca_min": null, "eot_divergente": false, "cruza_gh": false, "tarifa": null, "assinante_a": null, "assinante_b": null, "data_inicio": null, "data_fim": null, "multi_divergencias": false, "gh_inconsistente": false, "sigame": false}}
2025-11-13 13:13:29,335 [INFO] listar_resultados_resposta | {"id_importacao": 13, "pagina": 1, "limite": 25, "total_base": 251, "total_final": 251, "aplicou_eot": false, "aplicou_multi": false}
2025-11-13 13:13:49,475 [INFO] listar_resultados_base | {"id_importacao": 13, "pagina": 1, "limite": 25, "total_base": 0, "filtros": {"status": ["PERDIDO"], "descritor": null, "gh": null, "apenas_sem_cdr": false, "diferenca_min": null, "eot_divergente": false, "cruza_gh": false, "tarifa": null, "assinante_a": null, "assinante_b": null, "data_inicio": "2025-10-13T13:13", "data_fim": null, "multi_divergencias": false, "gh_inconsistente": false, "sigame": false}}
2025-11-13 13:13:49,475 [INFO] listar_resultados_resposta | {"id_importacao": 13, "pagina": 1, "limite": 25, "total_base": 0, "total_final": 0, "aplicou_eot": false, "aplicou_multi": false}
2025-11-13 13:13:49,868 [INFO] listar_resultados_base | {"id_importacao": 13, "pagina": 1, "limite": 25, "total_base": 0, "filtros": {"status": ["PERDIDO"], "descritor": null, "gh": null, "apenas_sem_cdr": false, "diferenca_min": null, "eot_divergente": false, "cruza_gh": false, "tarifa": null, "assinante_a": null, "assinante_b": null, "data_inicio": "2025-09-13T13:13", "data_fim": null, "multi_divergencias": false, "gh_inconsistente": false, "sigame": false}}
2025-11-13 13:13:49,868 [INFO] listar_resultados_resposta | {"id_importacao": 13, "pagina": 1, "limite": 25, "total_base": 0, "total_final": 0, "aplicou_eot": false, "aplicou_multi": false}
2025-11-13 13:13:50,453 [INFO] listar_resultados_base | {"id_importacao": 13, "pagina": 1, "limite": 25, "total_base": 0, "filtros": {"status": ["PERDIDO"], "descritor": null, "gh": null, "apenas_sem_cdr": false, "diferenca_min": null, "eot_divergente": false, "cruza_gh": false, "tarifa": null, "assinante_a": null, "assinante_b": null, "data_inicio": "2025-08-13T13:13", "data_fim": null, "multi_divergencias": false, "gh_inconsistente": false, "sigame": false}}
2025-11-13 13:13:50,454 [INFO] listar_resultados_resposta | {"id_importacao": 13, "pagina": 1, "limite": 25, "total_base": 0, "total_final": 0, "aplicou_eot": false, "aplicou_multi": false}
2025-11-13 13:13:50,978 [INFO] listar_resultados_base | {"id_importacao": 13, "pagina": 1, "limite": 25, "total_base": 0, "filtros": {"status": ["PERDIDO"], "descritor": null, "gh": null, "apenas_sem_cdr": false, "diferenca_min": null, "eot_divergente": false, "cruza_gh": false, "tarifa": null, "assinante_a": null, "assinante_b": null, "data_inicio": "2025-07-13T13:13", "data_fim": null, "multi_divergencias": false, "gh_inconsistente": false, "sigame": false}}
2025-11-13 13:13:50,979 [INFO] listar_resultados_resposta | {"id_importacao": 13, "pagina": 1, "limite": 25, "total_base": 0, "total_final": 0, "aplicou_eot": false, "aplicou_multi": false}
2025-11-13 13:13:51,657 [INFO] listar_resultados_base | {"id_importacao": 13, "pagina": 1, "limite": 25, "total_base": 0, "filtros": {"status": ["PERDIDO"], "descritor": null, "gh": null, "apenas_sem_cdr": false, "diferenca_min": null, "eot_divergente": false, "cruza_gh": false, "tarifa": null, "assinante_a": null, "assinante_b": null, "data_inicio": "2025-06-13T13:13", "data_fim": null, "multi_divergencias": false, "gh_inconsistente": false, "sigame": false}}
2025-11-13 13:13:51,657 [INFO] listar_resultados_resposta | {"id_importacao": 13, "pagina": 1, "limite": 25, "total_base": 0, "total_final": 0, "aplicou_eot": false, "aplicou_multi": false}
2025-11-13 13:13:54,529 [INFO] listar_resultados_base | {"id_importacao": 13, "pagina": 1, "limite": 25, "total_base": 43, "filtros": {"status": ["PERDIDO"], "descritor": null, "gh": null, "apenas_sem_cdr": false, "diferenca_min": null, "eot_divergente": false, "cruza_gh": false, "tarifa": null, "assinante_a": null, "assinante_b": null, "data_inicio": "2025-05-13T13:13", "data_fim": null, "multi_divergencias": false, "gh_inconsistente": false, "sigame": false}}
2025-11-13 13:13:54,529 [INFO] listar_resultados_resposta | {"id_importacao": 13, "pagina": 1, "limite": 25, "total_base": 43, "total_final": 43, "aplicou_eot": false, "aplicou_multi": false}
2025-11-13 13:13:55,886 [INFO] listar_resultados_base | {"id_importacao": 13, "pagina": 1, "limite": 25, "total_base": 72, "filtros": {"status": ["PERDIDO"], "descritor": null, "gh": null, "apenas_sem_cdr": false, "diferenca_min": null, "eot_divergente": false, "cruza_gh": false, "tarifa": null, "assinante_a": null, "assinante_b": null, "data_inicio": "2025-05-01T13:13", "data_fim": null, "multi_divergencias": false, "gh_inconsistente": false, "sigame": false}}
2025-11-13 13:13:55,886 [INFO] listar_resultados_resposta | {"id_importacao": 13, "pagina": 1, "limite": 25, "total_base": 72, "total_final": 72, "aplicou_eot": false, "aplicou_multi": false}
2025-11-13 13:14:02,966 [INFO] listar_resultados_base | {"id_importacao": 13, "pagina": 1, "limite": 25, "total_base": 73, "filtros": {"status": ["PERDIDO"], "descritor": null, "gh": null, "apenas_sem_cdr": false, "diferenca_min": null, "eot_divergente": false, "cruza_gh": false, "tarifa": null, "assinante_a": null, "assinante_b": null, "data_inicio": "2025-05-01T00:13", "data_fim": null, "multi_divergencias": false, "gh_inconsistente": false, "sigame": false}}
2025-11-13 13:14:02,967 [INFO] listar_resultados_resposta | {"id_importacao": 13, "pagina": 1, "limite": 25, "total_base": 73, "total_final": 73, "aplicou_eot": false, "aplicou_multi": false}
2025-11-13 13:14:05,117 [INFO] listar_resultados_base | {"id_importacao": 13, "pagina": 1, "limite": 25, "total_base": 73, "filtros": {"status": ["PERDIDO"], "descritor": null, "gh": null, "apenas_sem_cdr": false, "diferenca_min": null, "eot_divergente": false, "cruza_gh": false, "tarifa": null, "assinante_a": null, "assinante_b": null, "data_inicio": "2025-05-01T00:00", "data_fim": null, "multi_divergencias": false, "gh_inconsistente": false, "sigame": false}}
2025-11-13 13:14:05,118 [INFO] listar_resultados_resposta | {"id_importacao": 13, "pagina": 1, "limite": 25, "total_base": 73, "total_final": 73, "aplicou_eot": false, "aplicou_multi": false}
2025-11-13 13:14:11,486 [INFO] listar_resultados_base | {"id_importacao": 13, "pagina": 1, "limite": 25, "total_base": 73, "filtros": {"status": ["PERDIDO"], "descritor": null, "gh": null, "apenas_sem_cdr": false, "diferenca_min": null, "eot_divergente": false, "cruza_gh": false, "tarifa": null, "assinante_a": null, "assinante_b": null, "data_inicio": "2025-05-01T00:00", "data_fim": "2025-10-13T13:14", "multi_divergencias": false, "gh_inconsistente": false, "sigame": false}}
2025-11-13 13:14:11,486 [INFO] listar_resultados_resposta | {"id_importacao": 13, "pagina": 1, "limite": 25, "total_base": 73, "total_final": 73, "aplicou_eot": false, "aplicou_multi": false}
2025-11-13 13:14:11,712 [INFO] listar_resultados_base | {"id_importacao": 13, "pagina": 1, "limite": 25, "total_base": 73, "filtros": {"status": ["PERDIDO"], "descritor": null, "gh": null, "apenas_sem_cdr": false, "diferenca_min": null, "eot_divergente": false, "cruza_gh": false, "tarifa": null, "assinante_a": null, "assinante_b": null, "data_inicio": "2025-05-01T00:00", "data_fim": "2025-09-13T13:14", "multi_divergencias": false, "gh_inconsistente": false, "sigame": false}}
2025-11-13 13:14:11,712 [INFO] listar_resultados_resposta | {"id_importacao": 13, "pagina": 1, "limite": 25, "total_base": 73, "total_final": 73, "aplicou_eot": false, "aplicou_multi": false}
2025-11-13 13:14:12,459 [INFO] listar_resultados_base | {"id_importacao": 13, "pagina": 1, "limite": 25, "total_base": 73, "filtros": {"status": ["PERDIDO"], "descritor": null, "gh": null, "apenas_sem_cdr": false, "diferenca_min": null, "eot_divergente": false, "cruza_gh": false, "tarifa": null, "assinante_a": null, "assinante_b": null, "data_inicio": "2025-05-01T00:00", "data_fim": "2025-08-13T13:14", "multi_divergencias": false, "gh_inconsistente": false, "sigame": false}}
2025-11-13 13:14:12,460 [INFO] listar_resultados_resposta | {"id_importacao": 13, "pagina": 1, "limite": 25, "total_base": 73, "total_final": 73, "aplicou_eot": false, "aplicou_multi": false}
2025-11-13 13:14:13,015 [INFO] listar_resultados_base | {"id_importacao": 13, "pagina": 1, "limite": 25, "total_base": 73, "filtros": {"status": ["PERDIDO"], "descritor": null, "gh": null, "apenas_sem_cdr": false, "diferenca_min": null, "eot_divergente": false, "cruza_gh": false, "tarifa": null, "assinante_a": null, "assinante_b": null, "data_inicio": "2025-05-01T00:00", "data_fim": "2025-07-13T13:14", "multi_divergencias": false, "gh_inconsistente": false, "sigame": false}}
2025-11-13 13:14:13,016 [INFO] listar_resultados_resposta | {"id_importacao": 13, "pagina": 1, "limite": 25, "total_base": 73, "total_final": 73, "aplicou_eot": false, "aplicou_multi": false}
2025-11-13 13:14:18,862 [INFO] listar_resultados_base | {"id_importacao": 13, "pagina": 1, "limite": 25, "total_base": 73, "filtros": {"status": ["PERDIDO"], "descritor": null, "gh": null, "apenas_sem_cdr": false, "diferenca_min": null, "eot_divergente": false, "cruza_gh": false, "tarifa": null, "assinante_a": null, "assinante_b": null, "data_inicio": "2025-05-01T00:00", "data_fim": null, "multi_divergencias": false, "gh_inconsistente": false, "sigame": false}}
2025-11-13 13:14:18,862 [INFO] listar_resultados_resposta | {"id_importacao": 13, "pagina": 1, "limite": 25, "total_base": 73, "total_final": 73, "aplicou_eot": false, "aplicou_multi": false}
2025-11-13 13:37:49,494 [INFO] listar_resultados_base | {"id_importacao": 13, "pagina": 1, "limite": 25, "total_base": 0, "filtros": {"status": null, "descritor": null, "gh": null, "apenas_sem_cdr": false, "diferenca_min": null, "eot_divergente": false, "cruza_gh": false, "tarifa": null, "assinante_a": null, "assinante_b": null, "data_inicio": null, "data_fim": null, "multi_divergencias": false, "gh_inconsistente": false, "sigame": false}}
2025-11-13 13:37:49,499 [INFO] listar_resultados_resposta | {"id_importacao": 13, "pagina": 1, "limite": 25, "total_base": 0, "total_final": 0, "aplicou_eot": false, "aplicou_multi": false}
2025-11-13 13:37:49,714 [INFO] conferencia_resumo | {"id_importacao": 13, "processadas": 0, "validas": 0, "invalidas": 0, "sem_cdr": 0, "delta_tolerancia": 0, "eot_divergente": 0, "multiplas": 0}
2025-11-13 13:37:49,770 [INFO] listar_resultados_base | {"id_importacao": 13, "pagina": 1, "limite": 25, "total_base": 0, "filtros": {"status": null, "descritor": null, "gh": null, "apenas_sem_cdr": false, "diferenca_min": null, "eot_divergente": false, "cruza_gh": false, "tarifa": null, "assinante_a": null, "assinante_b": null, "data_inicio": "2025-02-28T21:00", "data_fim": "2025-05-30T21:00", "multi_divergencias": false, "gh_inconsistente": false, "sigame": false}}
2025-11-13 13:37:49,770 [INFO] listar_resultados_resposta | {"id_importacao": 13, "pagina": 1, "limite": 25, "total_base": 0, "total_final": 0, "aplicou_eot": false, "aplicou_multi": false}
2025-11-13 13:37:52,363 [INFO] processar_conferencia_inicio | {"execucao": 61, "id_cliente": 1, "id_importacao_detraf": 13, "id_importacao_cdr": 14}
2025-11-13 13:37:58,567 [INFO] processar_conferencia_concluida | {"execucao": 61, "id_importacao_detraf": 13, "id_importacao_cdr": 14, "resumo": {"total": 11512, "conferidos": 1756, "divergentes": 179, "perdidos": 9577}}
2025-11-13 13:37:58,952 [INFO] conferencia_resumo | {"id_importacao": 13, "processadas": 11512, "validas": 1756, "invalidas": 9756, "sem_cdr": 9577, "delta_tolerancia": 47, "eot_divergente": 54, "multiplas": 0}
2025-11-13 13:37:58,988 [INFO] listar_resultados_base | {"id_importacao": 13, "pagina": 1, "limite": 25, "total_base": 11313, "filtros": {"status": null, "descritor": null, "gh": null, "apenas_sem_cdr": false, "diferenca_min": null, "eot_divergente": false, "cruza_gh": false, "tarifa": null, "assinante_a": null, "assinante_b": null, "data_inicio": "2025-02-28T21:00", "data_fim": "2025-05-30T21:00", "multi_divergencias": false, "gh_inconsistente": false, "sigame": false}}
2025-11-13 13:37:58,989 [INFO] listar_resultados_resposta | {"id_importacao": 13, "pagina": 1, "limite": 25, "total_base": 11313, "total_final": 11313, "aplicou_eot": false, "aplicou_multi": false}
2025-11-13 13:38:45,563 [INFO] listar_resultados_base | {"id_importacao": 13, "pagina": 1, "limite": 25, "total_base": 0, "filtros": {"status": null, "descritor": null, "gh": null, "apenas_sem_cdr": false, "diferenca_min": null, "eot_divergente": false, "cruza_gh": false, "tarifa": null, "assinante_a": null, "assinante_b": "1639002413", "data_inicio": "2025-02-28T21:00", "data_fim": "2025-05-30T21:00", "multi_divergencias": false, "gh_inconsistente": false, "sigame": false}}
2025-11-13 13:38:45,567 [INFO] listar_resultados_resposta | {"id_importacao": 13, "pagina": 1, "limite": 25, "total_base": 0, "total_final": 0, "aplicou_eot": false, "aplicou_multi": false}
2025-11-13 13:39:02,057 [INFO] listar_resultados_base | {"id_importacao": 13, "pagina": 1, "limite": 25, "total_base": 6, "filtros": {"status": null, "descritor": null, "gh": null, "apenas_sem_cdr": false, "diferenca_min": null, "eot_divergente": false, "cruza_gh": false, "tarifa": null, "assinante_a": "1639002413", "assinante_b": null, "data_inicio": "2025-02-28T21:00", "data_fim": "2025-05-30T21:00", "multi_divergencias": false, "gh_inconsistente": false, "sigame": false}}
2025-11-13 13:39:02,070 [INFO] listar_resultados_resposta | {"id_importacao": 13, "pagina": 1, "limite": 25, "total_base": 6, "total_final": 6, "aplicou_eot": false, "aplicou_multi": false}
2025-11-13 13:39:02,324 [INFO] listar_resultados_base | {"id_importacao": 13, "pagina": 1, "limite": 25, "total_base": 6, "filtros": {"status": null, "descritor": null, "gh": null, "apenas_sem_cdr": false, "diferenca_min": null, "eot_divergente": false, "cruza_gh": false, "tarifa": null, "assinante_a": "1639002413", "assinante_b": null, "data_inicio": "2025-02-28T21:00", "data_fim": "2025-05-30T21:00", "multi_divergencias": false, "gh_inconsistente": false, "sigame": false}}
2025-11-13 13:39:02,324 [INFO] listar_resultados_resposta | {"id_importacao": 13, "pagina": 1, "limite": 25, "total_base": 6, "total_final": 6, "aplicou_eot": false, "aplicou_multi": false}
2025-11-13 13:39:02,376 [INFO] listar_resultados_base | {"id_importacao": 13, "pagina": 1, "limite": 25, "total_base": 11313, "filtros": {"status": null, "descritor": null, "gh": null, "apenas_sem_cdr": false, "diferenca_min": null, "eot_divergente": false, "cruza_gh": false, "tarifa": null, "assinante_a": null, "assinante_b": null, "data_inicio": "2025-02-28T21:00", "data_fim": "2025-05-30T21:00", "multi_divergencias": false, "gh_inconsistente": false, "sigame": false}}
2025-11-13 13:39:02,377 [INFO] listar_resultados_resposta | {"id_importacao": 13, "pagina": 1, "limite": 25, "total_base": 11313, "total_final": 11313, "aplicou_eot": false, "aplicou_multi": false}
2025-11-13 13:39:26,245 [INFO] listar_resultados_base | {"id_importacao": 13, "pagina": 1, "limite": 25, "total_base": 0, "filtros": {"status": null, "descritor": null, "gh": null, "apenas_sem_cdr": false, "diferenca_min": null, "eot_divergente": false, "cruza_gh": false, "tarifa": null, "assinante_a": "1639002413", "assinante_b": null, "data_inicio": "2025-02-28T21:00", "data_fim": "2025-05-30T21:00", "multi_divergencias": false, "gh_inconsistente": false, "sigame": true}}
2025-11-13 13:39:26,251 [INFO] listar_resultados_resposta | {"id_importacao": 13, "pagina": 1, "limite": 25, "total_base": 0, "total_final": 0, "aplicou_eot": false, "aplicou_multi": false}
2025-11-13 13:46:23,888 [INFO] listar_resultados_base | {"id_importacao": 13, "pagina": 1, "limite": 25, "total_base": 0, "filtros": {"status": null, "descritor": null, "gh": null, "apenas_sem_cdr": false, "diferenca_min": null, "eot_divergente": false, "cruza_gh": false, "tarifa": null, "assinante_a": null, "assinante_b": null, "data_inicio": null, "data_fim": null, "multi_divergencias": false, "gh_inconsistente": false, "sigame": false}}
2025-11-13 13:46:23,889 [INFO] listar_resultados_resposta | {"id_importacao": 13, "pagina": 1, "limite": 25, "total_base": 0, "total_final": 0, "aplicou_eot": false, "aplicou_multi": false}
2025-11-13 13:46:25,048 [INFO] conferencia_resumo | {"id_importacao": 13, "processadas": 0, "validas": 0, "invalidas": 0, "sem_cdr": 0, "delta_tolerancia": 0, "eot_divergente": 0, "multiplas": 0}
2025-11-13 13:46:25,095 [INFO] listar_resultados_base | {"id_importacao": 13, "pagina": 1, "limite": 25, "total_base": 0, "filtros": {"status": null, "descritor": null, "gh": null, "apenas_sem_cdr": false, "diferenca_min": null, "eot_divergente": false, "cruza_gh": false, "tarifa": null, "assinante_a": null, "assinante_b": null, "data_inicio": "2025-02-28T21:00", "data_fim": "2025-05-30T21:00", "multi_divergencias": false, "gh_inconsistente": false, "sigame": false}}
2025-11-13 13:46:25,095 [INFO] listar_resultados_resposta | {"id_importacao": 13, "pagina": 1, "limite": 25, "total_base": 0, "total_final": 0, "aplicou_eot": false, "aplicou_multi": false}
2025-11-13 13:48:06,978 [INFO] listar_resultados_base | {"id_importacao": 13, "pagina": 1, "limite": 25, "total_base": 0, "filtros": {"status": null, "descritor": null, "gh": null, "apenas_sem_cdr": false, "diferenca_min": null, "eot_divergente": false, "cruza_gh": false, "tarifa": null, "assinante_a": null, "assinante_b": null, "data_inicio": null, "data_fim": null, "multi_divergencias": false, "gh_inconsistente": false, "sigame": false}}
2025-11-13 13:48:06,981 [INFO] listar_resultados_resposta | {"id_importacao": 13, "pagina": 1, "limite": 25, "total_base": 0, "total_final": 0, "aplicou_eot": false, "aplicou_multi": false}
2025-11-13 13:48:07,957 [INFO] conferencia_resumo | {"id_importacao": 13, "processadas": 0, "validas": 0, "invalidas": 0, "sem_cdr": 0, "delta_tolerancia": 0, "eot_divergente": 0, "multiplas": 0}
2025-11-13 13:48:08,051 [INFO] listar_resultados_base | {"id_importacao": 13, "pagina": 1, "limite": 25, "total_base": 0, "filtros": {"status": null, "descritor": null, "gh": null, "apenas_sem_cdr": false, "diferenca_min": null, "eot_divergente": false, "cruza_gh": false, "tarifa": null, "assinante_a": null, "assinante_b": null, "data_inicio": "2025-02-28T21:00", "data_fim": "2025-05-30T21:00", "multi_divergencias": false, "gh_inconsistente": false, "sigame": false}}
2025-11-13 13:48:08,051 [INFO] listar_resultados_resposta | {"id_importacao": 13, "pagina": 1, "limite": 25, "total_base": 0, "total_final": 0, "aplicou_eot": false, "aplicou_multi": false}
2025-11-13 13:48:09,086 [INFO] processar_conferencia_inicio | {"execucao": 63, "id_cliente": 1, "id_importacao_detraf": 13, "id_importacao_cdr": 15}
2025-11-13 13:48:20,968 [INFO] processar_conferencia_concluida | {"execucao": 63, "id_importacao_detraf": 13, "id_importacao_cdr": 15, "resumo": {"total": 11512, "conferidos": 2220, "divergentes": 202, "perdidos": 9090}}
2025-11-13 13:48:22,285 [INFO] listar_resultados_base | {"id_importacao": 13, "pagina": 1, "limite": 25, "total_base": 11313, "filtros": {"status": null, "descritor": null, "gh": null, "apenas_sem_cdr": false, "diferenca_min": null, "eot_divergente": false, "cruza_gh": false, "tarifa": null, "assinante_a": null, "assinante_b": null, "data_inicio": "2025-02-28T21:00", "data_fim": "2025-05-30T21:00", "multi_divergencias": false, "gh_inconsistente": false, "sigame": false}}
2025-11-13 13:48:22,285 [INFO] listar_resultados_resposta | {"id_importacao": 13, "pagina": 1, "limite": 25, "total_base": 11313, "total_final": 11313, "aplicou_eot": false, "aplicou_multi": false}
2025-11-13 13:48:22,651 [INFO] conferencia_resumo | {"id_importacao": 13, "processadas": 11512, "validas": 2220, "invalidas": 9292, "sem_cdr": 9090, "delta_tolerancia": 57, "eot_divergente": 49, "multiplas": 0}
2025-11-13 14:01:06,174 [INFO] processar_conferencia_inicio | {"execucao": 64, "id_cliente": 1, "id_importacao_detraf": 13, "id_importacao_cdr": 15}
2025-11-13 14:01:18,898 [INFO] processar_conferencia_concluida | {"execucao": 64, "id_importacao_detraf": 13, "id_importacao_cdr": 15, "resumo": {"total": 11512, "conferidos": 10290, "divergentes": 993, "perdidos": 229}}
2025-11-13 14:01:19,170 [INFO] conferencia_resumo | {"id_importacao": 13, "processadas": 11512, "validas": 10290, "invalidas": 1222, "sem_cdr": 229, "delta_tolerancia": 334, "eot_divergente": 239, "multiplas": 0}
2025-11-13 14:01:19,280 [INFO] listar_resultados_base | {"id_importacao": 13, "pagina": 1, "limite": 25, "total_base": 11313, "filtros": {"status": null, "descritor": null, "gh": null, "apenas_sem_cdr": false, "diferenca_min": null, "eot_divergente": false, "cruza_gh": false, "tarifa": null, "assinante_a": null, "assinante_b": null, "data_inicio": "2025-02-28T21:00", "data_fim": "2025-05-30T21:00", "multi_divergencias": false, "gh_inconsistente": false, "sigame": false}}
2025-11-13 14:01:19,280 [INFO] listar_resultados_resposta | {"id_importacao": 13, "pagina": 1, "limite": 25, "total_base": 11313, "total_final": 11313, "aplicou_eot": false, "aplicou_multi": false}
2025-11-13 14:03:19,377 [INFO] listar_resultados_base | {"id_importacao": 13, "pagina": 1, "limite": 25, "total_base": 6, "filtros": {"status": null, "descritor": null, "gh": null, "apenas_sem_cdr": false, "diferenca_min": null, "eot_divergente": false, "cruza_gh": false, "tarifa": null, "assinante_a": "1639002413", "assinante_b": null, "data_inicio": "2025-02-28T21:00", "data_fim": "2025-05-30T21:00", "multi_divergencias": false, "gh_inconsistente": false, "sigame": false}}
2025-11-13 14:03:19,377 [INFO] listar_resultados_resposta | {"id_importacao": 13, "pagina": 1, "limite": 25, "total_base": 6, "total_final": 6, "aplicou_eot": false, "aplicou_multi": false}
2025-11-13 14:10:56,663 [INFO] listar_resultados_base | {"id_importacao": 13, "pagina": 1, "limite": 25, "total_base": 0, "filtros": {"status": null, "descritor": null, "gh": null, "apenas_sem_cdr": false, "diferenca_min": null, "eot_divergente": false, "cruza_gh": false, "tarifa": null, "assinante_a": null, "assinante_b": null, "data_inicio": null, "data_fim": null, "multi_divergencias": false, "gh_inconsistente": false, "sigame": false}}
2025-11-13 14:10:56,666 [INFO] listar_resultados_resposta | {"id_importacao": 13, "pagina": 1, "limite": 25, "total_base": 0, "total_final": 0, "aplicou_eot": false, "aplicou_multi": false}
2025-11-13 14:10:57,019 [INFO] conferencia_resumo | {"id_importacao": 13, "processadas": 0, "validas": 0, "invalidas": 0, "sem_cdr": 0, "delta_tolerancia": 0, "eot_divergente": 0, "multiplas": 0}
2025-11-13 14:10:57,064 [INFO] listar_resultados_base | {"id_importacao": 13, "pagina": 1, "limite": 25, "total_base": 0, "filtros": {"status": null, "descritor": null, "gh": null, "apenas_sem_cdr": false, "diferenca_min": null, "eot_divergente": false, "cruza_gh": false, "tarifa": null, "assinante_a": null, "assinante_b": null, "data_inicio": "2025-02-28T21:00", "data_fim": "2025-05-30T21:00", "multi_divergencias": false, "gh_inconsistente": false, "sigame": false}}
2025-11-13 14:10:57,066 [INFO] listar_resultados_resposta | {"id_importacao": 13, "pagina": 1, "limite": 25, "total_base": 0, "total_final": 0, "aplicou_eot": false, "aplicou_multi": false}
2025-11-13 14:11:04,304 [INFO] processar_conferencia_inicio | {"execucao": 66, "id_cliente": 1, "id_importacao_detraf": 13, "id_importacao_cdr": 16}
2025-11-13 14:11:07,233 [INFO] processar_conferencia_concluida | {"execucao": 66, "id_importacao_detraf": 13, "id_importacao_cdr": 16, "resumo": {"total": 11512, "conferidos": 571, "divergentes": 43, "perdidos": 10898}}
2025-11-13 14:11:08,751 [INFO] conferencia_resumo | {"id_importacao": 13, "processadas": 11512, "validas": 571, "invalidas": 10941, "sem_cdr": 10898, "delta_tolerancia": 13, "eot_divergente": 9, "multiplas": 0}
2025-11-13 14:11:08,751 [INFO] listar_resultados_base | {"id_importacao": 13, "pagina": 1, "limite": 25, "total_base": 11313, "filtros": {"status": null, "descritor": null, "gh": null, "apenas_sem_cdr": false, "diferenca_min": null, "eot_divergente": false, "cruza_gh": false, "tarifa": null, "assinante_a": null, "assinante_b": null, "data_inicio": "2025-02-28T21:00", "data_fim": "2025-05-30T21:00", "multi_divergencias": false, "gh_inconsistente": false, "sigame": false}}
2025-11-13 14:11:08,752 [INFO] listar_resultados_resposta | {"id_importacao": 13, "pagina": 1, "limite": 25, "total_base": 11313, "total_final": 11313, "aplicou_eot": false, "aplicou_multi": false}
2025-11-13 14:11:14,752 [INFO] processar_conferencia_inicio | {"execucao": 67, "id_cliente": 1, "id_importacao_detraf": 13, "id_importacao_cdr": 16}
2025-11-13 14:11:21,877 [INFO] processar_conferencia_concluida | {"execucao": 67, "id_importacao_detraf": 13, "id_importacao_cdr": 16, "resumo": {"total": 11512, "conferidos": 1796, "divergentes": 178, "perdidos": 9538}}
2025-11-13 14:11:25,660 [INFO] conferencia_resumo | {"id_importacao": 13, "processadas": 11512, "validas": 1796, "invalidas": 9716, "sem_cdr": 9538, "delta_tolerancia": 51, "eot_divergente": 48, "multiplas": 0}
2025-11-13 14:11:25,817 [INFO] listar_resultados_base | {"id_importacao": 13, "pagina": 1, "limite": 25, "total_base": 11313, "filtros": {"status": null, "descritor": null, "gh": null, "apenas_sem_cdr": false, "diferenca_min": null, "eot_divergente": false, "cruza_gh": false, "tarifa": null, "assinante_a": null, "assinante_b": null, "data_inicio": "2025-02-28T21:00", "data_fim": "2025-05-30T21:00", "multi_divergencias": false, "gh_inconsistente": false, "sigame": false}}
2025-11-13 14:11:25,819 [INFO] listar_resultados_resposta | {"id_importacao": 13, "pagina": 1, "limite": 25, "total_base": 11313, "total_final": 11313, "aplicou_eot": false, "aplicou_multi": false}
2025-11-13 14:18:20,867 [INFO] conferencia_resumo | {"id_importacao": 13, "processadas": 11512, "validas": 1796, "invalidas": 9716, "sem_cdr": 9538, "delta_tolerancia": 51, "eot_divergente": 48, "multiplas": 0}
2025-11-13 14:18:20,955 [INFO] listar_resultados_base | {"id_importacao": 13, "pagina": 1, "limite": 25, "total_base": 11512, "filtros": {"status": null, "descritor": null, "gh": null, "apenas_sem_cdr": false, "diferenca_min": null, "eot_divergente": false, "cruza_gh": false, "tarifa": null, "assinante_a": null, "assinante_b": null, "data_inicio": null, "data_fim": null, "multi_divergencias": false, "gh_inconsistente": false, "sigame": false}}
2025-11-13 14:18:20,956 [INFO] listar_resultados_resposta | {"id_importacao": 13, "pagina": 1, "limite": 25, "total_base": 11512, "total_final": 11512, "aplicou_eot": false, "aplicou_multi": false}
2025-11-13 14:18:21,221 [INFO] listar_resultados_base | {"id_importacao": 13, "pagina": 1, "limite": 25, "total_base": 11313, "filtros": {"status": null, "descritor": null, "gh": null, "apenas_sem_cdr": false, "diferenca_min": null, "eot_divergente": false, "cruza_gh": false, "tarifa": null, "assinante_a": null, "assinante_b": null, "data_inicio": "2025-02-28T21:00", "data_fim": "2025-05-30T21:00", "multi_divergencias": false, "gh_inconsistente": false, "sigame": false}}
2025-11-13 14:18:21,221 [INFO] listar_resultados_resposta | {"id_importacao": 13, "pagina": 1, "limite": 25, "total_base": 11313, "total_final": 11313, "aplicou_eot": false, "aplicou_multi": false}
2025-11-13 14:18:25,437 [INFO] processar_conferencia_inicio | {"execucao": 68, "id_cliente": 1, "id_importacao_detraf": 13, "id_importacao_cdr": 16}
2025-11-13 14:18:32,079 [INFO] processar_conferencia_concluida | {"execucao": 68, "id_importacao_detraf": 13, "id_importacao_cdr": 16, "resumo": {"total": 11512, "conferidos": 3594, "divergentes": 367, "perdidos": 7551}}
2025-11-13 14:18:33,566 [INFO] listar_resultados_base | {"id_importacao": 13, "pagina": 1, "limite": 25, "total_base": 11313, "filtros": {"status": null, "descritor": null, "gh": null, "apenas_sem_cdr": false, "diferenca_min": null, "eot_divergente": false, "cruza_gh": false, "tarifa": null, "assinante_a": null, "assinante_b": null, "data_inicio": "2025-02-28T21:00", "data_fim": "2025-05-30T21:00", "multi_divergencias": false, "gh_inconsistente": false, "sigame": false}}
2025-11-13 14:18:33,567 [INFO] listar_resultados_resposta | {"id_importacao": 13, "pagina": 1, "limite": 25, "total_base": 11313, "total_final": 11313, "aplicou_eot": false, "aplicou_multi": false}
2025-11-13 14:18:33,717 [INFO] conferencia_resumo | {"id_importacao": 13, "processadas": 11512, "validas": 3594, "invalidas": 7918, "sem_cdr": 7551, "delta_tolerancia": 110, "eot_divergente": 96, "multiplas": 0}
2025-11-13 14:40:56,719 [INFO] conferencia_resumo | {"id_importacao": 13, "processadas": 11512, "validas": 3594, "invalidas": 7918, "sem_cdr": 7551, "delta_tolerancia": 110, "eot_divergente": 96, "multiplas": 0}
2025-11-13 14:40:56,839 [INFO] listar_resultados_base | {"id_importacao": 13, "pagina": 1, "limite": 25, "total_base": 11512, "filtros": {"status": null, "descritor": null, "gh": null, "apenas_sem_cdr": false, "diferenca_min": null, "eot_divergente": false, "cruza_gh": false, "tarifa": null, "assinante_a": null, "assinante_b": null, "data_inicio": null, "data_fim": null, "multi_divergencias": false, "gh_inconsistente": false, "sigame": false}}
2025-11-13 14:40:56,840 [INFO] listar_resultados_resposta | {"id_importacao": 13, "pagina": 1, "limite": 25, "total_base": 11512, "total_final": 11512, "aplicou_eot": false, "aplicou_multi": false}
2025-11-13 14:40:57,151 [INFO] listar_resultados_base | {"id_importacao": 13, "pagina": 1, "limite": 25, "total_base": 11313, "filtros": {"status": null, "descritor": null, "gh": null, "apenas_sem_cdr": false, "diferenca_min": null, "eot_divergente": false, "cruza_gh": false, "tarifa": null, "assinante_a": null, "assinante_b": null, "data_inicio": "2025-02-28T21:00", "data_fim": "2025-05-30T21:00", "multi_divergencias": false, "gh_inconsistente": false, "sigame": false}}
2025-11-13 14:40:57,152 [INFO] listar_resultados_resposta | {"id_importacao": 13, "pagina": 1, "limite": 25, "total_base": 11313, "total_final": 11313, "aplicou_eot": false, "aplicou_multi": false}
2025-11-13 14:41:01,506 [INFO] conferencia_resumo | {"id_importacao": 13, "processadas": 11512, "validas": 3594, "invalidas": 7918, "sem_cdr": 7551, "delta_tolerancia": 110, "eot_divergente": 96, "multiplas": 0}
2025-11-13 14:41:01,667 [INFO] listar_resultados_base | {"id_importacao": 13, "pagina": 1, "limite": 25, "total_base": 11313, "filtros": {"status": null, "descritor": null, "gh": null, "apenas_sem_cdr": false, "diferenca_min": null, "eot_divergente": false, "cruza_gh": false, "tarifa": null, "assinante_a": null, "assinante_b": null, "data_inicio": "2025-02-28T21:00", "data_fim": "2025-05-30T21:00", "multi_divergencias": false, "gh_inconsistente": false, "sigame": false}}
2025-11-13 14:41:01,668 [INFO] listar_resultados_resposta | {"id_importacao": 13, "pagina": 1, "limite": 25, "total_base": 11313, "total_final": 11313, "aplicou_eot": false, "aplicou_multi": false}
2025-11-13 14:41:16,635 [INFO] conferencia_resumo | {"id_importacao": 13, "processadas": 11512, "validas": 3594, "invalidas": 7918, "sem_cdr": 7551, "delta_tolerancia": 110, "eot_divergente": 96, "multiplas": 0}
2025-11-13 14:41:16,880 [INFO] listar_resultados_base | {"id_importacao": 13, "pagina": 1, "limite": 25, "total_base": 11313, "filtros": {"status": null, "descritor": null, "gh": null, "apenas_sem_cdr": false, "diferenca_min": null, "eot_divergente": false, "cruza_gh": false, "tarifa": null, "assinante_a": null, "assinante_b": null, "data_inicio": "2025-02-28T21:00", "data_fim": "2025-05-30T21:00", "multi_divergencias": false, "gh_inconsistente": false, "sigame": false}}
2025-11-13 14:41:16,881 [INFO] listar_resultados_resposta | {"id_importacao": 13, "pagina": 1, "limite": 25, "total_base": 11313, "total_final": 11313, "aplicou_eot": false, "aplicou_multi": false}
2025-11-13 14:48:34,831 [INFO] processar_conferencia_inicio | {"execucao": 69, "id_cliente": 1, "id_importacao_detraf": 13, "id_importacao_cdr": 16, "forcar_normalizacao": true}
2025-11-13 14:49:45,758 [INFO] listar_resultados_base | {"id_importacao": 13, "pagina": 1, "limite": 25, "total_base": 11512, "filtros": {"status": null, "descritor": null, "gh": null, "apenas_sem_cdr": false, "diferenca_min": null, "eot_divergente": false, "cruza_gh": false, "tarifa": null, "assinante_a": null, "assinante_b": null, "data_inicio": null, "data_fim": null, "multi_divergencias": false, "gh_inconsistente": false, "sigame": false}}
2025-11-13 14:49:45,760 [INFO] listar_resultados_resposta | {"id_importacao": 13, "pagina": 1, "limite": 25, "total_base": 11512, "total_final": 11512, "aplicou_eot": false, "aplicou_multi": false}
2025-11-13 14:49:46,124 [INFO] conferencia_resumo | {"id_importacao": 13, "processadas": 11512, "validas": 3594, "invalidas": 7918, "sem_cdr": 7551, "delta_tolerancia": 110, "eot_divergente": 96, "multiplas": 0}
2025-11-13 14:49:46,620 [INFO] listar_resultados_base | {"id_importacao": 13, "pagina": 1, "limite": 25, "total_base": 11313, "filtros": {"status": null, "descritor": null, "gh": null, "apenas_sem_cdr": false, "diferenca_min": null, "eot_divergente": false, "cruza_gh": false, "tarifa": null, "assinante_a": null, "assinante_b": null, "data_inicio": "2025-02-28T21:00", "data_fim": "2025-05-30T21:00", "multi_divergencias": false, "gh_inconsistente": false, "sigame": false}}
2025-11-13 14:49:46,621 [INFO] listar_resultados_resposta | {"id_importacao": 13, "pagina": 1, "limite": 25, "total_base": 11313, "total_final": 11313, "aplicou_eot": false, "aplicou_multi": false}
2025-11-13 14:49:53,858 [INFO] listar_resultados_base | {"id_importacao": 13, "pagina": 1, "limite": 25, "total_base": 11313, "filtros": {"status": null, "descritor": null, "gh": null, "apenas_sem_cdr": false, "diferenca_min": null, "eot_divergente": false, "cruza_gh": false, "tarifa": null, "assinante_a": null, "assinante_b": null, "data_inicio": "2025-02-28T21:00", "data_fim": "2025-05-30T21:00", "multi_divergencias": false, "gh_inconsistente": false, "sigame": false}}
2025-11-13 14:49:53,859 [INFO] listar_resultados_resposta | {"id_importacao": 13, "pagina": 1, "limite": 25, "total_base": 11313, "total_final": 11313, "aplicou_eot": false, "aplicou_multi": false}
2025-11-13 14:49:59,796 [INFO] processar_conferencia_inicio | {"execucao": 70, "id_cliente": 1, "id_importacao_detraf": 13, "id_importacao_cdr": 16, "forcar_normalizacao": true}
2025-11-13 14:55:08,573 [INFO] processar_conferencia_concluida | {"execucao": 69, "id_importacao_detraf": 13, "id_importacao_cdr": 16, "forcar_normalizacao": true, "resumo": {"total": 11512, "conferidos": 10287, "divergentes": 1018, "perdidos": 207}}
2025-11-13 14:55:44,744 [INFO] processar_conferencia_concluida | {"execucao": 70, "id_importacao_detraf": 13, "id_importacao_cdr": 16, "forcar_normalizacao": true, "resumo": {"total": 11512, "conferidos": 10287, "divergentes": 1018, "perdidos": 207}}
2025-11-13 14:55:44,965 [INFO] listar_resultados_base | {"id_importacao": 13, "pagina": 1, "limite": 25, "total_base": 11313, "filtros": {"status": null, "descritor": null, "gh": null, "apenas_sem_cdr": false, "diferenca_min": null, "eot_divergente": false, "cruza_gh": false, "tarifa": null, "assinante_a": null, "assinante_b": null, "data_inicio": "2025-02-28T21:00", "data_fim": "2025-05-30T21:00", "multi_divergencias": false, "gh_inconsistente": false, "sigame": false}}
2025-11-13 14:55:44,965 [INFO] listar_resultados_resposta | {"id_importacao": 13, "pagina": 1, "limite": 25, "total_base": 11313, "total_final": 11313, "aplicou_eot": false, "aplicou_multi": false}
2025-11-13 14:55:45,182 [INFO] conferencia_resumo | {"id_importacao": 13, "processadas": 11512, "validas": 10287, "invalidas": 1225, "sem_cdr": 207, "delta_tolerancia": 338, "eot_divergente": 256, "multiplas": 0}
2025-11-13 14:56:03,117 [INFO] listar_resultados_base | {"id_importacao": 13, "pagina": 1, "limite": 25, "total_base": 0, "filtros": {"status": null, "descritor": null, "gh": null, "apenas_sem_cdr": false, "diferenca_min": null, "eot_divergente": false, "cruza_gh": false, "tarifa": null, "assinante_a": null, "assinante_b": null, "data_inicio": "2025-02-28T21:00", "data_fim": "2025-05-30T21:00", "multi_divergencias": false, "gh_inconsistente": false, "sigame": true}}
2025-11-13 14:56:03,118 [INFO] listar_resultados_resposta | {"id_importacao": 13, "pagina": 1, "limite": 25, "total_base": 0, "total_final": 0, "aplicou_eot": false, "aplicou_multi": false}
2025-11-13 14:56:09,527 [INFO] listar_resultados_base | {"id_importacao": 13, "pagina": 1, "limite": 25, "total_base": 0, "filtros": {"status": null, "descritor": null, "gh": null, "apenas_sem_cdr": false, "diferenca_min": null, "eot_divergente": false, "cruza_gh": false, "tarifa": null, "assinante_a": null, "assinante_b": null, "data_inicio": "2025-02-28T21:00", "data_fim": "2025-05-30T21:00", "multi_divergencias": false, "gh_inconsistente": false, "sigame": true}}
2025-11-13 14:56:09,527 [INFO] listar_resultados_resposta | {"id_importacao": 13, "pagina": 1, "limite": 25, "total_base": 0, "total_final": 0, "aplicou_eot": false, "aplicou_multi": false}
2025-11-13 14:56:11,589 [INFO] listar_resultados_base | {"id_importacao": 13, "pagina": 1, "limite": 25, "total_base": 11313, "filtros": {"status": null, "descritor": null, "gh": null, "apenas_sem_cdr": false, "diferenca_min": null, "eot_divergente": false, "cruza_gh": false, "tarifa": null, "assinante_a": null, "assinante_b": null, "data_inicio": "2025-02-28T21:00", "data_fim": "2025-05-30T21:00", "multi_divergencias": false, "gh_inconsistente": false, "sigame": false}}
2025-11-13 14:56:11,590 [INFO] listar_resultados_resposta | {"id_importacao": 13, "pagina": 1, "limite": 25, "total_base": 11313, "total_final": 11313, "aplicou_eot": false, "aplicou_multi": false}
2025-11-13 14:56:27,910 [INFO] listar_resultados_base | {"id_importacao": 13, "pagina": 1, "limite": 25, "total_base": 11313, "filtros": {"status": null, "descritor": null, "gh": null, "apenas_sem_cdr": false, "diferenca_min": null, "eot_divergente": false, "cruza_gh": false, "tarifa": null, "assinante_a": null, "assinante_b": null, "data_inicio": "2025-02-28T21:00", "data_fim": "2025-05-30T21:00", "multi_divergencias": false, "gh_inconsistente": false, "sigame": false}}
2025-11-13 14:56:27,911 [INFO] listar_resultados_resposta | {"id_importacao": 13, "pagina": 1, "limite": 25, "total_base": 11313, "total_final": 11313, "aplicou_eot": false, "aplicou_multi": false}
2025-11-13 14:56:31,635 [INFO] listar_resultados_base | {"id_importacao": 13, "pagina": 1, "limite": 25, "total_base": 1003, "filtros": {"status": ["DIVERGENTE"], "descritor": null, "gh": null, "apenas_sem_cdr": false, "diferenca_min": null, "eot_divergente": false, "cruza_gh": false, "tarifa": null, "assinante_a": null, "assinante_b": null, "data_inicio": "2025-02-28T21:00", "data_fim": "2025-05-30T21:00", "multi_divergencias": false, "gh_inconsistente": false, "sigame": false}}
2025-11-13 14:56:31,636 [INFO] listar_resultados_resposta | {"id_importacao": 13, "pagina": 1, "limite": 25, "total_base": 1003, "total_final": 1003, "aplicou_eot": false, "aplicou_multi": false}
2025-11-13 14:57:00,850 [INFO] listar_resultados_base | {"id_importacao": 13, "pagina": 1, "limite": 25, "total_base": 11313, "filtros": {"status": null, "descritor": null, "gh": null, "apenas_sem_cdr": false, "diferenca_min": null, "eot_divergente": false, "cruza_gh": false, "tarifa": null, "assinante_a": null, "assinante_b": null, "data_inicio": "2025-02-28T21:00", "data_fim": "2025-05-30T21:00", "multi_divergencias": false, "gh_inconsistente": false, "sigame": false}}
2025-11-13 14:57:00,851 [INFO] listar_resultados_resposta | {"id_importacao": 13, "pagina": 1, "limite": 25, "total_base": 11313, "total_final": 11313, "aplicou_eot": false, "aplicou_multi": false}
2025-11-13 14:57:45,824 [INFO] listar_resultados_base | {"id_importacao": 13, "pagina": 1, "limite": 25, "total_base": 7601, "filtros": {"status": null, "descritor": null, "gh": null, "apenas_sem_cdr": false, "diferenca_min": null, "eot_divergente": true, "cruza_gh": false, "tarifa": null, "assinante_a": null, "assinante_b": null, "data_inicio": "2025-02-28T21:00", "data_fim": "2025-05-30T21:00", "multi_divergencias": false, "gh_inconsistente": false, "sigame": false}}
2025-11-13 14:57:45,918 [INFO] listar_resultados_resposta | {"id_importacao": 13, "pagina": 1, "limite": 25, "total_base": 7601, "total_final": 256, "aplicou_eot": true, "aplicou_multi": false}
2025-11-13 15:30:55,140 [INFO] conferencia_resumo | {"id_importacao": 13, "processadas": 11512, "validas": 10287, "invalidas": 1225, "sem_cdr": 207, "delta_tolerancia": 338, "eot_divergente": 256, "multiplas": 0}
2025-11-13 15:30:55,434 [INFO] listar_resultados_base | {"id_importacao": 13, "pagina": 1, "limite": 25, "total_base": 11512, "filtros": {"status": null, "descritor": null, "gh": null, "apenas_sem_cdr": false, "diferenca_min": null, "eot_divergente": false, "cruza_gh": false, "tarifa": null, "assinante_a": null, "assinante_b": null, "data_inicio": null, "data_fim": null, "multi_divergencias": false, "gh_inconsistente": false, "sigame": false}}
2025-11-13 15:30:55,435 [INFO] listar_resultados_resposta | {"id_importacao": 13, "pagina": 1, "limite": 25, "total_base": 11512, "total_final": 11512, "aplicou_eot": false, "aplicou_multi": false}
2025-11-13 15:30:55,705 [INFO] listar_resultados_base | {"id_importacao": 13, "pagina": 1, "limite": 25, "total_base": 11313, "filtros": {"status": null, "descritor": null, "gh": null, "apenas_sem_cdr": false, "diferenca_min": null, "eot_divergente": false, "cruza_gh": false, "tarifa": null, "assinante_a": null, "assinante_b": null, "data_inicio": "2025-02-28T21:00", "data_fim": "2025-05-30T21:00", "multi_divergencias": false, "gh_inconsistente": false, "sigame": false}}
2025-11-13 15:30:55,705 [INFO] listar_resultados_resposta | {"id_importacao": 13, "pagina": 1, "limite": 25, "total_base": 11313, "total_final": 11313, "aplicou_eot": false, "aplicou_multi": false}
2025-11-13 15:44:52,711 [INFO] conferencia_resumo | {"id_importacao": 13, "processadas": 11512, "validas": 10287, "invalidas": 1225, "sem_cdr": 207, "delta_tolerancia": 338, "eot_divergente": 256, "multiplas": 0}
2025-11-13 15:44:52,843 [INFO] listar_resultados_base | {"id_importacao": 13, "pagina": 1, "limite": 25, "total_base": 11512, "filtros": {"status": null, "descritor": null, "gh": null, "apenas_sem_cdr": false, "diferenca_min": null, "eot_divergente": false, "cruza_gh": false, "tarifa": null, "assinante_a": null, "assinante_b": null, "data_inicio": null, "data_fim": null, "multi_divergencias": false, "gh_inconsistente": false, "sigame": false}}
2025-11-13 15:44:52,843 [INFO] listar_resultados_resposta | {"id_importacao": 13, "pagina": 1, "limite": 25, "total_base": 11512, "total_final": 11512, "aplicou_eot": false, "aplicou_multi": false}
2025-11-13 15:44:53,112 [INFO] listar_resultados_base | {"id_importacao": 13, "pagina": 1, "limite": 25, "total_base": 11313, "filtros": {"status": null, "descritor": null, "gh": null, "apenas_sem_cdr": false, "diferenca_min": null, "eot_divergente": false, "cruza_gh": false, "tarifa": null, "assinante_a": null, "assinante_b": null, "data_inicio": "2025-02-28T21:00", "data_fim": "2025-05-30T21:00", "multi_divergencias": false, "gh_inconsistente": false, "sigame": false}}
2025-11-13 15:44:53,113 [INFO] listar_resultados_resposta | {"id_importacao": 13, "pagina": 1, "limite": 25, "total_base": 11313, "total_final": 11313, "aplicou_eot": false, "aplicou_multi": false}
2025-11-13 16:07:42,417 [INFO] listar_resultados_base | {"id_importacao": 19, "pagina": 1, "limite": 25, "total_base": 0, "filtros": {"status": null, "descritor": null, "gh": null, "apenas_sem_cdr": false, "diferenca_min": null, "eot_divergente": false, "cruza_gh": false, "tarifa": null, "assinante_a": null, "assinante_b": null, "data_inicio": null, "data_fim": null, "multi_divergencias": false, "gh_inconsistente": false, "sigame": false}}
2025-11-13 16:07:42,426 [INFO] listar_resultados_resposta | {"id_importacao": 19, "pagina": 1, "limite": 25, "total_base": 0, "total_final": 0, "aplicou_eot": false, "aplicou_multi": false}
2025-11-13 16:07:42,877 [INFO] conferencia_resumo | {"id_importacao": 19, "processadas": 0, "validas": 0, "invalidas": 0, "sem_cdr": 0, "delta_tolerancia": 0, "eot_divergente": 0, "multiplas": 0}
2025-11-13 16:07:42,947 [INFO] listar_resultados_base | {"id_importacao": 19, "pagina": 1, "limite": 25, "total_base": 0, "filtros": {"status": null, "descritor": null, "gh": null, "apenas_sem_cdr": false, "diferenca_min": null, "eot_divergente": false, "cruza_gh": false, "tarifa": null, "assinante_a": null, "assinante_b": null, "data_inicio": "2025-06-03T21:00", "data_fim": "2025-08-30T21:00", "multi_divergencias": false, "gh_inconsistente": false, "sigame": false}}
2025-11-13 16:07:42,948 [INFO] listar_resultados_resposta | {"id_importacao": 19, "pagina": 1, "limite": 25, "total_base": 0, "total_final": 0, "aplicou_eot": false, "aplicou_multi": false}
2025-11-13 16:07:51,951 [INFO] processar_conferencia_inicio | {"execucao": 72, "id_cliente": 1, "id_importacao_detraf": 19, "id_importacao_cdr": 18, "forcar_normalizacao": true}
2025-11-13 16:12:13,546 [INFO] listar_resultados_base | {"id_importacao": 19, "pagina": 1, "limite": 25, "total_base": 0, "filtros": {"status": null, "descritor": null, "gh": null, "apenas_sem_cdr": false, "diferenca_min": null, "eot_divergente": false, "cruza_gh": false, "tarifa": null, "assinante_a": null, "assinante_b": null, "data_inicio": null, "data_fim": null, "multi_divergencias": false, "gh_inconsistente": false, "sigame": false}}
2025-11-13 16:12:13,558 [INFO] listar_resultados_resposta | {"id_importacao": 19, "pagina": 1, "limite": 25, "total_base": 0, "total_final": 0, "aplicou_eot": false, "aplicou_multi": false}
2025-11-13 16:12:13,968 [INFO] conferencia_resumo | {"id_importacao": 19, "processadas": 0, "validas": 0, "invalidas": 0, "sem_cdr": 0, "delta_tolerancia": 0, "eot_divergente": 0, "multiplas": 0}
2025-11-13 16:12:14,362 [INFO] listar_resultados_base | {"id_importacao": 19, "pagina": 1, "limite": 25, "total_base": 0, "filtros": {"status": null, "descritor": null, "gh": null, "apenas_sem_cdr": false, "diferenca_min": null, "eot_divergente": false, "cruza_gh": false, "tarifa": null, "assinante_a": null, "assinante_b": null, "data_inicio": "2025-06-03T21:00", "data_fim": "2025-08-30T21:00", "multi_divergencias": false, "gh_inconsistente": false, "sigame": false}}
2025-11-13 16:12:14,376 [INFO] listar_resultados_resposta | {"id_importacao": 19, "pagina": 1, "limite": 25, "total_base": 0, "total_final": 0, "aplicou_eot": false, "aplicou_multi": false}
2025-11-13 16:12:17,918 [INFO] processar_conferencia_inicio | {"execucao": 73, "id_cliente": 1, "id_importacao_detraf": 19, "id_importacao_cdr": 18, "forcar_normalizacao": false}
2025-11-13 16:16:30,424 [INFO] processar_conferencia_erro | {"execucao": 73, "id_importacao_detraf": 19, "id_importacao_cdr": 18, "forcar_normalizacao": false, "erro": "2013 (HY000): Lost connection to MySQL server during query"}
2025-11-13 16:17:18,294 [INFO] processar_conferencia_inicio | {"execucao": 74, "id_cliente": 1, "id_importacao_detraf": 19, "id_importacao_cdr": 18, "forcar_normalizacao": false}
2025-11-13 16:23:24,829 [INFO] processar_conferencia_concluida | {"execucao": 74, "id_importacao_detraf": 19, "id_importacao_cdr": 18, "forcar_normalizacao": false, "resumo": {"total": 9911, "conferidos": 4, "divergentes": 1, "perdidos": 9906}}
2025-11-13 16:24:12,993 [INFO] listar_resultados_base | {"id_importacao": 19, "pagina": 1, "limite": 25, "total_base": 9821, "filtros": {"status": null, "descritor": null, "gh": null, "apenas_sem_cdr": false, "diferenca_min": null, "eot_divergente": false, "cruza_gh": false, "tarifa": null, "assinante_a": null, "assinante_b": null, "data_inicio": "2025-06-03T21:00", "data_fim": "2025-08-30T21:00", "multi_divergencias": false, "gh_inconsistente": false, "sigame": false}}
2025-11-13 16:24:12,994 [INFO] listar_resultados_resposta | {"id_importacao": 19, "pagina": 1, "limite": 25, "total_base": 9821, "total_final": 9821, "aplicou_eot": false, "aplicou_multi": false}
2025-11-13 16:24:13,061 [INFO] conferencia_resumo | {"id_importacao": 19, "processadas": 9911, "validas": 4, "invalidas": 9907, "sem_cdr": 9906, "delta_tolerancia": 1, "eot_divergente": 0, "multiplas": 0}
2025-11-13 16:48:19,877 [INFO] listar_resultados_base | {"id_importacao": 19, "pagina": 1, "limite": 25, "total_base": 9911, "filtros": {"status": null, "descritor": null, "gh": null, "apenas_sem_cdr": false, "diferenca_min": null, "eot_divergente": false, "cruza_gh": false, "tarifa": null, "assinante_a": null, "assinante_b": null, "data_inicio": null, "data_fim": null, "multi_divergencias": false, "gh_inconsistente": false, "sigame": false}}
2025-11-13 16:48:19,879 [INFO] listar_resultados_resposta | {"id_importacao": 19, "pagina": 1, "limite": 25, "total_base": 9911, "total_final": 9911, "aplicou_eot": false, "aplicou_multi": false}
2025-11-13 16:48:20,074 [INFO] conferencia_resumo | {"id_importacao": 19, "processadas": 9911, "validas": 4, "invalidas": 9907, "sem_cdr": 9906, "delta_tolerancia": 1, "eot_divergente": 0, "multiplas": 0}
2025-11-13 16:48:20,222 [INFO] listar_resultados_base | {"id_importacao": 19, "pagina": 1, "limite": 25, "total_base": 9821, "filtros": {"status": null, "descritor": null, "gh": null, "apenas_sem_cdr": false, "diferenca_min": null, "eot_divergente": false, "cruza_gh": false, "tarifa": null, "assinante_a": null, "assinante_b": null, "data_inicio": "2025-06-03T21:00", "data_fim": "2025-08-30T21:00", "multi_divergencias": false, "gh_inconsistente": false, "sigame": false}}
2025-11-13 16:48:20,223 [INFO] listar_resultados_resposta | {"id_importacao": 19, "pagina": 1, "limite": 25, "total_base": 9821, "total_final": 9821, "aplicou_eot": false, "aplicou_multi": false}
2025-11-13 16:48:34,396 [INFO] processar_conferencia_inicio | {"execucao": 75, "id_cliente": 1, "id_importacao_detraf": 19, "id_importacao_cdr": 18, "forcar_normalizacao": false}
2025-11-13 16:48:44,236 [INFO] processar_conferencia_concluida | {"execucao": 75, "id_importacao_detraf": 19, "id_importacao_cdr": 18, "forcar_normalizacao": false, "resumo": {"total": 9911, "conferidos": 9, "divergentes": 2, "perdidos": 9900}}
2025-11-13 16:48:44,502 [INFO] listar_resultados_base | {"id_importacao": 19, "pagina": 1, "limite": 25, "total_base": 9821, "filtros": {"status": null, "descritor": null, "gh": null, "apenas_sem_cdr": false, "diferenca_min": null, "eot_divergente": false, "cruza_gh": false, "tarifa": null, "assinante_a": null, "assinante_b": null, "data_inicio": "2025-06-03T21:00", "data_fim": "2025-08-30T21:00", "multi_divergencias": false, "gh_inconsistente": false, "sigame": false}}
2025-11-13 16:48:44,503 [INFO] listar_resultados_resposta | {"id_importacao": 19, "pagina": 1, "limite": 25, "total_base": 9821, "total_final": 9821, "aplicou_eot": false, "aplicou_multi": false}
2025-11-13 16:48:44,662 [INFO] conferencia_resumo | {"id_importacao": 19, "processadas": 9911, "validas": 9, "invalidas": 9902, "sem_cdr": 9900, "delta_tolerancia": 2, "eot_divergente": 0, "multiplas": 0}
2025-11-13 16:51:02,187 [INFO] processar_conferencia_inicio | {"execucao": 76, "id_cliente": 1, "id_importacao_detraf": 19, "id_importacao_cdr": 18, "forcar_normalizacao": true}
2025-11-13 17:01:30,033 [INFO] processar_conferencia_concluida | {"execucao": 76, "id_importacao_detraf": 19, "id_importacao_cdr": 18, "forcar_normalizacao": true, "resumo": {"total": 9911, "conferidos": 8880, "divergentes": 925, "perdidos": 106}}
2025-11-13 17:01:30,256 [INFO] listar_resultados_base | {"id_importacao": 19, "pagina": 1, "limite": 25, "total_base": 9821, "filtros": {"status": null, "descritor": null, "gh": null, "apenas_sem_cdr": false, "diferenca_min": null, "eot_divergente": false, "cruza_gh": false, "tarifa": null, "assinante_a": null, "assinante_b": null, "data_inicio": "2025-06-03T21:00", "data_fim": "2025-08-30T21:00", "multi_divergencias": false, "gh_inconsistente": false, "sigame": false}}
2025-11-13 17:01:30,257 [INFO] listar_resultados_resposta | {"id_importacao": 19, "pagina": 1, "limite": 25, "total_base": 9821, "total_final": 9821, "aplicou_eot": false, "aplicou_multi": false}
2025-11-13 17:01:30,297 [INFO] conferencia_resumo | {"id_importacao": 19, "processadas": 9911, "validas": 8880, "invalidas": 1031, "sem_cdr": 106, "delta_tolerancia": 347, "eot_divergente": 244, "multiplas": 0}
2025-11-13 17:04:12,999 [INFO] listar_resultados_base | {"id_importacao": 19, "pagina": 1, "limite": 25, "total_base": 103, "filtros": {"status": ["PERDIDO"], "descritor": null, "gh": null, "apenas_sem_cdr": false, "diferenca_min": null, "eot_divergente": false, "cruza_gh": false, "tarifa": null, "assinante_a": null, "assinante_b": null, "data_inicio": "2025-06-03T21:00", "data_fim": "2025-08-30T21:00", "multi_divergencias": false, "gh_inconsistente": false, "sigame": false}}
2025-11-13 17:04:13,000 [INFO] listar_resultados_resposta | {"id_importacao": 19, "pagina": 1, "limite": 25, "total_base": 103, "total_final": 103, "aplicou_eot": false, "aplicou_multi": false}
2025-11-13 17:56:15,323 [INFO] listar_resultados_base | {"id_importacao": 19, "pagina": 1, "limite": 25, "total_base": 9911, "filtros": {"status": null, "descritor": null, "gh": null, "apenas_sem_cdr": false, "diferenca_min": null, "eot_divergente": false, "cruza_gh": false, "tarifa": null, "assinante_a": null, "assinante_b": null, "data_inicio": null, "data_fim": null, "multi_divergencias": false, "gh_inconsistente": false, "sigame": false}}
2025-11-13 17:56:15,325 [INFO] listar_resultados_resposta | {"id_importacao": 19, "pagina": 1, "limite": 25, "total_base": 9911, "total_final": 9911, "aplicou_eot": false, "aplicou_multi": false}
2025-11-13 17:56:15,478 [INFO] conferencia_resumo | {"id_importacao": 19, "processadas": 9911, "validas": 8880, "invalidas": 1031, "sem_cdr": 106, "delta_tolerancia": 347, "eot_divergente": 244, "multiplas": 0}
2025-11-13 17:56:15,632 [INFO] listar_resultados_base | {"id_importacao": 19, "pagina": 1, "limite": 25, "total_base": 9821, "filtros": {"status": null, "descritor": null, "gh": null, "apenas_sem_cdr": false, "diferenca_min": null, "eot_divergente": false, "cruza_gh": false, "tarifa": null, "assinante_a": null, "assinante_b": null, "data_inicio": "2025-06-03T21:00", "data_fim": "2025-08-30T21:00", "multi_divergencias": false, "gh_inconsistente": false, "sigame": false}}
2025-11-13 17:56:15,632 [INFO] listar_resultados_resposta | {"id_importacao": 19, "pagina": 1, "limite": 25, "total_base": 9821, "total_final": 9821, "aplicou_eot": false, "aplicou_multi": false}
2025-11-13 17:56:21,865 [INFO] listar_resultados_base | {"id_importacao": 19, "pagina": 1, "limite": 25, "total_base": 9911, "filtros": {"status": null, "descritor": null, "gh": null, "apenas_sem_cdr": false, "diferenca_min": null, "eot_divergente": false, "cruza_gh": false, "tarifa": null, "assinante_a": null, "assinante_b": null, "data_inicio": null, "data_fim": null, "multi_divergencias": false, "gh_inconsistente": false, "sigame": false}}
2025-11-13 17:56:21,865 [INFO] listar_resultados_resposta | {"id_importacao": 19, "pagina": 1, "limite": 25, "total_base": 9911, "total_final": 9911, "aplicou_eot": false, "aplicou_multi": false}
2025-11-13 17:56:22,004 [INFO] conferencia_resumo | {"id_importacao": 19, "processadas": 9911, "validas": 8880, "invalidas": 1031, "sem_cdr": 106, "delta_tolerancia": 347, "eot_divergente": 244, "multiplas": 0}
2025-11-13 17:56:22,147 [INFO] listar_resultados_base | {"id_importacao": 19, "pagina": 1, "limite": 25, "total_base": 9821, "filtros": {"status": null, "descritor": null, "gh": null, "apenas_sem_cdr": false, "diferenca_min": null, "eot_divergente": false, "cruza_gh": false, "tarifa": null, "assinante_a": null, "assinante_b": null, "data_inicio": "2025-06-03T21:00", "data_fim": "2025-08-30T21:00", "multi_divergencias": false, "gh_inconsistente": false, "sigame": false}}
2025-11-13 17:56:22,147 [INFO] listar_resultados_resposta | {"id_importacao": 19, "pagina": 1, "limite": 25, "total_base": 9821, "total_final": 9821, "aplicou_eot": false, "aplicou_multi": false}
2025-11-13 17:56:28,936 [INFO] listar_resultados_base | {"id_importacao": 19, "pagina": 1, "limite": 25, "total_base": 103, "filtros": {"status": ["PERDIDO"], "descritor": null, "gh": null, "apenas_sem_cdr": false, "diferenca_min": null, "eot_divergente": false, "cruza_gh": false, "tarifa": null, "assinante_a": null, "assinante_b": null, "data_inicio": "2025-06-03T21:00", "data_fim": "2025-08-30T21:00", "multi_divergencias": false, "gh_inconsistente": false, "sigame": false}}
2025-11-13 17:56:28,937 [INFO] listar_resultados_resposta | {"id_importacao": 19, "pagina": 1, "limite": 25, "total_base": 103, "total_final": 103, "aplicou_eot": false, "aplicou_multi": false}
2025-11-13 20:24:45,774 [INFO] processar_conferencia_inicio | {"execucao": 77, "id_cliente": 1, "id_importacao_detraf": 19, "id_importacao_cdr": 18, "forcar_normalizacao": true}
2025-11-13 20:49:02,205 [INFO] processar_conferencia_concluida | {"execucao": 77, "id_importacao_detraf": 19, "id_importacao_cdr": 18, "forcar_normalizacao": true, "resumo": {"total": 9911, "conferidos": 8880, "divergentes": 949, "perdidos": 82}}
2025-11-13 20:49:02,295 [INFO] listar_resultados_base | {"id_importacao": 19, "pagina": 1, "limite": 25, "total_base": 82, "filtros": {"status": ["PERDIDO"], "descritor": null, "gh": null, "apenas_sem_cdr": false, "diferenca_min": null, "eot_divergente": false, "cruza_gh": false, "tarifa": null, "assinante_a": null, "assinante_b": null, "data_inicio": "2025-06-03T21:00", "data_fim": "2025-08-30T21:00", "multi_divergencias": false, "gh_inconsistente": false, "sigame": false}}
2025-11-13 20:49:02,297 [INFO] listar_resultados_resposta | {"id_importacao": 19, "pagina": 1, "limite": 25, "total_base": 82, "total_final": 82, "aplicou_eot": false, "aplicou_multi": false}
2025-11-13 20:49:02,459 [INFO] conferencia_resumo | {"id_importacao": 19, "processadas": 9911, "validas": 8880, "invalidas": 1031, "sem_cdr": 82, "delta_tolerancia": 347, "eot_divergente": 268, "multiplas": 0}
2025-11-14 10:12:25,269 [INFO] listar_resultados_base | {"id_importacao": 19, "pagina": 1, "limite": 25, "total_base": 19, "filtros": {"status": ["PERDIDO"], "descritor": null, "gh": null, "apenas_sem_cdr": false, "diferenca_min": null, "eot_divergente": false, "cruza_gh": false, "tarifa": null, "assinante_a": "1639090619", "assinante_b": null, "data_inicio": "2025-06-03T21:00", "data_fim": "2025-08-30T21:00", "multi_divergencias": false, "gh_inconsistente": false, "sigame": false}}
2025-11-14 10:12:25,271 [INFO] listar_resultados_resposta | {"id_importacao": 19, "pagina": 1, "limite": 25, "total_base": 19, "total_final": 19, "aplicou_eot": false, "aplicou_multi": false}
2025-11-14 10:14:31,328 [INFO] listar_resultados_base | {"id_importacao": 19, "pagina": 1, "limite": 25, "total_base": 2, "filtros": {"status": ["PERDIDO"], "descritor": null, "gh": null, "apenas_sem_cdr": false, "diferenca_min": null, "eot_divergente": false, "cruza_gh": false, "tarifa": null, "assinante_a": "1639747378", "assinante_b": null, "data_inicio": "2025-06-03T21:00", "data_fim": "2025-08-30T21:00", "multi_divergencias": false, "gh_inconsistente": false, "sigame": false}}
2025-11-14 10:14:31,328 [INFO] listar_resultados_resposta | {"id_importacao": 19, "pagina": 1, "limite": 25, "total_base": 2, "total_final": 2, "aplicou_eot": false, "aplicou_multi": false}
2025-11-14 10:31:44,986 [INFO] listar_resultados_base | {"id_importacao": 19, "pagina": 1, "limite": 25, "total_base": 50, "filtros": {"status": ["PERDIDO"], "descritor": null, "gh": null, "apenas_sem_cdr": false, "diferenca_min": null, "eot_divergente": false, "cruza_gh": false, "tarifa": null, "assinante_a": "1636670474", "assinante_b": null, "data_inicio": "2025-06-03T21:00", "data_fim": "2025-08-30T21:00", "multi_divergencias": false, "gh_inconsistente": false, "sigame": false}}
2025-11-14 10:31:44,987 [INFO] listar_resultados_resposta | {"id_importacao": 19, "pagina": 1, "limite": 25, "total_base": 50, "total_final": 50, "aplicou_eot": false, "aplicou_multi": false}
2025-11-14 10:33:10,331 [INFO] listar_resultados_base | {"id_importacao": 19, "pagina": 2, "limite": 25, "total_base": 50, "filtros": {"status": ["PERDIDO"], "descritor": null, "gh": null, "apenas_sem_cdr": false, "diferenca_min": null, "eot_divergente": false, "cruza_gh": false, "tarifa": null, "assinante_a": "1636670474", "assinante_b": null, "data_inicio": "2025-06-03T21:00", "data_fim": "2025-08-30T21:00", "multi_divergencias": false, "gh_inconsistente": false, "sigame": false}}
2025-11-14 10:33:10,332 [INFO] listar_resultados_resposta | {"id_importacao": 19, "pagina": 2, "limite": 25, "total_base": 50, "total_final": 50, "aplicou_eot": false, "aplicou_multi": false}
2025-11-14 10:36:15,955 [INFO] listar_resultados_base | {"id_importacao": 19, "pagina": 1, "limite": 25, "total_base": 50, "filtros": {"status": ["PERDIDO"], "descritor": null, "gh": null, "apenas_sem_cdr": false, "diferenca_min": null, "eot_divergente": false, "cruza_gh": false, "tarifa": null, "assinante_a": "1636670474", "assinante_b": null, "data_inicio": "2025-06-03T21:00", "data_fim": "2025-08-30T21:00", "multi_divergencias": false, "gh_inconsistente": false, "sigame": false}}
2025-11-14 10:36:15,956 [INFO] listar_resultados_resposta | {"id_importacao": 19, "pagina": 1, "limite": 25, "total_base": 50, "total_final": 50, "aplicou_eot": false, "aplicou_multi": false}
2025-11-14 10:42:59,603 [INFO] listar_resultados_base | {"id_importacao": 19, "pagina": 1, "limite": 25, "total_base": 1, "filtros": {"status": ["PERDIDO"], "descritor": null, "gh": null, "apenas_sem_cdr": false, "diferenca_min": null, "eot_divergente": false, "cruza_gh": false, "tarifa": null, "assinante_a": "1634426290", "assinante_b": null, "data_inicio": "2025-06-03T21:00", "data_fim": "2025-08-30T21:00", "multi_divergencias": false, "gh_inconsistente": false, "sigame": false}}
2025-11-14 10:42:59,604 [INFO] listar_resultados_resposta | {"id_importacao": 19, "pagina": 1, "limite": 25, "total_base": 1, "total_final": 1, "aplicou_eot": false, "aplicou_multi": false}
2025-11-14 10:51:41,116 [INFO] listar_resultados_base | {"id_importacao": 19, "pagina": 1, "limite": 25, "total_base": 6, "filtros": {"status": ["PERDIDO"], "descritor": null, "gh": null, "apenas_sem_cdr": false, "diferenca_min": null, "eot_divergente": false, "cruza_gh": false, "tarifa": null, "assinante_a": "1636106979", "assinante_b": null, "data_inicio": "2025-06-03T21:00", "data_fim": "2025-08-30T21:00", "multi_divergencias": false, "gh_inconsistente": false, "sigame": false}}
2025-11-14 10:51:41,116 [INFO] listar_resultados_resposta | {"id_importacao": 19, "pagina": 1, "limite": 25, "total_base": 6, "total_final": 6, "aplicou_eot": false, "aplicou_multi": false}
2025-11-14 10:56:45,342 [INFO] listar_resultados_base | {"id_importacao": 19, "pagina": 1, "limite": 25, "total_base": 1, "filtros": {"status": ["PERDIDO"], "descritor": null, "gh": null, "apenas_sem_cdr": false, "diferenca_min": null, "eot_divergente": false, "cruza_gh": false, "tarifa": null, "assinante_a": "1639871126", "assinante_b": null, "data_inicio": "2025-06-03T21:00", "data_fim": "2025-08-30T21:00", "multi_divergencias": false, "gh_inconsistente": false, "sigame": false}}
2025-11-14 10:56:45,343 [INFO] listar_resultados_resposta | {"id_importacao": 19, "pagina": 1, "limite": 25, "total_base": 1, "total_final": 1, "aplicou_eot": false, "aplicou_multi": false}
2025-11-14 11:02:38,845 [INFO] listar_resultados_base | {"id_importacao": 19, "pagina": 1, "limite": 25, "total_base": 1, "filtros": {"status": ["PERDIDO"], "descritor": null, "gh": null, "apenas_sem_cdr": false, "diferenca_min": null, "eot_divergente": false, "cruza_gh": false, "tarifa": null, "assinante_a": "1632374019", "assinante_b": null, "data_inicio": "2025-06-03T21:00", "data_fim": "2025-08-30T21:00", "multi_divergencias": false, "gh_inconsistente": false, "sigame": false}}
2025-11-14 11:02:38,845 [INFO] listar_resultados_resposta | {"id_importacao": 19, "pagina": 1, "limite": 25, "total_base": 1, "total_final": 1, "aplicou_eot": false, "aplicou_multi": false}
2025-11-14 11:07:58,612 [INFO] listar_resultados_base | {"id_importacao": 19, "pagina": 1, "limite": 25, "total_base": 2, "filtros": {"status": ["PERDIDO"], "descritor": null, "gh": null, "apenas_sem_cdr": false, "diferenca_min": null, "eot_divergente": false, "cruza_gh": false, "tarifa": null, "assinante_a": "1639048244", "assinante_b": null, "data_inicio": "2025-06-03T21:00", "data_fim": "2025-08-30T21:00", "multi_divergencias": false, "gh_inconsistente": false, "sigame": false}}
2025-11-14 11:07:58,612 [INFO] listar_resultados_resposta | {"id_importacao": 19, "pagina": 1, "limite": 25, "total_base": 2, "total_final": 2, "aplicou_eot": false, "aplicou_multi": false}
2025-11-14 11:15:25,799 [INFO] listar_resultados_base | {"id_importacao": 19, "pagina": 1, "limite": 25, "total_base": 2, "filtros": {"status": ["PERDIDO"], "descritor": null, "gh": null, "apenas_sem_cdr": false, "diferenca_min": null, "eot_divergente": false, "cruza_gh": false, "tarifa": null, "assinante_a": "1639747378", "assinante_b": null, "data_inicio": "2025-06-03T21:00", "data_fim": "2025-08-30T21:00", "multi_divergencias": false, "gh_inconsistente": false, "sigame": false}}
2025-11-14 11:15:25,800 [INFO] listar_resultados_resposta | {"id_importacao": 19, "pagina": 1, "limite": 25, "total_base": 2, "total_final": 2, "aplicou_eot": false, "aplicou_multi": false}
2025-11-14 11:50:13,004 [INFO] exportar_resultados | {"id_importacao": 19, "total": 2, "filtros": {"status": ["PERDIDO"], "descritor": null, "gh": null, "apenas_sem_cdr": false, "diferenca_min": null, "eot_divergente": false, "cruza_gh": false, "tarifa": null, "assinante_a": "1639747378", "assinante_b": null, "data_inicio": "2025-06-03T21:00", "data_fim": "2025-08-30T21:00", "multi_divergencias": false, "gh_inconsistente": false, "sigame": false}}
2025-11-14 11:53:10,453 [INFO] listar_resultados_base | {"id_importacao": 19, "pagina": 1, "limite": 25, "total_base": 2, "filtros": {"status": null, "descritor": null, "gh": null, "apenas_sem_cdr": false, "diferenca_min": null, "eot_divergente": false, "cruza_gh": false, "tarifa": null, "assinante_a": "1639747378", "assinante_b": null, "data_inicio": "2025-06-03T21:00", "data_fim": "2025-08-30T21:00", "multi_divergencias": false, "gh_inconsistente": false, "sigame": false}}
2025-11-14 11:53:10,453 [INFO] listar_resultados_resposta | {"id_importacao": 19, "pagina": 1, "limite": 25, "total_base": 2, "total_final": 2, "aplicou_eot": false, "aplicou_multi": false}
2025-11-14 11:53:15,744 [INFO] listar_resultados_base | {"id_importacao": 19, "pagina": 1, "limite": 25, "total_base": 9821, "filtros": {"status": null, "descritor": null, "gh": null, "apenas_sem_cdr": false, "diferenca_min": null, "eot_divergente": false, "cruza_gh": false, "tarifa": null, "assinante_a": null, "assinante_b": null, "data_inicio": "2025-06-03T21:00", "data_fim": "2025-08-30T21:00", "multi_divergencias": false, "gh_inconsistente": false, "sigame": false}}
2025-11-14 11:53:15,744 [INFO] listar_resultados_resposta | {"id_importacao": 19, "pagina": 1, "limite": 25, "total_base": 9821, "total_final": 9821, "aplicou_eot": false, "aplicou_multi": false}
2025-11-14 11:53:19,223 [INFO] exportar_resultados | {"id_importacao": 19, "total": 9821, "filtros": {"status": null, "descritor": null, "gh": null, "apenas_sem_cdr": false, "diferenca_min": null, "eot_divergente": false, "cruza_gh": false, "tarifa": null, "assinante_a": null, "assinante_b": null, "data_inicio": "2025-06-03T21:00", "data_fim": "2025-08-30T21:00", "multi_divergencias": false, "gh_inconsistente": false, "sigame": false}}
2025-11-14 12:00:11,962 [INFO] listar_resultados_base | {"id_importacao": 19, "pagina": 1, "limite": 25, "total_base": 9911, "filtros": {"status": null, "descritor": null, "gh": null, "apenas_sem_cdr": false, "diferenca_min": null, "eot_divergente": false, "cruza_gh": false, "tarifa": null, "assinante_a": null, "assinante_b": null, "data_inicio": null, "data_fim": null, "multi_divergencias": false, "gh_inconsistente": false, "sigame": false}}
2025-11-14 12:00:11,964 [INFO] listar_resultados_resposta | {"id_importacao": 19, "pagina": 1, "limite": 25, "total_base": 9911, "total_final": 9911, "aplicou_eot": false, "aplicou_multi": false}
2025-11-14 12:00:12,112 [INFO] conferencia_resumo | {"id_importacao": 19, "processadas": 9911, "validas": 8880, "invalidas": 1031, "sem_cdr": 82, "delta_tolerancia": 347, "eot_divergente": 268, "multiplas": 0}
2025-11-14 12:00:12,265 [INFO] listar_resultados_base | {"id_importacao": 19, "pagina": 1, "limite": 25, "total_base": 9821, "filtros": {"status": null, "descritor": null, "gh": null, "apenas_sem_cdr": false, "diferenca_min": null, "eot_divergente": false, "cruza_gh": false, "tarifa": null, "assinante_a": null, "assinante_b": null, "data_inicio": "2025-06-03T21:00", "data_fim": "2025-08-30T21:00", "multi_divergencias": false, "gh_inconsistente": false, "sigame": false}}
2025-11-14 12:00:12,266 [INFO] listar_resultados_resposta | {"id_importacao": 19, "pagina": 1, "limite": 25, "total_base": 9821, "total_final": 9821, "aplicou_eot": false, "aplicou_multi": false}
2025-11-14 12:01:09,678 [INFO] listar_resultados_base | {"id_importacao": 19, "pagina": 1, "limite": 25, "total_base": 0, "filtros": {"status": null, "descritor": null, "gh": null, "apenas_sem_cdr": false, "diferenca_min": null, "eot_divergente": false, "cruza_gh": false, "tarifa": null, "assinante_a": null, "assinante_b": null, "data_inicio": "2025-06-03T21:00", "data_fim": "2025-08-30T21:00", "multi_divergencias": false, "gh_inconsistente": false, "sigame": true}}
2025-11-14 12:01:09,678 [INFO] listar_resultados_resposta | {"id_importacao": 19, "pagina": 1, "limite": 25, "total_base": 0, "total_final": 0, "aplicou_eot": false, "aplicou_multi": false}
2025-11-14 12:01:11,020 [INFO] listar_resultados_base | {"id_importacao": 19, "pagina": 1, "limite": 25, "total_base": 9821, "filtros": {"status": null, "descritor": null, "gh": null, "apenas_sem_cdr": false, "diferenca_min": null, "eot_divergente": false, "cruza_gh": false, "tarifa": null, "assinante_a": null, "assinante_b": null, "data_inicio": "2025-06-03T21:00", "data_fim": "2025-08-30T21:00", "multi_divergencias": false, "gh_inconsistente": false, "sigame": false}}
2025-11-14 12:01:11,023 [INFO] listar_resultados_resposta | {"id_importacao": 19, "pagina": 1, "limite": 25, "total_base": 9821, "total_final": 9821, "aplicou_eot": false, "aplicou_multi": false}
2025-11-14 12:01:13,297 [INFO] listar_resultados_base | {"id_importacao": 19, "pagina": 1, "limite": 25, "total_base": 7000, "filtros": {"status": null, "descritor": null, "gh": null, "apenas_sem_cdr": false, "diferenca_min": null, "eot_divergente": true, "cruza_gh": false, "tarifa": null, "assinante_a": null, "assinante_b": null, "data_inicio": "2025-06-03T21:00", "data_fim": "2025-08-30T21:00", "multi_divergencias": false, "gh_inconsistente": false, "sigame": false}}
2025-11-14 12:01:13,401 [INFO] listar_resultados_resposta | {"id_importacao": 19, "pagina": 1, "limite": 25, "total_base": 7000, "total_final": 262, "aplicou_eot": true, "aplicou_multi": false}
2025-11-14 12:01:19,427 [INFO] listar_resultados_base | {"id_importacao": 19, "pagina": 2, "limite": 25, "total_base": 7000, "filtros": {"status": null, "descritor": null, "gh": null, "apenas_sem_cdr": false, "diferenca_min": null, "eot_divergente": true, "cruza_gh": false, "tarifa": null, "assinante_a": null, "assinante_b": null, "data_inicio": "2025-06-03T21:00", "data_fim": "2025-08-30T21:00", "multi_divergencias": false, "gh_inconsistente": false, "sigame": false}}
2025-11-14 12:01:19,539 [INFO] listar_resultados_resposta | {"id_importacao": 19, "pagina": 2, "limite": 25, "total_base": 7000, "total_final": 262, "aplicou_eot": true, "aplicou_multi": false}
2025-11-14 12:01:37,424 [INFO] listar_resultados_base | {"id_importacao": 19, "pagina": 3, "limite": 25, "total_base": 7000, "filtros": {"status": null, "descritor": null, "gh": null, "apenas_sem_cdr": false, "diferenca_min": null, "eot_divergente": true, "cruza_gh": false, "tarifa": null, "assinante_a": null, "assinante_b": null, "data_inicio": "2025-06-03T21:00", "data_fim": "2025-08-30T21:00", "multi_divergencias": false, "gh_inconsistente": false, "sigame": false}}
2025-11-14 12:01:37,512 [INFO] listar_resultados_resposta | {"id_importacao": 19, "pagina": 3, "limite": 25, "total_base": 7000, "total_final": 262, "aplicou_eot": true, "aplicou_multi": false}
2025-11-14 12:01:40,876 [INFO] listar_resultados_base | {"id_importacao": 19, "pagina": 4, "limite": 25, "total_base": 7000, "filtros": {"status": null, "descritor": null, "gh": null, "apenas_sem_cdr": false, "diferenca_min": null, "eot_divergente": true, "cruza_gh": false, "tarifa": null, "assinante_a": null, "assinante_b": null, "data_inicio": "2025-06-03T21:00", "data_fim": "2025-08-30T21:00", "multi_divergencias": false, "gh_inconsistente": false, "sigame": false}}
2025-11-14 12:01:40,966 [INFO] listar_resultados_resposta | {"id_importacao": 19, "pagina": 4, "limite": 25, "total_base": 7000, "total_final": 262, "aplicou_eot": true, "aplicou_multi": false}
2025-11-14 12:02:01,391 [INFO] listar_resultados_base | {"id_importacao": 19, "pagina": 5, "limite": 25, "total_base": 7000, "filtros": {"status": null, "descritor": null, "gh": null, "apenas_sem_cdr": false, "diferenca_min": null, "eot_divergente": true, "cruza_gh": false, "tarifa": null, "assinante_a": null, "assinante_b": null, "data_inicio": "2025-06-03T21:00", "data_fim": "2025-08-30T21:00", "multi_divergencias": false, "gh_inconsistente": false, "sigame": false}}
2025-11-14 12:02:01,481 [INFO] listar_resultados_resposta | {"id_importacao": 19, "pagina": 5, "limite": 25, "total_base": 7000, "total_final": 262, "aplicou_eot": true, "aplicou_multi": false}
2025-11-14 12:02:45,709 [INFO] listar_resultados_base | {"id_importacao": 19, "pagina": 6, "limite": 25, "total_base": 7000, "filtros": {"status": null, "descritor": null, "gh": null, "apenas_sem_cdr": false, "diferenca_min": null, "eot_divergente": true, "cruza_gh": false, "tarifa": null, "assinante_a": null, "assinante_b": null, "data_inicio": "2025-06-03T21:00", "data_fim": "2025-08-30T21:00", "multi_divergencias": false, "gh_inconsistente": false, "sigame": false}}
2025-11-14 12:02:45,803 [INFO] listar_resultados_resposta | {"id_importacao": 19, "pagina": 6, "limite": 25, "total_base": 7000, "total_final": 262, "aplicou_eot": true, "aplicou_multi": false}
2025-11-14 12:02:56,046 [INFO] listar_resultados_base | {"id_importacao": 19, "pagina": 7, "limite": 25, "total_base": 7000, "filtros": {"status": null, "descritor": null, "gh": null, "apenas_sem_cdr": false, "diferenca_min": null, "eot_divergente": true, "cruza_gh": false, "tarifa": null, "assinante_a": null, "assinante_b": null, "data_inicio": "2025-06-03T21:00", "data_fim": "2025-08-30T21:00", "multi_divergencias": false, "gh_inconsistente": false, "sigame": false}}
2025-11-14 12:02:56,138 [INFO] listar_resultados_resposta | {"id_importacao": 19, "pagina": 7, "limite": 25, "total_base": 7000, "total_final": 262, "aplicou_eot": true, "aplicou_multi": false}
2025-11-14 12:03:08,514 [INFO] listar_resultados_base | {"id_importacao": 19, "pagina": 6, "limite": 25, "total_base": 7000, "filtros": {"status": null, "descritor": null, "gh": null, "apenas_sem_cdr": false, "diferenca_min": null, "eot_divergente": true, "cruza_gh": false, "tarifa": null, "assinante_a": null, "assinante_b": null, "data_inicio": "2025-06-03T21:00", "data_fim": "2025-08-30T21:00", "multi_divergencias": false, "gh_inconsistente": false, "sigame": false}}
2025-11-14 12:03:08,606 [INFO] listar_resultados_resposta | {"id_importacao": 19, "pagina": 6, "limite": 25, "total_base": 7000, "total_final": 262, "aplicou_eot": true, "aplicou_multi": false}
2025-11-14 12:03:08,761 [INFO] listar_resultados_base | {"id_importacao": 19, "pagina": 5, "limite": 25, "total_base": 7000, "filtros": {"status": null, "descritor": null, "gh": null, "apenas_sem_cdr": false, "diferenca_min": null, "eot_divergente": true, "cruza_gh": false, "tarifa": null, "assinante_a": null, "assinante_b": null, "data_inicio": "2025-06-03T21:00", "data_fim": "2025-08-30T21:00", "multi_divergencias": false, "gh_inconsistente": false, "sigame": false}}
2025-11-14 12:03:08,926 [INFO] listar_resultados_resposta | {"id_importacao": 19, "pagina": 5, "limite": 25, "total_base": 7000, "total_final": 262, "aplicou_eot": true, "aplicou_multi": false}
2025-11-14 12:03:09,003 [INFO] listar_resultados_base | {"id_importacao": 19, "pagina": 4, "limite": 25, "total_base": 7000, "filtros": {"status": null, "descritor": null, "gh": null, "apenas_sem_cdr": false, "diferenca_min": null, "eot_divergente": true, "cruza_gh": false, "tarifa": null, "assinante_a": null, "assinante_b": null, "data_inicio": "2025-06-03T21:00", "data_fim": "2025-08-30T21:00", "multi_divergencias": false, "gh_inconsistente": false, "sigame": false}}
2025-11-14 12:03:09,099 [INFO] listar_resultados_resposta | {"id_importacao": 19, "pagina": 4, "limite": 25, "total_base": 7000, "total_final": 262, "aplicou_eot": true, "aplicou_multi": false}
2025-11-14 12:03:09,209 [INFO] listar_resultados_base | {"id_importacao": 19, "pagina": 3, "limite": 25, "total_base": 7000, "filtros": {"status": null, "descritor": null, "gh": null, "apenas_sem_cdr": false, "diferenca_min": null, "eot_divergente": true, "cruza_gh": false, "tarifa": null, "assinante_a": null, "assinante_b": null, "data_inicio": "2025-06-03T21:00", "data_fim": "2025-08-30T21:00", "multi_divergencias": false, "gh_inconsistente": false, "sigame": false}}
2025-11-14 12:03:09,320 [INFO] listar_resultados_resposta | {"id_importacao": 19, "pagina": 3, "limite": 25, "total_base": 7000, "total_final": 262, "aplicou_eot": true, "aplicou_multi": false}
2025-11-14 12:03:09,391 [INFO] listar_resultados_base | {"id_importacao": 19, "pagina": 2, "limite": 25, "total_base": 7000, "filtros": {"status": null, "descritor": null, "gh": null, "apenas_sem_cdr": false, "diferenca_min": null, "eot_divergente": true, "cruza_gh": false, "tarifa": null, "assinante_a": null, "assinante_b": null, "data_inicio": "2025-06-03T21:00", "data_fim": "2025-08-30T21:00", "multi_divergencias": false, "gh_inconsistente": false, "sigame": false}}
2025-11-14 12:03:09,484 [INFO] listar_resultados_resposta | {"id_importacao": 19, "pagina": 2, "limite": 25, "total_base": 7000, "total_final": 262, "aplicou_eot": true, "aplicou_multi": false}
2025-11-14 12:03:09,597 [INFO] listar_resultados_base | {"id_importacao": 19, "pagina": 1, "limite": 25, "total_base": 7000, "filtros": {"status": null, "descritor": null, "gh": null, "apenas_sem_cdr": false, "diferenca_min": null, "eot_divergente": true, "cruza_gh": false, "tarifa": null, "assinante_a": null, "assinante_b": null, "data_inicio": "2025-06-03T21:00", "data_fim": "2025-08-30T21:00", "multi_divergencias": false, "gh_inconsistente": false, "sigame": false}}
2025-11-14 12:03:09,729 [INFO] listar_resultados_resposta | {"id_importacao": 19, "pagina": 1, "limite": 25, "total_base": 7000, "total_final": 262, "aplicou_eot": true, "aplicou_multi": false}
2025-11-14 12:03:24,939 [INFO] listar_resultados_base | {"id_importacao": 19, "pagina": 1, "limite": 25, "total_base": 9821, "filtros": {"status": null, "descritor": null, "gh": null, "apenas_sem_cdr": false, "diferenca_min": null, "eot_divergente": false, "cruza_gh": false, "tarifa": null, "assinante_a": null, "assinante_b": null, "data_inicio": "2025-06-03T21:00", "data_fim": "2025-08-30T21:00", "multi_divergencias": false, "gh_inconsistente": false, "sigame": false}}
2025-11-14 12:03:24,940 [INFO] listar_resultados_resposta | {"id_importacao": 19, "pagina": 1, "limite": 25, "total_base": 9821, "total_final": 9821, "aplicou_eot": false, "aplicou_multi": false}
2025-11-14 12:09:56,623 [INFO] listar_resultados_base | {"id_importacao": 19, "pagina": 1, "limite": 25, "total_base": 9911, "filtros": {"status": null, "descritor": null, "gh": null, "apenas_sem_cdr": false, "diferenca_min": null, "eot_divergente": false, "cruza_gh": false, "tarifa": null, "assinante_a": null, "assinante_b": null, "data_inicio": null, "data_fim": null, "multi_divergencias": false, "gh_inconsistente": false, "sigame": false}}
2025-11-14 12:09:56,623 [INFO] listar_resultados_resposta | {"id_importacao": 19, "pagina": 1, "limite": 25, "total_base": 9911, "total_final": 9911, "aplicou_eot": false, "aplicou_multi": false}
2025-11-14 13:49:44,176 [INFO] listar_resultados_base | {"id_importacao": 19, "pagina": 1, "limite": 25, "total_base": 9911, "filtros": {"status": null, "descritor": null, "gh": null, "apenas_sem_cdr": false, "diferenca_min": null, "eot_divergente": false, "cruza_gh": false, "tarifa": null, "assinante_a": null, "assinante_b": null, "data_inicio": null, "data_fim": null, "multi_divergencias": false, "gh_inconsistente": false, "sigame": false}}
2025-11-14 13:49:44,178 [INFO] listar_resultados_resposta | {"id_importacao": 19, "pagina": 1, "limite": 25, "total_base": 9911, "total_final": 9911, "aplicou_eot": false, "aplicou_multi": false}
2025-11-14 13:49:44,306 [INFO] conferencia_resumo | {"id_importacao": 19, "processadas": 9911, "validas": 8880, "invalidas": 1031, "sem_cdr": 82, "delta_tolerancia": 347, "eot_divergente": 268, "multiplas": 0}
2025-11-14 13:49:44,429 [INFO] listar_resultados_base | {"id_importacao": 19, "pagina": 1, "limite": 25, "total_base": 9821, "filtros": {"status": null, "descritor": null, "gh": null, "apenas_sem_cdr": false, "diferenca_min": null, "eot_divergente": false, "cruza_gh": false, "tarifa": null, "assinante_a": null, "assinante_b": null, "data_inicio": "2025-06-03T21:00", "data_fim": "2025-08-30T21:00", "multi_divergencias": false, "gh_inconsistente": false, "sigame": false}}
2025-11-14 13:49:44,429 [INFO] listar_resultados_resposta | {"id_importacao": 19, "pagina": 1, "limite": 25, "total_base": 9821, "total_final": 9821, "aplicou_eot": false, "aplicou_multi": false}
2025-11-14 13:49:48,954 [INFO] listar_resultados_base | {"id_importacao": 19, "pagina": 1, "limite": 25, "total_base": 0, "filtros": {"status": null, "descritor": null, "gh": null, "apenas_sem_cdr": false, "diferenca_min": null, "eot_divergente": false, "cruza_gh": false, "tarifa": null, "assinante_a": null, "assinante_b": null, "data_inicio": "2025-06-03T21:00", "data_fim": "2025-08-30T21:00", "multi_divergencias": false, "gh_inconsistente": false, "sigame": true}}
2025-11-14 13:49:48,954 [INFO] listar_resultados_resposta | {"id_importacao": 19, "pagina": 1, "limite": 25, "total_base": 0, "total_final": 0, "aplicou_eot": false, "aplicou_multi": false}
2025-11-14 13:49:59,674 [INFO] processar_conferencia_inicio | {"execucao": 78, "id_cliente": 1, "id_importacao_detraf": 19, "id_importacao_cdr": 18, "forcar_normalizacao": true}
2025-11-14 14:19:45,887 [INFO] processar_conferencia_concluida | {"execucao": 78, "id_importacao_detraf": 19, "id_importacao_cdr": 18, "forcar_normalizacao": true, "resumo": {"total": 9911, "conferidos": 8880, "divergentes": 949, "perdidos": 82}}
2025-11-14 14:19:46,422 [INFO] listar_resultados_base | {"id_importacao": 19, "pagina": 1, "limite": 25, "total_base": 0, "filtros": {"status": null, "descritor": null, "gh": null, "apenas_sem_cdr": false, "diferenca_min": null, "eot_divergente": false, "cruza_gh": false, "tarifa": null, "assinante_a": null, "assinante_b": null, "data_inicio": "2025-06-03T21:00", "data_fim": "2025-08-30T21:00", "multi_divergencias": false, "gh_inconsistente": false, "sigame": true}}
2025-11-14 14:19:46,422 [INFO] listar_resultados_resposta | {"id_importacao": 19, "pagina": 1, "limite": 25, "total_base": 0, "total_final": 0, "aplicou_eot": false, "aplicou_multi": false}
2025-11-14 14:19:46,508 [INFO] conferencia_resumo | {"id_importacao": 19, "processadas": 9911, "validas": 8880, "invalidas": 1031, "sem_cdr": 82, "delta_tolerancia": 347, "eot_divergente": 268, "multiplas": 0}
2025-11-14 14:20:15,123 [INFO] listar_resultados_base | {"id_importacao": 19, "pagina": 1, "limite": 25, "total_base": 9821, "filtros": {"status": null, "descritor": null, "gh": null, "apenas_sem_cdr": false, "diferenca_min": null, "eot_divergente": false, "cruza_gh": false, "tarifa": null, "assinante_a": null, "assinante_b": null, "data_inicio": "2025-06-03T21:00", "data_fim": "2025-08-30T21:00", "multi_divergencias": false, "gh_inconsistente": false, "sigame": false}}
2025-11-14 14:20:15,123 [INFO] listar_resultados_resposta | {"id_importacao": 19, "pagina": 1, "limite": 25, "total_base": 9821, "total_final": 9821, "aplicou_eot": false, "aplicou_multi": false}
2025-11-14 14:20:16,218 [INFO] listar_resultados_base | {"id_importacao": 19, "pagina": 1, "limite": 25, "total_base": 0, "filtros": {"status": null, "descritor": null, "gh": null, "apenas_sem_cdr": false, "diferenca_min": null, "eot_divergente": false, "cruza_gh": false, "tarifa": null, "assinante_a": null, "assinante_b": null, "data_inicio": "2025-06-03T21:00", "data_fim": "2025-08-30T21:00", "multi_divergencias": false, "gh_inconsistente": false, "sigame": true}}
2025-11-14 14:20:16,218 [INFO] listar_resultados_resposta | {"id_importacao": 19, "pagina": 1, "limite": 25, "total_base": 0, "total_final": 0, "aplicou_eot": false, "aplicou_multi": false}
2025-11-14 14:46:28,734 [INFO] listar_resultados_base | {"id_importacao": 19, "pagina": 1, "limite": 25, "total_base": 9911, "filtros": {"status": null, "descritor": null, "gh": null, "apenas_sem_cdr": false, "diferenca_min": null, "eot_divergente": false, "cruza_gh": false, "tarifa": null, "assinante_a": null, "assinante_b": null, "data_inicio": null, "data_fim": null, "multi_divergencias": false, "gh_inconsistente": false, "sigame": false}}
2025-11-14 14:46:28,734 [INFO] listar_resultados_resposta | {"id_importacao": 19, "pagina": 1, "limite": 25, "total_base": 9911, "total_final": 9911, "aplicou_eot": false, "aplicou_multi": false}
2025-11-14 14:46:28,923 [INFO] conferencia_resumo | {"id_importacao": 19, "processadas": 9911, "validas": 8880, "invalidas": 1031, "sem_cdr": 82, "delta_tolerancia": 347, "eot_divergente": 268, "multiplas": 0}
2025-11-14 14:46:29,010 [INFO] listar_resultados_base | {"id_importacao": 19, "pagina": 1, "limite": 25, "total_base": 9821, "filtros": {"status": null, "descritor": null, "gh": null, "apenas_sem_cdr": false, "diferenca_min": null, "eot_divergente": false, "cruza_gh": false, "tarifa": null, "assinante_a": null, "assinante_b": null, "data_inicio": "2025-06-03T21:00", "data_fim": "2025-08-30T21:00", "multi_divergencias": false, "gh_inconsistente": false, "sigame": false}}
2025-11-14 14:46:29,011 [INFO] listar_resultados_resposta | {"id_importacao": 19, "pagina": 1, "limite": 25, "total_base": 9821, "total_final": 9821, "aplicou_eot": false, "aplicou_multi": false}
2025-11-14 14:46:33,341 [INFO] listar_resultados_base | {"id_importacao": 19, "pagina": 1, "limite": 25, "total_base": 43, "filtros": {"status": null, "descritor": null, "gh": null, "apenas_sem_cdr": false, "diferenca_min": null, "eot_divergente": false, "cruza_gh": false, "tarifa": null, "assinante_a": null, "assinante_b": null, "data_inicio": "2025-06-03T21:00", "data_fim": "2025-08-30T21:00", "multi_divergencias": false, "gh_inconsistente": false, "sigame": true}}
2025-11-14 14:46:33,341 [INFO] listar_resultados_resposta | {"id_importacao": 19, "pagina": 1, "limite": 25, "total_base": 43, "total_final": 43, "aplicou_eot": false, "aplicou_multi": false}
2025-11-14 14:48:16,026 [INFO] exportar_resultados | {"id_importacao": 19, "total": 9821, "filtros": {"status": null, "descritor": null, "gh": null, "apenas_sem_cdr": false, "diferenca_min": null, "eot_divergente": false, "cruza_gh": false, "tarifa": null, "assinante_a": null, "assinante_b": null, "data_inicio": "2025-06-03T21:00", "data_fim": "2025-08-30T21:00", "multi_divergencias": false, "gh_inconsistente": false, "sigame": false}}
2025-11-14 14:50:34,461 [INFO] conferencia_resumo | {"id_importacao": 19, "processadas": 9911, "validas": 8880, "invalidas": 1031, "sem_cdr": 82, "delta_tolerancia": 347, "eot_divergente": 268, "multiplas": 0}
2025-11-14 14:50:34,475 [INFO] listar_resultados_base | {"id_importacao": 19, "pagina": 1, "limite": 25, "total_base": 43, "filtros": {"status": null, "descritor": null, "gh": null, "apenas_sem_cdr": false, "diferenca_min": null, "eot_divergente": false, "cruza_gh": false, "tarifa": null, "assinante_a": null, "assinante_b": null, "data_inicio": "2025-06-03T21:00", "data_fim": "2025-08-30T21:00", "multi_divergencias": false, "gh_inconsistente": false, "sigame": true}}
2025-11-14 14:50:34,476 [INFO] listar_resultados_resposta | {"id_importacao": 19, "pagina": 1, "limite": 25, "total_base": 43, "total_final": 43, "aplicou_eot": false, "aplicou_multi": false}
2025-11-14 14:59:52,872 [INFO] listar_resultados_base | {"id_importacao": 19, "pagina": 1, "limite": 25, "total_base": 9911, "filtros": {"status": null, "descritor": null, "gh": null, "apenas_sem_cdr": false, "diferenca_min": null, "eot_divergente": false, "cruza_gh": false, "tarifa": null, "assinante_a": null, "assinante_b": null, "data_inicio": null, "data_fim": null, "multi_divergencias": false, "gh_inconsistente": false, "sigame": false}}
2025-11-14 14:59:52,873 [INFO] listar_resultados_resposta | {"id_importacao": 19, "pagina": 1, "limite": 25, "total_base": 9911, "total_final": 9911, "aplicou_eot": false, "aplicou_multi": false}
2025-11-14 14:59:53,030 [INFO] conferencia_resumo | {"id_importacao": 19, "processadas": 9911, "validas": 8880, "invalidas": 1031, "sem_cdr": 82, "delta_tolerancia": 347, "eot_divergente": 268, "multiplas": 0}
2025-11-14 14:59:53,116 [INFO] listar_resultados_base | {"id_importacao": 19, "pagina": 1, "limite": 25, "total_base": 9821, "filtros": {"status": null, "descritor": null, "gh": null, "apenas_sem_cdr": false, "diferenca_min": null, "eot_divergente": false, "cruza_gh": false, "tarifa": null, "assinante_a": null, "assinante_b": null, "data_inicio": "2025-06-03T21:00", "data_fim": "2025-08-30T21:00", "multi_divergencias": false, "gh_inconsistente": false, "sigame": false}}
2025-11-14 14:59:53,116 [INFO] listar_resultados_resposta | {"id_importacao": 19, "pagina": 1, "limite": 25, "total_base": 9821, "total_final": 9821, "aplicou_eot": false, "aplicou_multi": false}
2025-11-14 15:38:56,999 [INFO] listar_resultados_base | {"id_importacao": 19, "pagina": 1, "limite": 25, "total_base": 24, "filtros": {"status": null, "descritor": null, "gh": null, "apenas_sem_cdr": false, "diferenca_min": null, "eot_divergente": false, "cruza_gh": true, "tarifa": null, "assinante_a": null, "assinante_b": null, "data_inicio": "2025-06-03T21:00", "data_fim": "2025-08-30T21:00", "multi_divergencias": false, "gh_inconsistente": false, "sigame": false}}
2025-11-14 15:38:57,001 [INFO] listar_resultados_resposta | {"id_importacao": 19, "pagina": 1, "limite": 25, "total_base": 24, "total_final": 24, "aplicou_eot": false, "aplicou_multi": false}
2025-11-14 16:05:45,980 [INFO] listar_resultados_base | {"id_importacao": 19, "pagina": 1, "limite": 25, "total_base": 9821, "filtros": {"status": null, "descritor": null, "gh": null, "apenas_sem_cdr": false, "diferenca_min": null, "eot_divergente": false, "cruza_gh": false, "tarifa": null, "assinante_a": null, "assinante_b": null, "data_inicio": "2025-06-03T21:00", "data_fim": "2025-08-30T21:00", "multi_divergencias": false, "gh_inconsistente": false, "sigame": false}}
2025-11-14 16:05:45,980 [INFO] listar_resultados_resposta | {"id_importacao": 19, "pagina": 1, "limite": 25, "total_base": 9821, "total_final": 9821, "aplicou_eot": false, "aplicou_multi": false}
2025-11-14 16:05:46,615 [INFO] listar_resultados_base | {"id_importacao": 19, "pagina": 1, "limite": 25, "total_base": 24, "filtros": {"status": null, "descritor": null, "gh": null, "apenas_sem_cdr": false, "diferenca_min": null, "eot_divergente": false, "cruza_gh": true, "tarifa": null, "assinante_a": null, "assinante_b": null, "data_inicio": "2025-06-03T21:00", "data_fim": "2025-08-30T21:00", "multi_divergencias": false, "gh_inconsistente": false, "sigame": false}}
2025-11-14 16:05:46,616 [INFO] listar_resultados_resposta | {"id_importacao": 19, "pagina": 1, "limite": 25, "total_base": 24, "total_final": 24, "aplicou_eot": false, "aplicou_multi": false}
2025-11-14 16:09:52,176 [INFO] listar_resultados_base | {"id_importacao": 19, "pagina": 1, "limite": 25, "total_base": 9821, "filtros": {"status": null, "descritor": null, "gh": null, "apenas_sem_cdr": false, "diferenca_min": null, "eot_divergente": false, "cruza_gh": false, "tarifa": null, "assinante_a": null, "assinante_b": null, "data_inicio": "2025-06-03T21:00", "data_fim": "2025-08-30T21:00", "multi_divergencias": false, "gh_inconsistente": false, "sigame": false}}
2025-11-14 16:09:52,176 [INFO] listar_resultados_resposta | {"id_importacao": 19, "pagina": 1, "limite": 25, "total_base": 9821, "total_final": 9821, "aplicou_eot": false, "aplicou_multi": false}
2025-11-14 16:10:13,714 [INFO] listar_resultados_base | {"id_importacao": 19, "pagina": 1, "limite": 25, "total_base": 9821, "filtros": {"status": null, "descritor": null, "gh": null, "apenas_sem_cdr": false, "diferenca_min": null, "eot_divergente": false, "cruza_gh": false, "tarifa": "VU-M", "assinante_a": null, "assinante_b": null, "data_inicio": "2025-06-03T21:00", "data_fim": "2025-08-30T21:00", "multi_divergencias": false, "gh_inconsistente": false, "sigame": false}}
2025-11-14 16:10:13,715 [INFO] listar_resultados_resposta | {"id_importacao": 19, "pagina": 1, "limite": 25, "total_base": 9821, "total_final": 9821, "aplicou_eot": false, "aplicou_multi": false}
2025-11-14 16:10:15,127 [INFO] listar_resultados_base | {"id_importacao": 19, "pagina": 1, "limite": 25, "total_base": 0, "filtros": {"status": null, "descritor": null, "gh": null, "apenas_sem_cdr": false, "diferenca_min": null, "eot_divergente": false, "cruza_gh": false, "tarifa": "TU-RL", "assinante_a": null, "assinante_b": null, "data_inicio": "2025-06-03T21:00", "data_fim": "2025-08-30T21:00", "multi_divergencias": false, "gh_inconsistente": false, "sigame": false}}
2025-11-14 16:10:15,127 [INFO] listar_resultados_resposta | {"id_importacao": 19, "pagina": 1, "limite": 25, "total_base": 0, "total_final": 0, "aplicou_eot": false, "aplicou_multi": false}
2025-11-14 16:10:16,422 [INFO] listar_resultados_base | {"id_importacao": 19, "pagina": 1, "limite": 25, "total_base": 9821, "filtros": {"status": null, "descritor": null, "gh": null, "apenas_sem_cdr": false, "diferenca_min": null, "eot_divergente": false, "cruza_gh": false, "tarifa": "VU-M", "assinante_a": null, "assinante_b": null, "data_inicio": "2025-06-03T21:00", "data_fim": "2025-08-30T21:00", "multi_divergencias": false, "gh_inconsistente": false, "sigame": false}}
2025-11-14 16:10:16,423 [INFO] listar_resultados_resposta | {"id_importacao": 19, "pagina": 1, "limite": 25, "total_base": 9821, "total_final": 9821, "aplicou_eot": false, "aplicou_multi": false}
2025-11-14 16:10:22,120 [INFO] listar_resultados_base | {"id_importacao": 19, "pagina": 1, "limite": 25, "total_base": 9821, "filtros": {"status": null, "descritor": null, "gh": null, "apenas_sem_cdr": false, "diferenca_min": null, "eot_divergente": false, "cruza_gh": false, "tarifa": null, "assinante_a": null, "assinante_b": null, "data_inicio": "2025-06-03T21:00", "data_fim": "2025-08-30T21:00", "multi_divergencias": false, "gh_inconsistente": false, "sigame": false}}
2025-11-14 16:10:22,121 [INFO] listar_resultados_resposta | {"id_importacao": 19, "pagina": 1, "limite": 25, "total_base": 9821, "total_final": 9821, "aplicou_eot": false, "aplicou_multi": false}
2025-11-14 16:10:25,202 [INFO] listar_resultados_base | {"id_importacao": 19, "pagina": 1, "limite": 25, "total_base": 82, "filtros": {"status": ["PERDIDO"], "descritor": null, "gh": null, "apenas_sem_cdr": false, "diferenca_min": null, "eot_divergente": false, "cruza_gh": false, "tarifa": null, "assinante_a": null, "assinante_b": null, "data_inicio": "2025-06-03T21:00", "data_fim": "2025-08-30T21:00", "multi_divergencias": false, "gh_inconsistente": false, "sigame": false}}
2025-11-14 16:10:25,203 [INFO] listar_resultados_resposta | {"id_importacao": 19, "pagina": 1, "limite": 25, "total_base": 82, "total_final": 82, "aplicou_eot": false, "aplicou_multi": false}
2025-11-14 16:10:25,779 [INFO] listar_resultados_base | {"id_importacao": 19, "pagina": 1, "limite": 25, "total_base": 9821, "filtros": {"status": null, "descritor": null, "gh": null, "apenas_sem_cdr": false, "diferenca_min": null, "eot_divergente": false, "cruza_gh": false, "tarifa": null, "assinante_a": null, "assinante_b": null, "data_inicio": "2025-06-03T21:00", "data_fim": "2025-08-30T21:00", "multi_divergencias": false, "gh_inconsistente": false, "sigame": false}}
2025-11-14 16:10:25,780 [INFO] listar_resultados_resposta | {"id_importacao": 19, "pagina": 1, "limite": 25, "total_base": 9821, "total_final": 9821, "aplicou_eot": false, "aplicou_multi": false}
2025-11-14 16:11:02,287 [INFO] listar_resultados_base | {"id_importacao": 19, "pagina": 1, "limite": 25, "total_base": 9911, "filtros": {"status": null, "descritor": null, "gh": null, "apenas_sem_cdr": false, "diferenca_min": null, "eot_divergente": false, "cruza_gh": false, "tarifa": null, "assinante_a": null, "assinante_b": null, "data_inicio": null, "data_fim": null, "multi_divergencias": false, "gh_inconsistente": false, "sigame": false}}
2025-11-14 16:11:02,289 [INFO] listar_resultados_resposta | {"id_importacao": 19, "pagina": 1, "limite": 25, "total_base": 9911, "total_final": 9911, "aplicou_eot": false, "aplicou_multi": false}
2025-11-14 16:11:02,474 [INFO] conferencia_resumo | {"id_importacao": 19, "processadas": 9911, "validas": 8880, "invalidas": 1031, "sem_cdr": 82, "delta_tolerancia": 347, "eot_divergente": 268, "multiplas": 0}
2025-11-14 16:11:02,577 [INFO] listar_resultados_base | {"id_importacao": 19, "pagina": 1, "limite": 25, "total_base": 9821, "filtros": {"status": null, "descritor": null, "gh": null, "apenas_sem_cdr": false, "diferenca_min": null, "eot_divergente": false, "cruza_gh": false, "tarifa": null, "assinante_a": null, "assinante_b": null, "data_inicio": "2025-06-03T21:00", "data_fim": "2025-08-30T21:00", "multi_divergencias": false, "gh_inconsistente": false, "sigame": false}}
2025-11-14 16:11:02,578 [INFO] listar_resultados_resposta | {"id_importacao": 19, "pagina": 1, "limite": 25, "total_base": 9821, "total_final": 9821, "aplicou_eot": false, "aplicou_multi": false}
2025-11-14 16:13:14,297 [INFO] listar_resultados_base | {"id_importacao": 19, "pagina": 1, "limite": 25, "total_base": 82, "filtros": {"status": ["PERDIDO"], "descritor": null, "gh": null, "apenas_sem_cdr": false, "diferenca_min": null, "eot_divergente": false, "cruza_gh": false, "tarifa": null, "assinante_a": null, "assinante_b": null, "data_inicio": "2025-06-03T21:00", "data_fim": "2025-08-30T21:00", "multi_divergencias": false, "gh_inconsistente": false, "sigame": false}}
2025-11-14 16:13:14,297 [INFO] listar_resultados_resposta | {"id_importacao": 19, "pagina": 1, "limite": 25, "total_base": 82, "total_final": 82, "aplicou_eot": false, "aplicou_multi": false}
2025-11-14 16:15:42,115 [INFO] listar_resultados_base | {"id_importacao": 19, "pagina": 1, "limite": 25, "total_base": 0, "filtros": {"status": ["PERDIDO"], "descritor": null, "gh": null, "apenas_sem_cdr": false, "diferenca_min": null, "eot_divergente": false, "cruza_gh": false, "tarifa": null, "assinante_a": null, "assinante_b": null, "data_inicio": "2025-06-03T21:00", "data_fim": "2025-08-30T21:00", "multi_divergencias": false, "gh_inconsistente": false, "sigame": true}}
2025-11-14 16:15:42,115 [INFO] listar_resultados_resposta | {"id_importacao": 19, "pagina": 1, "limite": 25, "total_base": 0, "total_final": 0, "aplicou_eot": false, "aplicou_multi": false}
2025-11-14 16:15:44,232 [INFO] listar_resultados_base | {"id_importacao": 19, "pagina": 1, "limite": 25, "total_base": 0, "filtros": {"status": ["PERDIDO", "CONFERIDO"], "descritor": null, "gh": null, "apenas_sem_cdr": false, "diferenca_min": null, "eot_divergente": false, "cruza_gh": false, "tarifa": null, "assinante_a": null, "assinante_b": null, "data_inicio": "2025-06-03T21:00", "data_fim": "2025-08-30T21:00", "multi_divergencias": false, "gh_inconsistente": false, "sigame": true}}
2025-11-14 16:15:44,232 [INFO] listar_resultados_resposta | {"id_importacao": 19, "pagina": 1, "limite": 25, "total_base": 0, "total_final": 0, "aplicou_eot": false, "aplicou_multi": false}
2025-11-14 16:15:45,400 [INFO] listar_resultados_base | {"id_importacao": 19, "pagina": 1, "limite": 25, "total_base": 0, "filtros": {"status": ["CONFERIDO"], "descritor": null, "gh": null, "apenas_sem_cdr": false, "diferenca_min": null, "eot_divergente": false, "cruza_gh": false, "tarifa": null, "assinante_a": null, "assinante_b": null, "data_inicio": "2025-06-03T21:00", "data_fim": "2025-08-30T21:00", "multi_divergencias": false, "gh_inconsistente": false, "sigame": true}}
2025-11-14 16:15:45,401 [INFO] listar_resultados_resposta | {"id_importacao": 19, "pagina": 1, "limite": 25, "total_base": 0, "total_final": 0, "aplicou_eot": false, "aplicou_multi": false}
2025-11-14 16:15:46,797 [INFO] listar_resultados_base | {"id_importacao": 19, "pagina": 1, "limite": 25, "total_base": 43, "filtros": {"status": null, "descritor": null, "gh": null, "apenas_sem_cdr": false, "diferenca_min": null, "eot_divergente": false, "cruza_gh": false, "tarifa": null, "assinante_a": null, "assinante_b": null, "data_inicio": "2025-06-03T21:00", "data_fim": "2025-08-30T21:00", "multi_divergencias": false, "gh_inconsistente": false, "sigame": true}}
2025-11-14 16:15:46,798 [INFO] listar_resultados_resposta | {"id_importacao": 19, "pagina": 1, "limite": 25, "total_base": 43, "total_final": 43, "aplicou_eot": false, "aplicou_multi": false}
2025-11-14 16:15:47,120 [INFO] listar_resultados_base | {"id_importacao": 19, "pagina": 1, "limite": 25, "total_base": 43, "filtros": {"status": ["DIVERGENTE"], "descritor": null, "gh": null, "apenas_sem_cdr": false, "diferenca_min": null, "eot_divergente": false, "cruza_gh": false, "tarifa": null, "assinante_a": null, "assinante_b": null, "data_inicio": "2025-06-03T21:00", "data_fim": "2025-08-30T21:00", "multi_divergencias": false, "gh_inconsistente": false, "sigame": true}}
2025-11-14 16:15:47,122 [INFO] listar_resultados_resposta | {"id_importacao": 19, "pagina": 1, "limite": 25, "total_base": 43, "total_final": 43, "aplicou_eot": false, "aplicou_multi": false}
2025-11-14 16:15:48,766 [INFO] listar_resultados_base | {"id_importacao": 19, "pagina": 1, "limite": 25, "total_base": 43, "filtros": {"status": null, "descritor": null, "gh": null, "apenas_sem_cdr": false, "diferenca_min": null, "eot_divergente": false, "cruza_gh": false, "tarifa": null, "assinante_a": null, "assinante_b": null, "data_inicio": "2025-06-03T21:00", "data_fim": "2025-08-30T21:00", "multi_divergencias": false, "gh_inconsistente": false, "sigame": true}}
2025-11-14 16:15:48,767 [INFO] listar_resultados_resposta | {"id_importacao": 19, "pagina": 1, "limite": 25, "total_base": 43, "total_final": 43, "aplicou_eot": false, "aplicou_multi": false}
2025-11-14 16:16:12,402 [INFO] listar_resultados_base | {"id_importacao": 19, "pagina": 1, "limite": 25, "total_base": 9821, "filtros": {"status": null, "descritor": null, "gh": null, "apenas_sem_cdr": false, "diferenca_min": null, "eot_divergente": false, "cruza_gh": false, "tarifa": null, "assinante_a": null, "assinante_b": null, "data_inicio": "2025-06-03T21:00", "data_fim": "2025-08-30T21:00", "multi_divergencias": false, "gh_inconsistente": false, "sigame": false}}
2025-11-14 16:16:12,402 [INFO] listar_resultados_resposta | {"id_importacao": 19, "pagina": 1, "limite": 25, "total_base": 9821, "total_final": 9821, "aplicou_eot": false, "aplicou_multi": false}
