
=== Instalação de requisitos (pip) ===
Defaulting to user installation because normal site-packages is not writeable
Requirement already satisfied: fastapi==0.115.4 in /home/saperx/.local/lib/python3.10/site-packages (from -r /home/saperx/Documentos/detraf_conferencia_v2/src/api/requirements.txt (line 1)) (0.115.4)
Requirement already satisfied: uvicorn==0.32.0 in /home/saperx/.local/lib/python3.10/site-packages (from uvicorn[standard]==0.32.0->-r /home/saperx/Documentos/detraf_conferencia_v2/src/api/requirements.txt (line 2)) (0.32.0)
Requirement already satisfied: python-dotenv==1.0.1 in /home/saperx/.local/lib/python3.10/site-packages (from -r /home/saperx/Documentos/detraf_conferencia_v2/src/api/requirements.txt (line 3)) (1.0.1)
Requirement already satisfied: mysql-connector-python==9.0.0 in /home/saperx/.local/lib/python3.10/site-packages (from -r /home/saperx/Documentos/detraf_conferencia_v2/src/api/requirements.txt (line 4)) (9.0.0)
Requirement already satisfied: pydantic==2.9.2 in /home/saperx/.local/lib/python3.10/site-packages (from -r /home/saperx/Documentos/detraf_conferencia_v2/src/api/requirements.txt (line 5)) (2.9.2)
Requirement already satisfied: python-multipart==0.0.9 in /home/saperx/.local/lib/python3.10/site-packages (from -r /home/saperx/Documentos/detraf_conferencia_v2/src/api/requirements.txt (line 6)) (0.0.9)
Requirement already satisfied: starlette<0.42.0,>=0.40.0 in /home/saperx/.local/lib/python3.10/site-packages (from fastapi==0.115.4->-r /home/saperx/Documentos/detraf_conferencia_v2/src/api/requirements.txt (line 1)) (0.41.3)
Requirement already satisfied: typing-extensions>=4.8.0 in /home/saperx/.local/lib/python3.10/site-packages (from fastapi==0.115.4->-r /home/saperx/Documentos/detraf_conferencia_v2/src/api/requirements.txt (line 1)) (4.12.2)
Requirement already satisfied: annotated-types>=0.6.0 in /home/saperx/.local/lib/python3.10/site-packages (from pydantic==2.9.2->-r /home/saperx/Documentos/detraf_conferencia_v2/src/api/requirements.txt (line 5)) (0.7.0)
Requirement already satisfied: pydantic-core==2.23.4 in /home/saperx/.local/lib/python3.10/site-packages (from pydantic==2.9.2->-r /home/saperx/Documentos/detraf_conferencia_v2/src/api/requirements.txt (line 5)) (2.23.4)
Requirement already satisfied: click>=7.0 in /home/saperx/.local/lib/python3.10/site-packages (from uvicorn==0.32.0->uvicorn[standard]==0.32.0->-r /home/saperx/Documentos/detraf_conferencia_v2/src/api/requirements.txt (line 2)) (8.1.7)
Requirement already satisfied: h11>=0.8 in /home/saperx/.local/lib/python3.10/site-packages (from uvicorn==0.32.0->uvicorn[standard]==0.32.0->-r /home/saperx/Documentos/detraf_conferencia_v2/src/api/requirements.txt (line 2)) (0.16.0)
Requirement already satisfied: httptools>=0.5.0 in /home/saperx/.local/lib/python3.10/site-packages (from uvicorn[standard]==0.32.0->-r /home/saperx/Documentos/detraf_conferencia_v2/src/api/requirements.txt (line 2)) (0.7.1)
Requirement already satisfied: pyyaml>=5.1 in /usr/local/lib/python3.10/dist-packages (from uvicorn[standard]==0.32.0->-r /home/saperx/Documentos/detraf_conferencia_v2/src/api/requirements.txt (line 2)) (6.0.2)
Requirement already satisfied: uvloop!=0.15.0,!=0.15.1,>=0.14.0 in /home/saperx/.local/lib/python3.10/site-packages (from uvicorn[standard]==0.32.0->-r /home/saperx/Documentos/detraf_conferencia_v2/src/api/requirements.txt (line 2)) (0.22.1)
Requirement already satisfied: watchfiles>=0.13 in /home/saperx/.local/lib/python3.10/site-packages (from uvicorn[standard]==0.32.0->-r /home/saperx/Documentos/detraf_conferencia_v2/src/api/requirements.txt (line 2)) (1.1.1)
Requirement already satisfied: websockets>=10.4 in /home/saperx/.local/lib/python3.10/site-packages (from uvicorn[standard]==0.32.0->-r /home/saperx/Documentos/detraf_conferencia_v2/src/api/requirements.txt (line 2)) (15.0.1)
Requirement already satisfied: anyio<5,>=3.4.0 in /home/saperx/.local/lib/python3.10/site-packages (from starlette<0.42.0,>=0.40.0->fastapi==0.115.4->-r /home/saperx/Documentos/detraf_conferencia_v2/src/api/requirements.txt (line 1)) (4.11.0)
Requirement already satisfied: exceptiongroup>=1.0.2 in /home/saperx/.local/lib/python3.10/site-packages (from anyio<5,>=3.4.0->starlette<0.42.0,>=0.40.0->fastapi==0.115.4->-r /home/saperx/Documentos/detraf_conferencia_v2/src/api/requirements.txt (line 1)) (1.3.0)
Requirement already satisfied: idna>=2.8 in /usr/lib/python3/dist-packages (from anyio<5,>=3.4.0->starlette<0.42.0,>=0.40.0->fastapi==0.115.4->-r /home/saperx/Documentos/detraf_conferencia_v2/src/api/requirements.txt (line 1)) (3.3)
Requirement already satisfied: sniffio>=1.1 in /home/saperx/.local/lib/python3.10/site-packages (from anyio<5,>=3.4.0->starlette<0.42.0,>=0.40.0->fastapi==0.115.4->-r /home/saperx/Documentos/detraf_conferencia_v2/src/api/requirements.txt (line 1)) (1.3.1)

[notice] A new release of pip is available: 25.2 -> 25.3
[notice] To update, run: python3 -m pip install --upgrade pip

=== Instalação de requisitos (pip) ===
Defaulting to user installation because normal site-packages is not writeable
Requirement already satisfied: fastapi==0.115.4 in /home/saperx/.local/lib/python3.10/site-packages (from -r /home/saperx/Documentos/detraf_conferencia_v2/src/api/requirements.txt (line 1)) (0.115.4)
Requirement already satisfied: uvicorn==0.32.0 in /home/saperx/.local/lib/python3.10/site-packages (from uvicorn[standard]==0.32.0->-r /home/saperx/Documentos/detraf_conferencia_v2/src/api/requirements.txt (line 2)) (0.32.0)
Requirement already satisfied: python-dotenv==1.0.1 in /home/saperx/.local/lib/python3.10/site-packages (from -r /home/saperx/Documentos/detraf_conferencia_v2/src/api/requirements.txt (line 3)) (1.0.1)
Requirement already satisfied: mysql-connector-python==9.0.0 in /home/saperx/.local/lib/python3.10/site-packages (from -r /home/saperx/Documentos/detraf_conferencia_v2/src/api/requirements.txt (line 4)) (9.0.0)
Requirement already satisfied: pydantic==2.9.2 in /home/saperx/.local/lib/python3.10/site-packages (from -r /home/saperx/Documentos/detraf_conferencia_v2/src/api/requirements.txt (line 5)) (2.9.2)
Requirement already satisfied: python-multipart==0.0.9 in /home/saperx/.local/lib/python3.10/site-packages (from -r /home/saperx/Documentos/detraf_conferencia_v2/src/api/requirements.txt (line 6)) (0.0.9)
Requirement already satisfied: starlette<0.42.0,>=0.40.0 in /home/saperx/.local/lib/python3.10/site-packages (from fastapi==0.115.4->-r /home/saperx/Documentos/detraf_conferencia_v2/src/api/requirements.txt (line 1)) (0.41.3)
Requirement already satisfied: typing-extensions>=4.8.0 in /home/saperx/.local/lib/python3.10/site-packages (from fastapi==0.115.4->-r /home/saperx/Documentos/detraf_conferencia_v2/src/api/requirements.txt (line 1)) (4.12.2)
Requirement already satisfied: annotated-types>=0.6.0 in /home/saperx/.local/lib/python3.10/site-packages (from pydantic==2.9.2->-r /home/saperx/Documentos/detraf_conferencia_v2/src/api/requirements.txt (line 5)) (0.7.0)
Requirement already satisfied: pydantic-core==2.23.4 in /home/saperx/.local/lib/python3.10/site-packages (from pydantic==2.9.2->-r /home/saperx/Documentos/detraf_conferencia_v2/src/api/requirements.txt (line 5)) (2.23.4)
Requirement already satisfied: click>=7.0 in /home/saperx/.local/lib/python3.10/site-packages (from uvicorn==0.32.0->uvicorn[standard]==0.32.0->-r /home/saperx/Documentos/detraf_conferencia_v2/src/api/requirements.txt (line 2)) (8.1.7)
Requirement already satisfied: h11>=0.8 in /home/saperx/.local/lib/python3.10/site-packages (from uvicorn==0.32.0->uvicorn[standard]==0.32.0->-r /home/saperx/Documentos/detraf_conferencia_v2/src/api/requirements.txt (line 2)) (0.16.0)
Requirement already satisfied: httptools>=0.5.0 in /home/saperx/.local/lib/python3.10/site-packages (from uvicorn[standard]==0.32.0->-r /home/saperx/Documentos/detraf_conferencia_v2/src/api/requirements.txt (line 2)) (0.7.1)
Requirement already satisfied: pyyaml>=5.1 in /usr/local/lib/python3.10/dist-packages (from uvicorn[standard]==0.32.0->-r /home/saperx/Documentos/detraf_conferencia_v2/src/api/requirements.txt (line 2)) (6.0.2)
Requirement already satisfied: uvloop!=0.15.0,!=0.15.1,>=0.14.0 in /home/saperx/.local/lib/python3.10/site-packages (from uvicorn[standard]==0.32.0->-r /home/saperx/Documentos/detraf_conferencia_v2/src/api/requirements.txt (line 2)) (0.22.1)
Requirement already satisfied: watchfiles>=0.13 in /home/saperx/.local/lib/python3.10/site-packages (from uvicorn[standard]==0.32.0->-r /home/saperx/Documentos/detraf_conferencia_v2/src/api/requirements.txt (line 2)) (1.1.1)
Requirement already satisfied: websockets>=10.4 in /home/saperx/.local/lib/python3.10/site-packages (from uvicorn[standard]==0.32.0->-r /home/saperx/Documentos/detraf_conferencia_v2/src/api/requirements.txt (line 2)) (15.0.1)
Requirement already satisfied: anyio<5,>=3.4.0 in /home/saperx/.local/lib/python3.10/site-packages (from starlette<0.42.0,>=0.40.0->fastapi==0.115.4->-r /home/saperx/Documentos/detraf_conferencia_v2/src/api/requirements.txt (line 1)) (4.11.0)
Requirement already satisfied: exceptiongroup>=1.0.2 in /home/saperx/.local/lib/python3.10/site-packages (from anyio<5,>=3.4.0->starlette<0.42.0,>=0.40.0->fastapi==0.115.4->-r /home/saperx/Documentos/detraf_conferencia_v2/src/api/requirements.txt (line 1)) (1.3.0)
Requirement already satisfied: idna>=2.8 in /usr/lib/python3/dist-packages (from anyio<5,>=3.4.0->starlette<0.42.0,>=0.40.0->fastapi==0.115.4->-r /home/saperx/Documentos/detraf_conferencia_v2/src/api/requirements.txt (line 1)) (3.3)
Requirement already satisfied: sniffio>=1.1 in /home/saperx/.local/lib/python3.10/site-packages (from anyio<5,>=3.4.0->starlette<0.42.0,>=0.40.0->fastapi==0.115.4->-r /home/saperx/Documentos/detraf_conferencia_v2/src/api/requirements.txt (line 1)) (1.3.1)

[notice] A new release of pip is available: 25.2 -> 25.3
[notice] To update, run: python3 -m pip install --upgrade pip

=== Instalação de requisitos (pip) ===
Traceback (most recent call last):
  File "/usr/lib/python3.10/runpy.py", line 196, in _run_module_as_main
    return _run_code(code, main_globals, None,
  File "/usr/lib/python3.10/runpy.py", line 86, in _run_code
    exec(code, run_globals)
  File "/usr/local/lib/python3.10/dist-packages/pip/__main__.py", line 22, in <module>
    from pip._internal.cli.main import main as _main
  File "/usr/local/lib/python3.10/dist-packages/pip/_internal/cli/main.py", line 11, in <module>
    from pip._internal.cli.autocompletion import autocomplete
  File "/usr/local/lib/python3.10/dist-packages/pip/_internal/cli/autocompletion.py", line 12, in <module>
    from pip._internal.cli.main_parser import create_main_parser
  File "/usr/local/lib/python3.10/dist-packages/pip/_internal/cli/main_parser.py", line 9, in <module>
    from pip._internal.build_env import get_runnable_pip
  File "/usr/local/lib/python3.10/dist-packages/pip/_internal/build_env.py", line 16, in <module>
    from pip._vendor.packaging.version import Version
  File "/usr/local/lib/python3.10/dist-packages/pip/_vendor/packaging/version.py", line 38, in <module>
    class _Version(NamedTuple):
  File "/usr/lib/python3.10/typing.py", line 2279, in __new__
    nm_tpl = _make_nmtuple(typename, types.items(),
  File "/usr/lib/python3.10/typing.py", line 2249, in _make_nmtuple
    types = {n: _type_check(t, f"field {n} annotation must be a type")
  File "/usr/lib/python3.10/typing.py", line 2249, in <dictcomp>
    types = {n: _type_check(t, f"field {n} annotation must be a type")
  File "/usr/lib/python3.10/typing.py", line 164, in _type_check
    arg = _type_convert(arg, module=module, allow_special_forms=allow_special_forms)
  File "/usr/lib/python3.10/typing.py", line 142, in _type_convert
    return ForwardRef(arg, module=module, is_class=allow_special_forms)
  File "/usr/lib/python3.10/typing.py", line 668, in __init__
    code = compile(arg, '<string>', 'eval')
KeyboardInterrupt

=== Instalação de requisitos (pip) ===
Defaulting to user installation because normal site-packages is not writeable
Requirement already satisfied: fastapi==0.115.4 in /home/saperx/.local/lib/python3.10/site-packages (from -r /home/saperx/Documentos/detraf_conferencia_v2/src/api/requirements.txt (line 1)) (0.115.4)
Requirement already satisfied: uvicorn==0.32.0 in /home/saperx/.local/lib/python3.10/site-packages (from uvicorn[standard]==0.32.0->-r /home/saperx/Documentos/detraf_conferencia_v2/src/api/requirements.txt (line 2)) (0.32.0)
Requirement already satisfied: python-dotenv==1.0.1 in /home/saperx/.local/lib/python3.10/site-packages (from -r /home/saperx/Documentos/detraf_conferencia_v2/src/api/requirements.txt (line 3)) (1.0.1)
Requirement already satisfied: mysql-connector-python==9.0.0 in /home/saperx/.local/lib/python3.10/site-packages (from -r /home/saperx/Documentos/detraf_conferencia_v2/src/api/requirements.txt (line 4)) (9.0.0)
Requirement already satisfied: pydantic==2.9.2 in /home/saperx/.local/lib/python3.10/site-packages (from -r /home/saperx/Documentos/detraf_conferencia_v2/src/api/requirements.txt (line 5)) (2.9.2)
Requirement already satisfied: python-multipart==0.0.9 in /home/saperx/.local/lib/python3.10/site-packages (from -r /home/saperx/Documentos/detraf_conferencia_v2/src/api/requirements.txt (line 6)) (0.0.9)
Requirement already satisfied: starlette<0.42.0,>=0.40.0 in /home/saperx/.local/lib/python3.10/site-packages (from fastapi==0.115.4->-r /home/saperx/Documentos/detraf_conferencia_v2/src/api/requirements.txt (line 1)) (0.41.3)
Requirement already satisfied: typing-extensions>=4.8.0 in /home/saperx/.local/lib/python3.10/site-packages (from fastapi==0.115.4->-r /home/saperx/Documentos/detraf_conferencia_v2/src/api/requirements.txt (line 1)) (4.12.2)
Requirement already satisfied: annotated-types>=0.6.0 in /home/saperx/.local/lib/python3.10/site-packages (from pydantic==2.9.2->-r /home/saperx/Documentos/detraf_conferencia_v2/src/api/requirements.txt (line 5)) (0.7.0)
Requirement already satisfied: pydantic-core==2.23.4 in /home/saperx/.local/lib/python3.10/site-packages (from pydantic==2.9.2->-r /home/saperx/Documentos/detraf_conferencia_v2/src/api/requirements.txt (line 5)) (2.23.4)
Requirement already satisfied: click>=7.0 in /home/saperx/.local/lib/python3.10/site-packages (from uvicorn==0.32.0->uvicorn[standard]==0.32.0->-r /home/saperx/Documentos/detraf_conferencia_v2/src/api/requirements.txt (line 2)) (8.1.7)
Requirement already satisfied: h11>=0.8 in /home/saperx/.local/lib/python3.10/site-packages (from uvicorn==0.32.0->uvicorn[standard]==0.32.0->-r /home/saperx/Documentos/detraf_conferencia_v2/src/api/requirements.txt (line 2)) (0.16.0)
Requirement already satisfied: httptools>=0.5.0 in /home/saperx/.local/lib/python3.10/site-packages (from uvicorn[standard]==0.32.0->-r /home/saperx/Documentos/detraf_conferencia_v2/src/api/requirements.txt (line 2)) (0.7.1)
Requirement already satisfied: pyyaml>=5.1 in /usr/local/lib/python3.10/dist-packages (from uvicorn[standard]==0.32.0->-r /home/saperx/Documentos/detraf_conferencia_v2/src/api/requirements.txt (line 2)) (6.0.2)
Requirement already satisfied: uvloop!=0.15.0,!=0.15.1,>=0.14.0 in /home/saperx/.local/lib/python3.10/site-packages (from uvicorn[standard]==0.32.0->-r /home/saperx/Documentos/detraf_conferencia_v2/src/api/requirements.txt (line 2)) (0.22.1)
Requirement already satisfied: watchfiles>=0.13 in /home/saperx/.local/lib/python3.10/site-packages (from uvicorn[standard]==0.32.0->-r /home/saperx/Documentos/detraf_conferencia_v2/src/api/requirements.txt (line 2)) (1.1.1)
Requirement already satisfied: websockets>=10.4 in /home/saperx/.local/lib/python3.10/site-packages (from uvicorn[standard]==0.32.0->-r /home/saperx/Documentos/detraf_conferencia_v2/src/api/requirements.txt (line 2)) (15.0.1)
Requirement already satisfied: anyio<5,>=3.4.0 in /home/saperx/.local/lib/python3.10/site-packages (from starlette<0.42.0,>=0.40.0->fastapi==0.115.4->-r /home/saperx/Documentos/detraf_conferencia_v2/src/api/requirements.txt (line 1)) (4.11.0)
Requirement already satisfied: exceptiongroup>=1.0.2 in /home/saperx/.local/lib/python3.10/site-packages (from anyio<5,>=3.4.0->starlette<0.42.0,>=0.40.0->fastapi==0.115.4->-r /home/saperx/Documentos/detraf_conferencia_v2/src/api/requirements.txt (line 1)) (1.3.0)
Requirement already satisfied: idna>=2.8 in /usr/lib/python3/dist-packages (from anyio<5,>=3.4.0->starlette<0.42.0,>=0.40.0->fastapi==0.115.4->-r /home/saperx/Documentos/detraf_conferencia_v2/src/api/requirements.txt (line 1)) (3.3)
Requirement already satisfied: sniffio>=1.1 in /home/saperx/.local/lib/python3.10/site-packages (from anyio<5,>=3.4.0->starlette<0.42.0,>=0.40.0->fastapi==0.115.4->-r /home/saperx/Documentos/detraf_conferencia_v2/src/api/requirements.txt (line 1)) (1.3.1)

[notice] A new release of pip is available: 25.2 -> 25.3
[notice] To update, run: python3 -m pip install --upgrade pip

=== Instalação de requisitos (pip) ===
Defaulting to user installation because normal site-packages is not writeable
Requirement already satisfied: fastapi==0.115.4 in /home/saperx/.local/lib/python3.10/site-packages (from -r /home/saperx/Documentos/detraf_conferencia_v2/src/api/requirements.txt (line 1)) (0.115.4)
Requirement already satisfied: uvicorn==0.32.0 in /home/saperx/.local/lib/python3.10/site-packages (from uvicorn[standard]==0.32.0->-r /home/saperx/Documentos/detraf_conferencia_v2/src/api/requirements.txt (line 2)) (0.32.0)
Requirement already satisfied: python-dotenv==1.0.1 in /home/saperx/.local/lib/python3.10/site-packages (from -r /home/saperx/Documentos/detraf_conferencia_v2/src/api/requirements.txt (line 3)) (1.0.1)
Requirement already satisfied: mysql-connector-python==9.0.0 in /home/saperx/.local/lib/python3.10/site-packages (from -r /home/saperx/Documentos/detraf_conferencia_v2/src/api/requirements.txt (line 4)) (9.0.0)
Requirement already satisfied: pydantic==2.9.2 in /home/saperx/.local/lib/python3.10/site-packages (from -r /home/saperx/Documentos/detraf_conferencia_v2/src/api/requirements.txt (line 5)) (2.9.2)
Requirement already satisfied: python-multipart==0.0.9 in /home/saperx/.local/lib/python3.10/site-packages (from -r /home/saperx/Documentos/detraf_conferencia_v2/src/api/requirements.txt (line 6)) (0.0.9)
Requirement already satisfied: starlette<0.42.0,>=0.40.0 in /home/saperx/.local/lib/python3.10/site-packages (from fastapi==0.115.4->-r /home/saperx/Documentos/detraf_conferencia_v2/src/api/requirements.txt (line 1)) (0.41.3)
Requirement already satisfied: typing-extensions>=4.8.0 in /home/saperx/.local/lib/python3.10/site-packages (from fastapi==0.115.4->-r /home/saperx/Documentos/detraf_conferencia_v2/src/api/requirements.txt (line 1)) (4.12.2)
Requirement already satisfied: annotated-types>=0.6.0 in /home/saperx/.local/lib/python3.10/site-packages (from pydantic==2.9.2->-r /home/saperx/Documentos/detraf_conferencia_v2/src/api/requirements.txt (line 5)) (0.7.0)
Requirement already satisfied: pydantic-core==2.23.4 in /home/saperx/.local/lib/python3.10/site-packages (from pydantic==2.9.2->-r /home/saperx/Documentos/detraf_conferencia_v2/src/api/requirements.txt (line 5)) (2.23.4)
Requirement already satisfied: click>=7.0 in /home/saperx/.local/lib/python3.10/site-packages (from uvicorn==0.32.0->uvicorn[standard]==0.32.0->-r /home/saperx/Documentos/detraf_conferencia_v2/src/api/requirements.txt (line 2)) (8.1.7)
Requirement already satisfied: h11>=0.8 in /home/saperx/.local/lib/python3.10/site-packages (from uvicorn==0.32.0->uvicorn[standard]==0.32.0->-r /home/saperx/Documentos/detraf_conferencia_v2/src/api/requirements.txt (line 2)) (0.16.0)
Requirement already satisfied: httptools>=0.5.0 in /home/saperx/.local/lib/python3.10/site-packages (from uvicorn[standard]==0.32.0->-r /home/saperx/Documentos/detraf_conferencia_v2/src/api/requirements.txt (line 2)) (0.7.1)
Requirement already satisfied: pyyaml>=5.1 in /usr/local/lib/python3.10/dist-packages (from uvicorn[standard]==0.32.0->-r /home/saperx/Documentos/detraf_conferencia_v2/src/api/requirements.txt (line 2)) (6.0.2)
Requirement already satisfied: uvloop!=0.15.0,!=0.15.1,>=0.14.0 in /home/saperx/.local/lib/python3.10/site-packages (from uvicorn[standard]==0.32.0->-r /home/saperx/Documentos/detraf_conferencia_v2/src/api/requirements.txt (line 2)) (0.22.1)
Requirement already satisfied: watchfiles>=0.13 in /home/saperx/.local/lib/python3.10/site-packages (from uvicorn[standard]==0.32.0->-r /home/saperx/Documentos/detraf_conferencia_v2/src/api/requirements.txt (line 2)) (1.1.1)
Requirement already satisfied: websockets>=10.4 in /home/saperx/.local/lib/python3.10/site-packages (from uvicorn[standard]==0.32.0->-r /home/saperx/Documentos/detraf_conferencia_v2/src/api/requirements.txt (line 2)) (15.0.1)
Requirement already satisfied: anyio<5,>=3.4.0 in /home/saperx/.local/lib/python3.10/site-packages (from starlette<0.42.0,>=0.40.0->fastapi==0.115.4->-r /home/saperx/Documentos/detraf_conferencia_v2/src/api/requirements.txt (line 1)) (4.11.0)
Requirement already satisfied: exceptiongroup>=1.0.2 in /home/saperx/.local/lib/python3.10/site-packages (from anyio<5,>=3.4.0->starlette<0.42.0,>=0.40.0->fastapi==0.115.4->-r /home/saperx/Documentos/detraf_conferencia_v2/src/api/requirements.txt (line 1)) (1.3.0)
Requirement already satisfied: idna>=2.8 in /usr/lib/python3/dist-packages (from anyio<5,>=3.4.0->starlette<0.42.0,>=0.40.0->fastapi==0.115.4->-r /home/saperx/Documentos/detraf_conferencia_v2/src/api/requirements.txt (line 1)) (3.3)
Requirement already satisfied: sniffio>=1.1 in /home/saperx/.local/lib/python3.10/site-packages (from anyio<5,>=3.4.0->starlette<0.42.0,>=0.40.0->fastapi==0.115.4->-r /home/saperx/Documentos/detraf_conferencia_v2/src/api/requirements.txt (line 1)) (1.3.1)

[notice] A new release of pip is available: 25.2 -> 25.3
[notice] To update, run: python3 -m pip install --upgrade pip

=== Instalação de requisitos (pip) ===
Defaulting to user installation because normal site-packages is not writeable
Requirement already satisfied: fastapi==0.115.4 in /home/saperx/.local/lib/python3.10/site-packages (from -r /home/saperx/Documentos/detraf_conferencia_v2/src/api/requirements.txt (line 1)) (0.115.4)
Requirement already satisfied: uvicorn==0.32.0 in /home/saperx/.local/lib/python3.10/site-packages (from uvicorn[standard]==0.32.0->-r /home/saperx/Documentos/detraf_conferencia_v2/src/api/requirements.txt (line 2)) (0.32.0)
Requirement already satisfied: python-dotenv==1.0.1 in /home/saperx/.local/lib/python3.10/site-packages (from -r /home/saperx/Documentos/detraf_conferencia_v2/src/api/requirements.txt (line 3)) (1.0.1)
Requirement already satisfied: mysql-connector-python==9.0.0 in /home/saperx/.local/lib/python3.10/site-packages (from -r /home/saperx/Documentos/detraf_conferencia_v2/src/api/requirements.txt (line 4)) (9.0.0)
Requirement already satisfied: pydantic==2.9.2 in /home/saperx/.local/lib/python3.10/site-packages (from -r /home/saperx/Documentos/detraf_conferencia_v2/src/api/requirements.txt (line 5)) (2.9.2)
Requirement already satisfied: python-multipart==0.0.9 in /home/saperx/.local/lib/python3.10/site-packages (from -r /home/saperx/Documentos/detraf_conferencia_v2/src/api/requirements.txt (line 6)) (0.0.9)
Requirement already satisfied: starlette<0.42.0,>=0.40.0 in /home/saperx/.local/lib/python3.10/site-packages (from fastapi==0.115.4->-r /home/saperx/Documentos/detraf_conferencia_v2/src/api/requirements.txt (line 1)) (0.41.3)
Requirement already satisfied: typing-extensions>=4.8.0 in /home/saperx/.local/lib/python3.10/site-packages (from fastapi==0.115.4->-r /home/saperx/Documentos/detraf_conferencia_v2/src/api/requirements.txt (line 1)) (4.12.2)
Requirement already satisfied: annotated-types>=0.6.0 in /home/saperx/.local/lib/python3.10/site-packages (from pydantic==2.9.2->-r /home/saperx/Documentos/detraf_conferencia_v2/src/api/requirements.txt (line 5)) (0.7.0)
Requirement already satisfied: pydantic-core==2.23.4 in /home/saperx/.local/lib/python3.10/site-packages (from pydantic==2.9.2->-r /home/saperx/Documentos/detraf_conferencia_v2/src/api/requirements.txt (line 5)) (2.23.4)
Requirement already satisfied: click>=7.0 in /home/saperx/.local/lib/python3.10/site-packages (from uvicorn==0.32.0->uvicorn[standard]==0.32.0->-r /home/saperx/Documentos/detraf_conferencia_v2/src/api/requirements.txt (line 2)) (8.1.7)
Requirement already satisfied: h11>=0.8 in /home/saperx/.local/lib/python3.10/site-packages (from uvicorn==0.32.0->uvicorn[standard]==0.32.0->-r /home/saperx/Documentos/detraf_conferencia_v2/src/api/requirements.txt (line 2)) (0.16.0)
Requirement already satisfied: httptools>=0.5.0 in /home/saperx/.local/lib/python3.10/site-packages (from uvicorn[standard]==0.32.0->-r /home/saperx/Documentos/detraf_conferencia_v2/src/api/requirements.txt (line 2)) (0.7.1)
Requirement already satisfied: pyyaml>=5.1 in /usr/local/lib/python3.10/dist-packages (from uvicorn[standard]==0.32.0->-r /home/saperx/Documentos/detraf_conferencia_v2/src/api/requirements.txt (line 2)) (6.0.2)
Requirement already satisfied: uvloop!=0.15.0,!=0.15.1,>=0.14.0 in /home/saperx/.local/lib/python3.10/site-packages (from uvicorn[standard]==0.32.0->-r /home/saperx/Documentos/detraf_conferencia_v2/src/api/requirements.txt (line 2)) (0.22.1)
Requirement already satisfied: watchfiles>=0.13 in /home/saperx/.local/lib/python3.10/site-packages (from uvicorn[standard]==0.32.0->-r /home/saperx/Documentos/detraf_conferencia_v2/src/api/requirements.txt (line 2)) (1.1.1)
Requirement already satisfied: websockets>=10.4 in /home/saperx/.local/lib/python3.10/site-packages (from uvicorn[standard]==0.32.0->-r /home/saperx/Documentos/detraf_conferencia_v2/src/api/requirements.txt (line 2)) (15.0.1)
Requirement already satisfied: anyio<5,>=3.4.0 in /home/saperx/.local/lib/python3.10/site-packages (from starlette<0.42.0,>=0.40.0->fastapi==0.115.4->-r /home/saperx/Documentos/detraf_conferencia_v2/src/api/requirements.txt (line 1)) (4.11.0)
Requirement already satisfied: exceptiongroup>=1.0.2 in /home/saperx/.local/lib/python3.10/site-packages (from anyio<5,>=3.4.0->starlette<0.42.0,>=0.40.0->fastapi==0.115.4->-r /home/saperx/Documentos/detraf_conferencia_v2/src/api/requirements.txt (line 1)) (1.3.0)
Requirement already satisfied: idna>=2.8 in /usr/lib/python3/dist-packages (from anyio<5,>=3.4.0->starlette<0.42.0,>=0.40.0->fastapi==0.115.4->-r /home/saperx/Documentos/detraf_conferencia_v2/src/api/requirements.txt (line 1)) (3.3)
Requirement already satisfied: sniffio>=1.1 in /home/saperx/.local/lib/python3.10/site-packages (from anyio<5,>=3.4.0->starlette<0.42.0,>=0.40.0->fastapi==0.115.4->-r /home/saperx/Documentos/detraf_conferencia_v2/src/api/requirements.txt (line 1)) (1.3.1)

[notice] A new release of pip is available: 25.2 -> 25.3
[notice] To update, run: python3 -m pip install --upgrade pip

=== Instalação de requisitos (pip) ===
Defaulting to user installation because normal site-packages is not writeable
Requirement already satisfied: fastapi==0.115.4 in /home/saperx/.local/lib/python3.10/site-packages (from -r /home/saperx/Documentos/detraf_conferencia_v2/src/api/requirements.txt (line 1)) (0.115.4)
Requirement already satisfied: uvicorn==0.32.0 in /home/saperx/.local/lib/python3.10/site-packages (from uvicorn[standard]==0.32.0->-r /home/saperx/Documentos/detraf_conferencia_v2/src/api/requirements.txt (line 2)) (0.32.0)
Requirement already satisfied: python-dotenv==1.0.1 in /home/saperx/.local/lib/python3.10/site-packages (from -r /home/saperx/Documentos/detraf_conferencia_v2/src/api/requirements.txt (line 3)) (1.0.1)
Requirement already satisfied: mysql-connector-python==9.0.0 in /home/saperx/.local/lib/python3.10/site-packages (from -r /home/saperx/Documentos/detraf_conferencia_v2/src/api/requirements.txt (line 4)) (9.0.0)
Requirement already satisfied: pydantic==2.9.2 in /home/saperx/.local/lib/python3.10/site-packages (from -r /home/saperx/Documentos/detraf_conferencia_v2/src/api/requirements.txt (line 5)) (2.9.2)
Requirement already satisfied: python-multipart==0.0.9 in /home/saperx/.local/lib/python3.10/site-packages (from -r /home/saperx/Documentos/detraf_conferencia_v2/src/api/requirements.txt (line 6)) (0.0.9)
Requirement already satisfied: starlette<0.42.0,>=0.40.0 in /home/saperx/.local/lib/python3.10/site-packages (from fastapi==0.115.4->-r /home/saperx/Documentos/detraf_conferencia_v2/src/api/requirements.txt (line 1)) (0.41.3)
Requirement already satisfied: typing-extensions>=4.8.0 in /home/saperx/.local/lib/python3.10/site-packages (from fastapi==0.115.4->-r /home/saperx/Documentos/detraf_conferencia_v2/src/api/requirements.txt (line 1)) (4.12.2)
Requirement already satisfied: annotated-types>=0.6.0 in /home/saperx/.local/lib/python3.10/site-packages (from pydantic==2.9.2->-r /home/saperx/Documentos/detraf_conferencia_v2/src/api/requirements.txt (line 5)) (0.7.0)
Requirement already satisfied: pydantic-core==2.23.4 in /home/saperx/.local/lib/python3.10/site-packages (from pydantic==2.9.2->-r /home/saperx/Documentos/detraf_conferencia_v2/src/api/requirements.txt (line 5)) (2.23.4)
Requirement already satisfied: click>=7.0 in /home/saperx/.local/lib/python3.10/site-packages (from uvicorn==0.32.0->uvicorn[standard]==0.32.0->-r /home/saperx/Documentos/detraf_conferencia_v2/src/api/requirements.txt (line 2)) (8.1.7)
Requirement already satisfied: h11>=0.8 in /home/saperx/.local/lib/python3.10/site-packages (from uvicorn==0.32.0->uvicorn[standard]==0.32.0->-r /home/saperx/Documentos/detraf_conferencia_v2/src/api/requirements.txt (line 2)) (0.16.0)
Requirement already satisfied: httptools>=0.5.0 in /home/saperx/.local/lib/python3.10/site-packages (from uvicorn[standard]==0.32.0->-r /home/saperx/Documentos/detraf_conferencia_v2/src/api/requirements.txt (line 2)) (0.7.1)
Requirement already satisfied: pyyaml>=5.1 in /usr/local/lib/python3.10/dist-packages (from uvicorn[standard]==0.32.0->-r /home/saperx/Documentos/detraf_conferencia_v2/src/api/requirements.txt (line 2)) (6.0.2)
Requirement already satisfied: uvloop!=0.15.0,!=0.15.1,>=0.14.0 in /home/saperx/.local/lib/python3.10/site-packages (from uvicorn[standard]==0.32.0->-r /home/saperx/Documentos/detraf_conferencia_v2/src/api/requirements.txt (line 2)) (0.22.1)
Requirement already satisfied: watchfiles>=0.13 in /home/saperx/.local/lib/python3.10/site-packages (from uvicorn[standard]==0.32.0->-r /home/saperx/Documentos/detraf_conferencia_v2/src/api/requirements.txt (line 2)) (1.1.1)
Requirement already satisfied: websockets>=10.4 in /home/saperx/.local/lib/python3.10/site-packages (from uvicorn[standard]==0.32.0->-r /home/saperx/Documentos/detraf_conferencia_v2/src/api/requirements.txt (line 2)) (15.0.1)
Requirement already satisfied: anyio<5,>=3.4.0 in /home/saperx/.local/lib/python3.10/site-packages (from starlette<0.42.0,>=0.40.0->fastapi==0.115.4->-r /home/saperx/Documentos/detraf_conferencia_v2/src/api/requirements.txt (line 1)) (4.11.0)
Requirement already satisfied: exceptiongroup>=1.0.2 in /home/saperx/.local/lib/python3.10/site-packages (from anyio<5,>=3.4.0->starlette<0.42.0,>=0.40.0->fastapi==0.115.4->-r /home/saperx/Documentos/detraf_conferencia_v2/src/api/requirements.txt (line 1)) (1.3.0)
Requirement already satisfied: idna>=2.8 in /usr/lib/python3/dist-packages (from anyio<5,>=3.4.0->starlette<0.42.0,>=0.40.0->fastapi==0.115.4->-r /home/saperx/Documentos/detraf_conferencia_v2/src/api/requirements.txt (line 1)) (3.3)
Requirement already satisfied: sniffio>=1.1 in /home/saperx/.local/lib/python3.10/site-packages (from anyio<5,>=3.4.0->starlette<0.42.0,>=0.40.0->fastapi==0.115.4->-r /home/saperx/Documentos/detraf_conferencia_v2/src/api/requirements.txt (line 1)) (1.3.1)

[notice] A new release of pip is available: 25.2 -> 25.3
[notice] To update, run: python3 -m pip install --upgrade pip

=== Instalação de requisitos (pip) ===
Defaulting to user installation because normal site-packages is not writeable
Requirement already satisfied: fastapi==0.115.4 in /home/saperx/.local/lib/python3.10/site-packages (from -r /home/saperx/Documentos/detraf_conferencia_v2/src/api/requirements.txt (line 1)) (0.115.4)
Requirement already satisfied: uvicorn==0.32.0 in /home/saperx/.local/lib/python3.10/site-packages (from uvicorn[standard]==0.32.0->-r /home/saperx/Documentos/detraf_conferencia_v2/src/api/requirements.txt (line 2)) (0.32.0)
Requirement already satisfied: python-dotenv==1.0.1 in /home/saperx/.local/lib/python3.10/site-packages (from -r /home/saperx/Documentos/detraf_conferencia_v2/src/api/requirements.txt (line 3)) (1.0.1)
Requirement already satisfied: mysql-connector-python==9.0.0 in /home/saperx/.local/lib/python3.10/site-packages (from -r /home/saperx/Documentos/detraf_conferencia_v2/src/api/requirements.txt (line 4)) (9.0.0)
Requirement already satisfied: pydantic==2.9.2 in /home/saperx/.local/lib/python3.10/site-packages (from -r /home/saperx/Documentos/detraf_conferencia_v2/src/api/requirements.txt (line 5)) (2.9.2)
Requirement already satisfied: python-multipart==0.0.9 in /home/saperx/.local/lib/python3.10/site-packages (from -r /home/saperx/Documentos/detraf_conferencia_v2/src/api/requirements.txt (line 6)) (0.0.9)
Requirement already satisfied: starlette<0.42.0,>=0.40.0 in /home/saperx/.local/lib/python3.10/site-packages (from fastapi==0.115.4->-r /home/saperx/Documentos/detraf_conferencia_v2/src/api/requirements.txt (line 1)) (0.41.3)
Requirement already satisfied: typing-extensions>=4.8.0 in /home/saperx/.local/lib/python3.10/site-packages (from fastapi==0.115.4->-r /home/saperx/Documentos/detraf_conferencia_v2/src/api/requirements.txt (line 1)) (4.12.2)
Requirement already satisfied: annotated-types>=0.6.0 in /home/saperx/.local/lib/python3.10/site-packages (from pydantic==2.9.2->-r /home/saperx/Documentos/detraf_conferencia_v2/src/api/requirements.txt (line 5)) (0.7.0)
Requirement already satisfied: pydantic-core==2.23.4 in /home/saperx/.local/lib/python3.10/site-packages (from pydantic==2.9.2->-r /home/saperx/Documentos/detraf_conferencia_v2/src/api/requirements.txt (line 5)) (2.23.4)
Requirement already satisfied: click>=7.0 in /home/saperx/.local/lib/python3.10/site-packages (from uvicorn==0.32.0->uvicorn[standard]==0.32.0->-r /home/saperx/Documentos/detraf_conferencia_v2/src/api/requirements.txt (line 2)) (8.1.7)
Requirement already satisfied: h11>=0.8 in /home/saperx/.local/lib/python3.10/site-packages (from uvicorn==0.32.0->uvicorn[standard]==0.32.0->-r /home/saperx/Documentos/detraf_conferencia_v2/src/api/requirements.txt (line 2)) (0.16.0)
Requirement already satisfied: httptools>=0.5.0 in /home/saperx/.local/lib/python3.10/site-packages (from uvicorn[standard]==0.32.0->-r /home/saperx/Documentos/detraf_conferencia_v2/src/api/requirements.txt (line 2)) (0.7.1)
Requirement already satisfied: pyyaml>=5.1 in /usr/local/lib/python3.10/dist-packages (from uvicorn[standard]==0.32.0->-r /home/saperx/Documentos/detraf_conferencia_v2/src/api/requirements.txt (line 2)) (6.0.2)
Requirement already satisfied: uvloop!=0.15.0,!=0.15.1,>=0.14.0 in /home/saperx/.local/lib/python3.10/site-packages (from uvicorn[standard]==0.32.0->-r /home/saperx/Documentos/detraf_conferencia_v2/src/api/requirements.txt (line 2)) (0.22.1)
Requirement already satisfied: watchfiles>=0.13 in /home/saperx/.local/lib/python3.10/site-packages (from uvicorn[standard]==0.32.0->-r /home/saperx/Documentos/detraf_conferencia_v2/src/api/requirements.txt (line 2)) (1.1.1)
Requirement already satisfied: websockets>=10.4 in /home/saperx/.local/lib/python3.10/site-packages (from uvicorn[standard]==0.32.0->-r /home/saperx/Documentos/detraf_conferencia_v2/src/api/requirements.txt (line 2)) (15.0.1)
Requirement already satisfied: anyio<5,>=3.4.0 in /home/saperx/.local/lib/python3.10/site-packages (from starlette<0.42.0,>=0.40.0->fastapi==0.115.4->-r /home/saperx/Documentos/detraf_conferencia_v2/src/api/requirements.txt (line 1)) (4.11.0)
Requirement already satisfied: exceptiongroup>=1.0.2 in /home/saperx/.local/lib/python3.10/site-packages (from anyio<5,>=3.4.0->starlette<0.42.0,>=0.40.0->fastapi==0.115.4->-r /home/saperx/Documentos/detraf_conferencia_v2/src/api/requirements.txt (line 1)) (1.3.0)
Requirement already satisfied: idna>=2.8 in /usr/lib/python3/dist-packages (from anyio<5,>=3.4.0->starlette<0.42.0,>=0.40.0->fastapi==0.115.4->-r /home/saperx/Documentos/detraf_conferencia_v2/src/api/requirements.txt (line 1)) (3.3)
Requirement already satisfied: sniffio>=1.1 in /home/saperx/.local/lib/python3.10/site-packages (from anyio<5,>=3.4.0->starlette<0.42.0,>=0.40.0->fastapi==0.115.4->-r /home/saperx/Documentos/detraf_conferencia_v2/src/api/requirements.txt (line 1)) (1.3.1)

[notice] A new release of pip is available: 25.2 -> 25.3
[notice] To update, run: python3 -m pip install --upgrade pip

=== Instalação de requisitos (pip) ===
Defaulting to user installation because normal site-packages is not writeable
Requirement already satisfied: fastapi==0.115.4 in /home/saperx/.local/lib/python3.10/site-packages (from -r /home/saperx/Documentos/detraf_conferencia_v2/src/api/requirements.txt (line 1)) (0.115.4)
Requirement already satisfied: uvicorn==0.32.0 in /home/saperx/.local/lib/python3.10/site-packages (from uvicorn[standard]==0.32.0->-r /home/saperx/Documentos/detraf_conferencia_v2/src/api/requirements.txt (line 2)) (0.32.0)
Requirement already satisfied: python-dotenv==1.0.1 in /home/saperx/.local/lib/python3.10/site-packages (from -r /home/saperx/Documentos/detraf_conferencia_v2/src/api/requirements.txt (line 3)) (1.0.1)
Requirement already satisfied: mysql-connector-python==9.0.0 in /home/saperx/.local/lib/python3.10/site-packages (from -r /home/saperx/Documentos/detraf_conferencia_v2/src/api/requirements.txt (line 4)) (9.0.0)
Requirement already satisfied: pydantic==2.9.2 in /home/saperx/.local/lib/python3.10/site-packages (from -r /home/saperx/Documentos/detraf_conferencia_v2/src/api/requirements.txt (line 5)) (2.9.2)
Requirement already satisfied: python-multipart==0.0.9 in /home/saperx/.local/lib/python3.10/site-packages (from -r /home/saperx/Documentos/detraf_conferencia_v2/src/api/requirements.txt (line 6)) (0.0.9)
Requirement already satisfied: starlette<0.42.0,>=0.40.0 in /home/saperx/.local/lib/python3.10/site-packages (from fastapi==0.115.4->-r /home/saperx/Documentos/detraf_conferencia_v2/src/api/requirements.txt (line 1)) (0.41.3)
Requirement already satisfied: typing-extensions>=4.8.0 in /home/saperx/.local/lib/python3.10/site-packages (from fastapi==0.115.4->-r /home/saperx/Documentos/detraf_conferencia_v2/src/api/requirements.txt (line 1)) (4.12.2)
Requirement already satisfied: annotated-types>=0.6.0 in /home/saperx/.local/lib/python3.10/site-packages (from pydantic==2.9.2->-r /home/saperx/Documentos/detraf_conferencia_v2/src/api/requirements.txt (line 5)) (0.7.0)
Requirement already satisfied: pydantic-core==2.23.4 in /home/saperx/.local/lib/python3.10/site-packages (from pydantic==2.9.2->-r /home/saperx/Documentos/detraf_conferencia_v2/src/api/requirements.txt (line 5)) (2.23.4)
Requirement already satisfied: click>=7.0 in /home/saperx/.local/lib/python3.10/site-packages (from uvicorn==0.32.0->uvicorn[standard]==0.32.0->-r /home/saperx/Documentos/detraf_conferencia_v2/src/api/requirements.txt (line 2)) (8.1.7)
Requirement already satisfied: h11>=0.8 in /home/saperx/.local/lib/python3.10/site-packages (from uvicorn==0.32.0->uvicorn[standard]==0.32.0->-r /home/saperx/Documentos/detraf_conferencia_v2/src/api/requirements.txt (line 2)) (0.16.0)
Requirement already satisfied: httptools>=0.5.0 in /home/saperx/.local/lib/python3.10/site-packages (from uvicorn[standard]==0.32.0->-r /home/saperx/Documentos/detraf_conferencia_v2/src/api/requirements.txt (line 2)) (0.7.1)
Requirement already satisfied: pyyaml>=5.1 in /usr/local/lib/python3.10/dist-packages (from uvicorn[standard]==0.32.0->-r /home/saperx/Documentos/detraf_conferencia_v2/src/api/requirements.txt (line 2)) (6.0.2)
Requirement already satisfied: uvloop!=0.15.0,!=0.15.1,>=0.14.0 in /home/saperx/.local/lib/python3.10/site-packages (from uvicorn[standard]==0.32.0->-r /home/saperx/Documentos/detraf_conferencia_v2/src/api/requirements.txt (line 2)) (0.22.1)
Requirement already satisfied: watchfiles>=0.13 in /home/saperx/.local/lib/python3.10/site-packages (from uvicorn[standard]==0.32.0->-r /home/saperx/Documentos/detraf_conferencia_v2/src/api/requirements.txt (line 2)) (1.1.1)
Requirement already satisfied: websockets>=10.4 in /home/saperx/.local/lib/python3.10/site-packages (from uvicorn[standard]==0.32.0->-r /home/saperx/Documentos/detraf_conferencia_v2/src/api/requirements.txt (line 2)) (15.0.1)
Requirement already satisfied: anyio<5,>=3.4.0 in /home/saperx/.local/lib/python3.10/site-packages (from starlette<0.42.0,>=0.40.0->fastapi==0.115.4->-r /home/saperx/Documentos/detraf_conferencia_v2/src/api/requirements.txt (line 1)) (4.11.0)
Requirement already satisfied: exceptiongroup>=1.0.2 in /home/saperx/.local/lib/python3.10/site-packages (from anyio<5,>=3.4.0->starlette<0.42.0,>=0.40.0->fastapi==0.115.4->-r /home/saperx/Documentos/detraf_conferencia_v2/src/api/requirements.txt (line 1)) (1.3.0)
Requirement already satisfied: idna>=2.8 in /usr/lib/python3/dist-packages (from anyio<5,>=3.4.0->starlette<0.42.0,>=0.40.0->fastapi==0.115.4->-r /home/saperx/Documentos/detraf_conferencia_v2/src/api/requirements.txt (line 1)) (3.3)
Requirement already satisfied: sniffio>=1.1 in /home/saperx/.local/lib/python3.10/site-packages (from anyio<5,>=3.4.0->starlette<0.42.0,>=0.40.0->fastapi==0.115.4->-r /home/saperx/Documentos/detraf_conferencia_v2/src/api/requirements.txt (line 1)) (1.3.1)

[notice] A new release of pip is available: 25.2 -> 25.3
[notice] To update, run: python3 -m pip install --upgrade pip

=== Instalação de requisitos (pip) ===
Defaulting to user installation because normal site-packages is not writeable
Requirement already satisfied: fastapi==0.115.4 in /home/saperx/.local/lib/python3.10/site-packages (from -r /home/saperx/Documentos/detraf_conferencia_v2/src/api/requirements.txt (line 1)) (0.115.4)
Requirement already satisfied: uvicorn==0.32.0 in /home/saperx/.local/lib/python3.10/site-packages (from uvicorn[standard]==0.32.0->-r /home/saperx/Documentos/detraf_conferencia_v2/src/api/requirements.txt (line 2)) (0.32.0)
Requirement already satisfied: python-dotenv==1.0.1 in /home/saperx/.local/lib/python3.10/site-packages (from -r /home/saperx/Documentos/detraf_conferencia_v2/src/api/requirements.txt (line 3)) (1.0.1)
Requirement already satisfied: mysql-connector-python==9.0.0 in /home/saperx/.local/lib/python3.10/site-packages (from -r /home/saperx/Documentos/detraf_conferencia_v2/src/api/requirements.txt (line 4)) (9.0.0)
Requirement already satisfied: pydantic==2.9.2 in /home/saperx/.local/lib/python3.10/site-packages (from -r /home/saperx/Documentos/detraf_conferencia_v2/src/api/requirements.txt (line 5)) (2.9.2)
Requirement already satisfied: python-multipart==0.0.9 in /home/saperx/.local/lib/python3.10/site-packages (from -r /home/saperx/Documentos/detraf_conferencia_v2/src/api/requirements.txt (line 6)) (0.0.9)
Requirement already satisfied: starlette<0.42.0,>=0.40.0 in /home/saperx/.local/lib/python3.10/site-packages (from fastapi==0.115.4->-r /home/saperx/Documentos/detraf_conferencia_v2/src/api/requirements.txt (line 1)) (0.41.3)
Requirement already satisfied: typing-extensions>=4.8.0 in /home/saperx/.local/lib/python3.10/site-packages (from fastapi==0.115.4->-r /home/saperx/Documentos/detraf_conferencia_v2/src/api/requirements.txt (line 1)) (4.12.2)
Requirement already satisfied: annotated-types>=0.6.0 in /home/saperx/.local/lib/python3.10/site-packages (from pydantic==2.9.2->-r /home/saperx/Documentos/detraf_conferencia_v2/src/api/requirements.txt (line 5)) (0.7.0)
Requirement already satisfied: pydantic-core==2.23.4 in /home/saperx/.local/lib/python3.10/site-packages (from pydantic==2.9.2->-r /home/saperx/Documentos/detraf_conferencia_v2/src/api/requirements.txt (line 5)) (2.23.4)
Requirement already satisfied: click>=7.0 in /home/saperx/.local/lib/python3.10/site-packages (from uvicorn==0.32.0->uvicorn[standard]==0.32.0->-r /home/saperx/Documentos/detraf_conferencia_v2/src/api/requirements.txt (line 2)) (8.1.7)
Requirement already satisfied: h11>=0.8 in /home/saperx/.local/lib/python3.10/site-packages (from uvicorn==0.32.0->uvicorn[standard]==0.32.0->-r /home/saperx/Documentos/detraf_conferencia_v2/src/api/requirements.txt (line 2)) (0.16.0)
Requirement already satisfied: httptools>=0.5.0 in /home/saperx/.local/lib/python3.10/site-packages (from uvicorn[standard]==0.32.0->-r /home/saperx/Documentos/detraf_conferencia_v2/src/api/requirements.txt (line 2)) (0.7.1)
Requirement already satisfied: pyyaml>=5.1 in /usr/local/lib/python3.10/dist-packages (from uvicorn[standard]==0.32.0->-r /home/saperx/Documentos/detraf_conferencia_v2/src/api/requirements.txt (line 2)) (6.0.2)
Requirement already satisfied: uvloop!=0.15.0,!=0.15.1,>=0.14.0 in /home/saperx/.local/lib/python3.10/site-packages (from uvicorn[standard]==0.32.0->-r /home/saperx/Documentos/detraf_conferencia_v2/src/api/requirements.txt (line 2)) (0.22.1)
Requirement already satisfied: watchfiles>=0.13 in /home/saperx/.local/lib/python3.10/site-packages (from uvicorn[standard]==0.32.0->-r /home/saperx/Documentos/detraf_conferencia_v2/src/api/requirements.txt (line 2)) (1.1.1)
Requirement already satisfied: websockets>=10.4 in /home/saperx/.local/lib/python3.10/site-packages (from uvicorn[standard]==0.32.0->-r /home/saperx/Documentos/detraf_conferencia_v2/src/api/requirements.txt (line 2)) (15.0.1)
Requirement already satisfied: anyio<5,>=3.4.0 in /home/saperx/.local/lib/python3.10/site-packages (from starlette<0.42.0,>=0.40.0->fastapi==0.115.4->-r /home/saperx/Documentos/detraf_conferencia_v2/src/api/requirements.txt (line 1)) (4.11.0)
Requirement already satisfied: exceptiongroup>=1.0.2 in /home/saperx/.local/lib/python3.10/site-packages (from anyio<5,>=3.4.0->starlette<0.42.0,>=0.40.0->fastapi==0.115.4->-r /home/saperx/Documentos/detraf_conferencia_v2/src/api/requirements.txt (line 1)) (1.3.0)
Requirement already satisfied: idna>=2.8 in /usr/lib/python3/dist-packages (from anyio<5,>=3.4.0->starlette<0.42.0,>=0.40.0->fastapi==0.115.4->-r /home/saperx/Documentos/detraf_conferencia_v2/src/api/requirements.txt (line 1)) (3.3)
Requirement already satisfied: sniffio>=1.1 in /home/saperx/.local/lib/python3.10/site-packages (from anyio<5,>=3.4.0->starlette<0.42.0,>=0.40.0->fastapi==0.115.4->-r /home/saperx/Documentos/detraf_conferencia_v2/src/api/requirements.txt (line 1)) (1.3.1)

[notice] A new release of pip is available: 25.2 -> 25.3
[notice] To update, run: python3 -m pip install --upgrade pip

=== Instalação de requisitos (pip) ===
Defaulting to user installation because normal site-packages is not writeable
Requirement already satisfied: fastapi==0.115.4 in /home/saperx/.local/lib/python3.10/site-packages (from -r /home/saperx/Documentos/detraf_conferencia_v2/src/api/requirements.txt (line 1)) (0.115.4)
Requirement already satisfied: uvicorn==0.32.0 in /home/saperx/.local/lib/python3.10/site-packages (from uvicorn[standard]==0.32.0->-r /home/saperx/Documentos/detraf_conferencia_v2/src/api/requirements.txt (line 2)) (0.32.0)
Requirement already satisfied: python-dotenv==1.0.1 in /home/saperx/.local/lib/python3.10/site-packages (from -r /home/saperx/Documentos/detraf_conferencia_v2/src/api/requirements.txt (line 3)) (1.0.1)
Requirement already satisfied: mysql-connector-python==9.0.0 in /home/saperx/.local/lib/python3.10/site-packages (from -r /home/saperx/Documentos/detraf_conferencia_v2/src/api/requirements.txt (line 4)) (9.0.0)
Requirement already satisfied: pydantic==2.9.2 in /home/saperx/.local/lib/python3.10/site-packages (from -r /home/saperx/Documentos/detraf_conferencia_v2/src/api/requirements.txt (line 5)) (2.9.2)
Requirement already satisfied: python-multipart==0.0.9 in /home/saperx/.local/lib/python3.10/site-packages (from -r /home/saperx/Documentos/detraf_conferencia_v2/src/api/requirements.txt (line 6)) (0.0.9)
Requirement already satisfied: starlette<0.42.0,>=0.40.0 in /home/saperx/.local/lib/python3.10/site-packages (from fastapi==0.115.4->-r /home/saperx/Documentos/detraf_conferencia_v2/src/api/requirements.txt (line 1)) (0.41.3)
Requirement already satisfied: typing-extensions>=4.8.0 in /home/saperx/.local/lib/python3.10/site-packages (from fastapi==0.115.4->-r /home/saperx/Documentos/detraf_conferencia_v2/src/api/requirements.txt (line 1)) (4.12.2)
Requirement already satisfied: annotated-types>=0.6.0 in /home/saperx/.local/lib/python3.10/site-packages (from pydantic==2.9.2->-r /home/saperx/Documentos/detraf_conferencia_v2/src/api/requirements.txt (line 5)) (0.7.0)
Requirement already satisfied: pydantic-core==2.23.4 in /home/saperx/.local/lib/python3.10/site-packages (from pydantic==2.9.2->-r /home/saperx/Documentos/detraf_conferencia_v2/src/api/requirements.txt (line 5)) (2.23.4)
Requirement already satisfied: click>=7.0 in /home/saperx/.local/lib/python3.10/site-packages (from uvicorn==0.32.0->uvicorn[standard]==0.32.0->-r /home/saperx/Documentos/detraf_conferencia_v2/src/api/requirements.txt (line 2)) (8.1.7)
Requirement already satisfied: h11>=0.8 in /home/saperx/.local/lib/python3.10/site-packages (from uvicorn==0.32.0->uvicorn[standard]==0.32.0->-r /home/saperx/Documentos/detraf_conferencia_v2/src/api/requirements.txt (line 2)) (0.16.0)
Requirement already satisfied: httptools>=0.5.0 in /home/saperx/.local/lib/python3.10/site-packages (from uvicorn[standard]==0.32.0->-r /home/saperx/Documentos/detraf_conferencia_v2/src/api/requirements.txt (line 2)) (0.7.1)
Requirement already satisfied: pyyaml>=5.1 in /usr/local/lib/python3.10/dist-packages (from uvicorn[standard]==0.32.0->-r /home/saperx/Documentos/detraf_conferencia_v2/src/api/requirements.txt (line 2)) (6.0.2)
Requirement already satisfied: uvloop!=0.15.0,!=0.15.1,>=0.14.0 in /home/saperx/.local/lib/python3.10/site-packages (from uvicorn[standard]==0.32.0->-r /home/saperx/Documentos/detraf_conferencia_v2/src/api/requirements.txt (line 2)) (0.22.1)
Requirement already satisfied: watchfiles>=0.13 in /home/saperx/.local/lib/python3.10/site-packages (from uvicorn[standard]==0.32.0->-r /home/saperx/Documentos/detraf_conferencia_v2/src/api/requirements.txt (line 2)) (1.1.1)
Requirement already satisfied: websockets>=10.4 in /home/saperx/.local/lib/python3.10/site-packages (from uvicorn[standard]==0.32.0->-r /home/saperx/Documentos/detraf_conferencia_v2/src/api/requirements.txt (line 2)) (15.0.1)
Requirement already satisfied: anyio<5,>=3.4.0 in /home/saperx/.local/lib/python3.10/site-packages (from starlette<0.42.0,>=0.40.0->fastapi==0.115.4->-r /home/saperx/Documentos/detraf_conferencia_v2/src/api/requirements.txt (line 1)) (4.11.0)
Requirement already satisfied: exceptiongroup>=1.0.2 in /home/saperx/.local/lib/python3.10/site-packages (from anyio<5,>=3.4.0->starlette<0.42.0,>=0.40.0->fastapi==0.115.4->-r /home/saperx/Documentos/detraf_conferencia_v2/src/api/requirements.txt (line 1)) (1.3.0)
Requirement already satisfied: idna>=2.8 in /usr/lib/python3/dist-packages (from anyio<5,>=3.4.0->starlette<0.42.0,>=0.40.0->fastapi==0.115.4->-r /home/saperx/Documentos/detraf_conferencia_v2/src/api/requirements.txt (line 1)) (3.3)
Requirement already satisfied: sniffio>=1.1 in /home/saperx/.local/lib/python3.10/site-packages (from anyio<5,>=3.4.0->starlette<0.42.0,>=0.40.0->fastapi==0.115.4->-r /home/saperx/Documentos/detraf_conferencia_v2/src/api/requirements.txt (line 1)) (1.3.1)

[notice] A new release of pip is available: 25.2 -> 25.3
[notice] To update, run: python3 -m pip install --upgrade pip

=== Instalação de requisitos (pip) ===
Defaulting to user installation because normal site-packages is not writeable
Requirement already satisfied: fastapi==0.115.4 in /home/saperx/.local/lib/python3.10/site-packages (from -r /home/saperx/Documentos/detraf_conferencia_v2/src/api/requirements.txt (line 1)) (0.115.4)
Requirement already satisfied: uvicorn==0.32.0 in /home/saperx/.local/lib/python3.10/site-packages (from uvicorn[standard]==0.32.0->-r /home/saperx/Documentos/detraf_conferencia_v2/src/api/requirements.txt (line 2)) (0.32.0)
Requirement already satisfied: python-dotenv==1.0.1 in /home/saperx/.local/lib/python3.10/site-packages (from -r /home/saperx/Documentos/detraf_conferencia_v2/src/api/requirements.txt (line 3)) (1.0.1)
Requirement already satisfied: mysql-connector-python==9.0.0 in /home/saperx/.local/lib/python3.10/site-packages (from -r /home/saperx/Documentos/detraf_conferencia_v2/src/api/requirements.txt (line 4)) (9.0.0)
Requirement already satisfied: pydantic==2.9.2 in /home/saperx/.local/lib/python3.10/site-packages (from -r /home/saperx/Documentos/detraf_conferencia_v2/src/api/requirements.txt (line 5)) (2.9.2)
Requirement already satisfied: python-multipart==0.0.9 in /home/saperx/.local/lib/python3.10/site-packages (from -r /home/saperx/Documentos/detraf_conferencia_v2/src/api/requirements.txt (line 6)) (0.0.9)
Requirement already satisfied: starlette<0.42.0,>=0.40.0 in /home/saperx/.local/lib/python3.10/site-packages (from fastapi==0.115.4->-r /home/saperx/Documentos/detraf_conferencia_v2/src/api/requirements.txt (line 1)) (0.41.3)
Requirement already satisfied: typing-extensions>=4.8.0 in /home/saperx/.local/lib/python3.10/site-packages (from fastapi==0.115.4->-r /home/saperx/Documentos/detraf_conferencia_v2/src/api/requirements.txt (line 1)) (4.12.2)
Requirement already satisfied: annotated-types>=0.6.0 in /home/saperx/.local/lib/python3.10/site-packages (from pydantic==2.9.2->-r /home/saperx/Documentos/detraf_conferencia_v2/src/api/requirements.txt (line 5)) (0.7.0)
Requirement already satisfied: pydantic-core==2.23.4 in /home/saperx/.local/lib/python3.10/site-packages (from pydantic==2.9.2->-r /home/saperx/Documentos/detraf_conferencia_v2/src/api/requirements.txt (line 5)) (2.23.4)
Requirement already satisfied: click>=7.0 in /home/saperx/.local/lib/python3.10/site-packages (from uvicorn==0.32.0->uvicorn[standard]==0.32.0->-r /home/saperx/Documentos/detraf_conferencia_v2/src/api/requirements.txt (line 2)) (8.1.7)
Requirement already satisfied: h11>=0.8 in /home/saperx/.local/lib/python3.10/site-packages (from uvicorn==0.32.0->uvicorn[standard]==0.32.0->-r /home/saperx/Documentos/detraf_conferencia_v2/src/api/requirements.txt (line 2)) (0.16.0)
Requirement already satisfied: httptools>=0.5.0 in /home/saperx/.local/lib/python3.10/site-packages (from uvicorn[standard]==0.32.0->-r /home/saperx/Documentos/detraf_conferencia_v2/src/api/requirements.txt (line 2)) (0.7.1)
Requirement already satisfied: pyyaml>=5.1 in /usr/local/lib/python3.10/dist-packages (from uvicorn[standard]==0.32.0->-r /home/saperx/Documentos/detraf_conferencia_v2/src/api/requirements.txt (line 2)) (6.0.2)
Requirement already satisfied: uvloop!=0.15.0,!=0.15.1,>=0.14.0 in /home/saperx/.local/lib/python3.10/site-packages (from uvicorn[standard]==0.32.0->-r /home/saperx/Documentos/detraf_conferencia_v2/src/api/requirements.txt (line 2)) (0.22.1)
Requirement already satisfied: watchfiles>=0.13 in /home/saperx/.local/lib/python3.10/site-packages (from uvicorn[standard]==0.32.0->-r /home/saperx/Documentos/detraf_conferencia_v2/src/api/requirements.txt (line 2)) (1.1.1)
Requirement already satisfied: websockets>=10.4 in /home/saperx/.local/lib/python3.10/site-packages (from uvicorn[standard]==0.32.0->-r /home/saperx/Documentos/detraf_conferencia_v2/src/api/requirements.txt (line 2)) (15.0.1)
Requirement already satisfied: anyio<5,>=3.4.0 in /home/saperx/.local/lib/python3.10/site-packages (from starlette<0.42.0,>=0.40.0->fastapi==0.115.4->-r /home/saperx/Documentos/detraf_conferencia_v2/src/api/requirements.txt (line 1)) (4.11.0)
Requirement already satisfied: exceptiongroup>=1.0.2 in /home/saperx/.local/lib/python3.10/site-packages (from anyio<5,>=3.4.0->starlette<0.42.0,>=0.40.0->fastapi==0.115.4->-r /home/saperx/Documentos/detraf_conferencia_v2/src/api/requirements.txt (line 1)) (1.3.0)
Requirement already satisfied: idna>=2.8 in /usr/lib/python3/dist-packages (from anyio<5,>=3.4.0->starlette<0.42.0,>=0.40.0->fastapi==0.115.4->-r /home/saperx/Documentos/detraf_conferencia_v2/src/api/requirements.txt (line 1)) (3.3)
Requirement already satisfied: sniffio>=1.1 in /home/saperx/.local/lib/python3.10/site-packages (from anyio<5,>=3.4.0->starlette<0.42.0,>=0.40.0->fastapi==0.115.4->-r /home/saperx/Documentos/detraf_conferencia_v2/src/api/requirements.txt (line 1)) (1.3.1)

[notice] A new release of pip is available: 25.2 -> 25.3
[notice] To update, run: python3 -m pip install --upgrade pip

=== Instalação de requisitos (pip) ===
Defaulting to user installation because normal site-packages is not writeable
Requirement already satisfied: fastapi==0.115.4 in /home/saperx/.local/lib/python3.10/site-packages (from -r /home/saperx/Documentos/detraf_conferencia_v2/src/api/requirements.txt (line 1)) (0.115.4)
Requirement already satisfied: uvicorn==0.32.0 in /home/saperx/.local/lib/python3.10/site-packages (from uvicorn[standard]==0.32.0->-r /home/saperx/Documentos/detraf_conferencia_v2/src/api/requirements.txt (line 2)) (0.32.0)
Requirement already satisfied: python-dotenv==1.0.1 in /home/saperx/.local/lib/python3.10/site-packages (from -r /home/saperx/Documentos/detraf_conferencia_v2/src/api/requirements.txt (line 3)) (1.0.1)
Requirement already satisfied: mysql-connector-python==9.0.0 in /home/saperx/.local/lib/python3.10/site-packages (from -r /home/saperx/Documentos/detraf_conferencia_v2/src/api/requirements.txt (line 4)) (9.0.0)
Requirement already satisfied: pydantic==2.9.2 in /home/saperx/.local/lib/python3.10/site-packages (from -r /home/saperx/Documentos/detraf_conferencia_v2/src/api/requirements.txt (line 5)) (2.9.2)
Requirement already satisfied: python-multipart==0.0.9 in /home/saperx/.local/lib/python3.10/site-packages (from -r /home/saperx/Documentos/detraf_conferencia_v2/src/api/requirements.txt (line 6)) (0.0.9)
Requirement already satisfied: starlette<0.42.0,>=0.40.0 in /home/saperx/.local/lib/python3.10/site-packages (from fastapi==0.115.4->-r /home/saperx/Documentos/detraf_conferencia_v2/src/api/requirements.txt (line 1)) (0.41.3)
Requirement already satisfied: typing-extensions>=4.8.0 in /home/saperx/.local/lib/python3.10/site-packages (from fastapi==0.115.4->-r /home/saperx/Documentos/detraf_conferencia_v2/src/api/requirements.txt (line 1)) (4.12.2)
Requirement already satisfied: annotated-types>=0.6.0 in /home/saperx/.local/lib/python3.10/site-packages (from pydantic==2.9.2->-r /home/saperx/Documentos/detraf_conferencia_v2/src/api/requirements.txt (line 5)) (0.7.0)
Requirement already satisfied: pydantic-core==2.23.4 in /home/saperx/.local/lib/python3.10/site-packages (from pydantic==2.9.2->-r /home/saperx/Documentos/detraf_conferencia_v2/src/api/requirements.txt (line 5)) (2.23.4)
Requirement already satisfied: click>=7.0 in /home/saperx/.local/lib/python3.10/site-packages (from uvicorn==0.32.0->uvicorn[standard]==0.32.0->-r /home/saperx/Documentos/detraf_conferencia_v2/src/api/requirements.txt (line 2)) (8.1.7)
Requirement already satisfied: h11>=0.8 in /home/saperx/.local/lib/python3.10/site-packages (from uvicorn==0.32.0->uvicorn[standard]==0.32.0->-r /home/saperx/Documentos/detraf_conferencia_v2/src/api/requirements.txt (line 2)) (0.16.0)
Requirement already satisfied: httptools>=0.5.0 in /home/saperx/.local/lib/python3.10/site-packages (from uvicorn[standard]==0.32.0->-r /home/saperx/Documentos/detraf_conferencia_v2/src/api/requirements.txt (line 2)) (0.7.1)
Requirement already satisfied: pyyaml>=5.1 in /usr/local/lib/python3.10/dist-packages (from uvicorn[standard]==0.32.0->-r /home/saperx/Documentos/detraf_conferencia_v2/src/api/requirements.txt (line 2)) (6.0.2)
Requirement already satisfied: uvloop!=0.15.0,!=0.15.1,>=0.14.0 in /home/saperx/.local/lib/python3.10/site-packages (from uvicorn[standard]==0.32.0->-r /home/saperx/Documentos/detraf_conferencia_v2/src/api/requirements.txt (line 2)) (0.22.1)
Requirement already satisfied: watchfiles>=0.13 in /home/saperx/.local/lib/python3.10/site-packages (from uvicorn[standard]==0.32.0->-r /home/saperx/Documentos/detraf_conferencia_v2/src/api/requirements.txt (line 2)) (1.1.1)
Requirement already satisfied: websockets>=10.4 in /home/saperx/.local/lib/python3.10/site-packages (from uvicorn[standard]==0.32.0->-r /home/saperx/Documentos/detraf_conferencia_v2/src/api/requirements.txt (line 2)) (15.0.1)
Requirement already satisfied: anyio<5,>=3.4.0 in /home/saperx/.local/lib/python3.10/site-packages (from starlette<0.42.0,>=0.40.0->fastapi==0.115.4->-r /home/saperx/Documentos/detraf_conferencia_v2/src/api/requirements.txt (line 1)) (4.11.0)
Requirement already satisfied: exceptiongroup>=1.0.2 in /home/saperx/.local/lib/python3.10/site-packages (from anyio<5,>=3.4.0->starlette<0.42.0,>=0.40.0->fastapi==0.115.4->-r /home/saperx/Documentos/detraf_conferencia_v2/src/api/requirements.txt (line 1)) (1.3.0)
Requirement already satisfied: idna>=2.8 in /usr/lib/python3/dist-packages (from anyio<5,>=3.4.0->starlette<0.42.0,>=0.40.0->fastapi==0.115.4->-r /home/saperx/Documentos/detraf_conferencia_v2/src/api/requirements.txt (line 1)) (3.3)
Requirement already satisfied: sniffio>=1.1 in /home/saperx/.local/lib/python3.10/site-packages (from anyio<5,>=3.4.0->starlette<0.42.0,>=0.40.0->fastapi==0.115.4->-r /home/saperx/Documentos/detraf_conferencia_v2/src/api/requirements.txt (line 1)) (1.3.1)

[notice] A new release of pip is available: 25.2 -> 25.3
[notice] To update, run: python3 -m pip install --upgrade pip

=== Instalação de requisitos (pip) ===
Defaulting to user installation because normal site-packages is not writeable
Requirement already satisfied: fastapi==0.115.4 in /home/saperx/.local/lib/python3.10/site-packages (from -r /home/saperx/Documentos/detraf_conferencia_v2/src/api/requirements.txt (line 1)) (0.115.4)
Requirement already satisfied: uvicorn==0.32.0 in /home/saperx/.local/lib/python3.10/site-packages (from uvicorn[standard]==0.32.0->-r /home/saperx/Documentos/detraf_conferencia_v2/src/api/requirements.txt (line 2)) (0.32.0)
Requirement already satisfied: python-dotenv==1.0.1 in /home/saperx/.local/lib/python3.10/site-packages (from -r /home/saperx/Documentos/detraf_conferencia_v2/src/api/requirements.txt (line 3)) (1.0.1)
Requirement already satisfied: mysql-connector-python==9.0.0 in /home/saperx/.local/lib/python3.10/site-packages (from -r /home/saperx/Documentos/detraf_conferencia_v2/src/api/requirements.txt (line 4)) (9.0.0)
Requirement already satisfied: pydantic==2.9.2 in /home/saperx/.local/lib/python3.10/site-packages (from -r /home/saperx/Documentos/detraf_conferencia_v2/src/api/requirements.txt (line 5)) (2.9.2)
Requirement already satisfied: python-multipart==0.0.9 in /home/saperx/.local/lib/python3.10/site-packages (from -r /home/saperx/Documentos/detraf_conferencia_v2/src/api/requirements.txt (line 6)) (0.0.9)
Requirement already satisfied: starlette<0.42.0,>=0.40.0 in /home/saperx/.local/lib/python3.10/site-packages (from fastapi==0.115.4->-r /home/saperx/Documentos/detraf_conferencia_v2/src/api/requirements.txt (line 1)) (0.41.3)
Requirement already satisfied: typing-extensions>=4.8.0 in /home/saperx/.local/lib/python3.10/site-packages (from fastapi==0.115.4->-r /home/saperx/Documentos/detraf_conferencia_v2/src/api/requirements.txt (line 1)) (4.12.2)
Requirement already satisfied: annotated-types>=0.6.0 in /home/saperx/.local/lib/python3.10/site-packages (from pydantic==2.9.2->-r /home/saperx/Documentos/detraf_conferencia_v2/src/api/requirements.txt (line 5)) (0.7.0)
Requirement already satisfied: pydantic-core==2.23.4 in /home/saperx/.local/lib/python3.10/site-packages (from pydantic==2.9.2->-r /home/saperx/Documentos/detraf_conferencia_v2/src/api/requirements.txt (line 5)) (2.23.4)
Requirement already satisfied: click>=7.0 in /home/saperx/.local/lib/python3.10/site-packages (from uvicorn==0.32.0->uvicorn[standard]==0.32.0->-r /home/saperx/Documentos/detraf_conferencia_v2/src/api/requirements.txt (line 2)) (8.1.7)
Requirement already satisfied: h11>=0.8 in /home/saperx/.local/lib/python3.10/site-packages (from uvicorn==0.32.0->uvicorn[standard]==0.32.0->-r /home/saperx/Documentos/detraf_conferencia_v2/src/api/requirements.txt (line 2)) (0.16.0)
Requirement already satisfied: httptools>=0.5.0 in /home/saperx/.local/lib/python3.10/site-packages (from uvicorn[standard]==0.32.0->-r /home/saperx/Documentos/detraf_conferencia_v2/src/api/requirements.txt (line 2)) (0.7.1)
Requirement already satisfied: pyyaml>=5.1 in /usr/local/lib/python3.10/dist-packages (from uvicorn[standard]==0.32.0->-r /home/saperx/Documentos/detraf_conferencia_v2/src/api/requirements.txt (line 2)) (6.0.2)
Requirement already satisfied: uvloop!=0.15.0,!=0.15.1,>=0.14.0 in /home/saperx/.local/lib/python3.10/site-packages (from uvicorn[standard]==0.32.0->-r /home/saperx/Documentos/detraf_conferencia_v2/src/api/requirements.txt (line 2)) (0.22.1)
Requirement already satisfied: watchfiles>=0.13 in /home/saperx/.local/lib/python3.10/site-packages (from uvicorn[standard]==0.32.0->-r /home/saperx/Documentos/detraf_conferencia_v2/src/api/requirements.txt (line 2)) (1.1.1)
Requirement already satisfied: websockets>=10.4 in /home/saperx/.local/lib/python3.10/site-packages (from uvicorn[standard]==0.32.0->-r /home/saperx/Documentos/detraf_conferencia_v2/src/api/requirements.txt (line 2)) (15.0.1)
Requirement already satisfied: anyio<5,>=3.4.0 in /home/saperx/.local/lib/python3.10/site-packages (from starlette<0.42.0,>=0.40.0->fastapi==0.115.4->-r /home/saperx/Documentos/detraf_conferencia_v2/src/api/requirements.txt (line 1)) (4.11.0)
Requirement already satisfied: exceptiongroup>=1.0.2 in /home/saperx/.local/lib/python3.10/site-packages (from anyio<5,>=3.4.0->starlette<0.42.0,>=0.40.0->fastapi==0.115.4->-r /home/saperx/Documentos/detraf_conferencia_v2/src/api/requirements.txt (line 1)) (1.3.0)
Requirement already satisfied: idna>=2.8 in /usr/lib/python3/dist-packages (from anyio<5,>=3.4.0->starlette<0.42.0,>=0.40.0->fastapi==0.115.4->-r /home/saperx/Documentos/detraf_conferencia_v2/src/api/requirements.txt (line 1)) (3.3)
Requirement already satisfied: sniffio>=1.1 in /home/saperx/.local/lib/python3.10/site-packages (from anyio<5,>=3.4.0->starlette<0.42.0,>=0.40.0->fastapi==0.115.4->-r /home/saperx/Documentos/detraf_conferencia_v2/src/api/requirements.txt (line 1)) (1.3.1)

[notice] A new release of pip is available: 25.2 -> 25.3
[notice] To update, run: python3 -m pip install --upgrade pip

=== Instalação de requisitos (pip) ===
Defaulting to user installation because normal site-packages is not writeable
Requirement already satisfied: fastapi==0.115.4 in /home/saperx/.local/lib/python3.10/site-packages (from -r /home/saperx/Documentos/detraf_conferencia_v2/src/api/requirements.txt (line 1)) (0.115.4)
Requirement already satisfied: uvicorn==0.32.0 in /home/saperx/.local/lib/python3.10/site-packages (from uvicorn[standard]==0.32.0->-r /home/saperx/Documentos/detraf_conferencia_v2/src/api/requirements.txt (line 2)) (0.32.0)
Requirement already satisfied: python-dotenv==1.0.1 in /home/saperx/.local/lib/python3.10/site-packages (from -r /home/saperx/Documentos/detraf_conferencia_v2/src/api/requirements.txt (line 3)) (1.0.1)
Requirement already satisfied: mysql-connector-python==9.0.0 in /home/saperx/.local/lib/python3.10/site-packages (from -r /home/saperx/Documentos/detraf_conferencia_v2/src/api/requirements.txt (line 4)) (9.0.0)
Requirement already satisfied: pydantic==2.9.2 in /home/saperx/.local/lib/python3.10/site-packages (from -r /home/saperx/Documentos/detraf_conferencia_v2/src/api/requirements.txt (line 5)) (2.9.2)
Requirement already satisfied: python-multipart==0.0.9 in /home/saperx/.local/lib/python3.10/site-packages (from -r /home/saperx/Documentos/detraf_conferencia_v2/src/api/requirements.txt (line 6)) (0.0.9)
Requirement already satisfied: starlette<0.42.0,>=0.40.0 in /home/saperx/.local/lib/python3.10/site-packages (from fastapi==0.115.4->-r /home/saperx/Documentos/detraf_conferencia_v2/src/api/requirements.txt (line 1)) (0.41.3)
Requirement already satisfied: typing-extensions>=4.8.0 in /home/saperx/.local/lib/python3.10/site-packages (from fastapi==0.115.4->-r /home/saperx/Documentos/detraf_conferencia_v2/src/api/requirements.txt (line 1)) (4.12.2)
Requirement already satisfied: annotated-types>=0.6.0 in /home/saperx/.local/lib/python3.10/site-packages (from pydantic==2.9.2->-r /home/saperx/Documentos/detraf_conferencia_v2/src/api/requirements.txt (line 5)) (0.7.0)
Requirement already satisfied: pydantic-core==2.23.4 in /home/saperx/.local/lib/python3.10/site-packages (from pydantic==2.9.2->-r /home/saperx/Documentos/detraf_conferencia_v2/src/api/requirements.txt (line 5)) (2.23.4)
Requirement already satisfied: click>=7.0 in /home/saperx/.local/lib/python3.10/site-packages (from uvicorn==0.32.0->uvicorn[standard]==0.32.0->-r /home/saperx/Documentos/detraf_conferencia_v2/src/api/requirements.txt (line 2)) (8.1.7)
Requirement already satisfied: h11>=0.8 in /home/saperx/.local/lib/python3.10/site-packages (from uvicorn==0.32.0->uvicorn[standard]==0.32.0->-r /home/saperx/Documentos/detraf_conferencia_v2/src/api/requirements.txt (line 2)) (0.16.0)
Requirement already satisfied: httptools>=0.5.0 in /home/saperx/.local/lib/python3.10/site-packages (from uvicorn[standard]==0.32.0->-r /home/saperx/Documentos/detraf_conferencia_v2/src/api/requirements.txt (line 2)) (0.7.1)
Requirement already satisfied: pyyaml>=5.1 in /usr/local/lib/python3.10/dist-packages (from uvicorn[standard]==0.32.0->-r /home/saperx/Documentos/detraf_conferencia_v2/src/api/requirements.txt (line 2)) (6.0.2)
Requirement already satisfied: uvloop!=0.15.0,!=0.15.1,>=0.14.0 in /home/saperx/.local/lib/python3.10/site-packages (from uvicorn[standard]==0.32.0->-r /home/saperx/Documentos/detraf_conferencia_v2/src/api/requirements.txt (line 2)) (0.22.1)
Requirement already satisfied: watchfiles>=0.13 in /home/saperx/.local/lib/python3.10/site-packages (from uvicorn[standard]==0.32.0->-r /home/saperx/Documentos/detraf_conferencia_v2/src/api/requirements.txt (line 2)) (1.1.1)
Requirement already satisfied: websockets>=10.4 in /home/saperx/.local/lib/python3.10/site-packages (from uvicorn[standard]==0.32.0->-r /home/saperx/Documentos/detraf_conferencia_v2/src/api/requirements.txt (line 2)) (15.0.1)
Requirement already satisfied: anyio<5,>=3.4.0 in /home/saperx/.local/lib/python3.10/site-packages (from starlette<0.42.0,>=0.40.0->fastapi==0.115.4->-r /home/saperx/Documentos/detraf_conferencia_v2/src/api/requirements.txt (line 1)) (4.11.0)
Requirement already satisfied: exceptiongroup>=1.0.2 in /home/saperx/.local/lib/python3.10/site-packages (from anyio<5,>=3.4.0->starlette<0.42.0,>=0.40.0->fastapi==0.115.4->-r /home/saperx/Documentos/detraf_conferencia_v2/src/api/requirements.txt (line 1)) (1.3.0)
Requirement already satisfied: idna>=2.8 in /usr/lib/python3/dist-packages (from anyio<5,>=3.4.0->starlette<0.42.0,>=0.40.0->fastapi==0.115.4->-r /home/saperx/Documentos/detraf_conferencia_v2/src/api/requirements.txt (line 1)) (3.3)
Requirement already satisfied: sniffio>=1.1 in /home/saperx/.local/lib/python3.10/site-packages (from anyio<5,>=3.4.0->starlette<0.42.0,>=0.40.0->fastapi==0.115.4->-r /home/saperx/Documentos/detraf_conferencia_v2/src/api/requirements.txt (line 1)) (1.3.1)

[notice] A new release of pip is available: 25.2 -> 25.3
[notice] To update, run: python3 -m pip install --upgrade pip

=== Instalação de requisitos (pip) ===
Defaulting to user installation because normal site-packages is not writeable
Requirement already satisfied: fastapi==0.115.4 in /home/saperx/.local/lib/python3.10/site-packages (from -r /home/saperx/Documentos/detraf_conferencia_v2/src/api/requirements.txt (line 1)) (0.115.4)
Requirement already satisfied: uvicorn==0.32.0 in /home/saperx/.local/lib/python3.10/site-packages (from uvicorn[standard]==0.32.0->-r /home/saperx/Documentos/detraf_conferencia_v2/src/api/requirements.txt (line 2)) (0.32.0)
Requirement already satisfied: python-dotenv==1.0.1 in /home/saperx/.local/lib/python3.10/site-packages (from -r /home/saperx/Documentos/detraf_conferencia_v2/src/api/requirements.txt (line 3)) (1.0.1)
Requirement already satisfied: mysql-connector-python==9.0.0 in /home/saperx/.local/lib/python3.10/site-packages (from -r /home/saperx/Documentos/detraf_conferencia_v2/src/api/requirements.txt (line 4)) (9.0.0)
Requirement already satisfied: pydantic==2.9.2 in /home/saperx/.local/lib/python3.10/site-packages (from -r /home/saperx/Documentos/detraf_conferencia_v2/src/api/requirements.txt (line 5)) (2.9.2)
Requirement already satisfied: python-multipart==0.0.9 in /home/saperx/.local/lib/python3.10/site-packages (from -r /home/saperx/Documentos/detraf_conferencia_v2/src/api/requirements.txt (line 6)) (0.0.9)
Requirement already satisfied: starlette<0.42.0,>=0.40.0 in /home/saperx/.local/lib/python3.10/site-packages (from fastapi==0.115.4->-r /home/saperx/Documentos/detraf_conferencia_v2/src/api/requirements.txt (line 1)) (0.41.3)
Requirement already satisfied: typing-extensions>=4.8.0 in /home/saperx/.local/lib/python3.10/site-packages (from fastapi==0.115.4->-r /home/saperx/Documentos/detraf_conferencia_v2/src/api/requirements.txt (line 1)) (4.12.2)
Requirement already satisfied: annotated-types>=0.6.0 in /home/saperx/.local/lib/python3.10/site-packages (from pydantic==2.9.2->-r /home/saperx/Documentos/detraf_conferencia_v2/src/api/requirements.txt (line 5)) (0.7.0)
Requirement already satisfied: pydantic-core==2.23.4 in /home/saperx/.local/lib/python3.10/site-packages (from pydantic==2.9.2->-r /home/saperx/Documentos/detraf_conferencia_v2/src/api/requirements.txt (line 5)) (2.23.4)
Requirement already satisfied: click>=7.0 in /home/saperx/.local/lib/python3.10/site-packages (from uvicorn==0.32.0->uvicorn[standard]==0.32.0->-r /home/saperx/Documentos/detraf_conferencia_v2/src/api/requirements.txt (line 2)) (8.1.7)
Requirement already satisfied: h11>=0.8 in /home/saperx/.local/lib/python3.10/site-packages (from uvicorn==0.32.0->uvicorn[standard]==0.32.0->-r /home/saperx/Documentos/detraf_conferencia_v2/src/api/requirements.txt (line 2)) (0.16.0)
Requirement already satisfied: httptools>=0.5.0 in /home/saperx/.local/lib/python3.10/site-packages (from uvicorn[standard]==0.32.0->-r /home/saperx/Documentos/detraf_conferencia_v2/src/api/requirements.txt (line 2)) (0.7.1)
Requirement already satisfied: pyyaml>=5.1 in /usr/local/lib/python3.10/dist-packages (from uvicorn[standard]==0.32.0->-r /home/saperx/Documentos/detraf_conferencia_v2/src/api/requirements.txt (line 2)) (6.0.2)
Requirement already satisfied: uvloop!=0.15.0,!=0.15.1,>=0.14.0 in /home/saperx/.local/lib/python3.10/site-packages (from uvicorn[standard]==0.32.0->-r /home/saperx/Documentos/detraf_conferencia_v2/src/api/requirements.txt (line 2)) (0.22.1)
Requirement already satisfied: watchfiles>=0.13 in /home/saperx/.local/lib/python3.10/site-packages (from uvicorn[standard]==0.32.0->-r /home/saperx/Documentos/detraf_conferencia_v2/src/api/requirements.txt (line 2)) (1.1.1)
Requirement already satisfied: websockets>=10.4 in /home/saperx/.local/lib/python3.10/site-packages (from uvicorn[standard]==0.32.0->-r /home/saperx/Documentos/detraf_conferencia_v2/src/api/requirements.txt (line 2)) (15.0.1)
Requirement already satisfied: anyio<5,>=3.4.0 in /home/saperx/.local/lib/python3.10/site-packages (from starlette<0.42.0,>=0.40.0->fastapi==0.115.4->-r /home/saperx/Documentos/detraf_conferencia_v2/src/api/requirements.txt (line 1)) (4.11.0)
Requirement already satisfied: exceptiongroup>=1.0.2 in /home/saperx/.local/lib/python3.10/site-packages (from anyio<5,>=3.4.0->starlette<0.42.0,>=0.40.0->fastapi==0.115.4->-r /home/saperx/Documentos/detraf_conferencia_v2/src/api/requirements.txt (line 1)) (1.3.0)
Requirement already satisfied: idna>=2.8 in /usr/lib/python3/dist-packages (from anyio<5,>=3.4.0->starlette<0.42.0,>=0.40.0->fastapi==0.115.4->-r /home/saperx/Documentos/detraf_conferencia_v2/src/api/requirements.txt (line 1)) (3.3)
Requirement already satisfied: sniffio>=1.1 in /home/saperx/.local/lib/python3.10/site-packages (from anyio<5,>=3.4.0->starlette<0.42.0,>=0.40.0->fastapi==0.115.4->-r /home/saperx/Documentos/detraf_conferencia_v2/src/api/requirements.txt (line 1)) (1.3.1)

[notice] A new release of pip is available: 25.2 -> 25.3
[notice] To update, run: python3 -m pip install --upgrade pip

=== Instalação de requisitos (pip) ===
Defaulting to user installation because normal site-packages is not writeable
Requirement already satisfied: fastapi==0.115.4 in /home/saperx/.local/lib/python3.10/site-packages (from -r /home/saperx/Documentos/detraf_conferencia_v2/src/api/requirements.txt (line 1)) (0.115.4)
Requirement already satisfied: uvicorn==0.32.0 in /home/saperx/.local/lib/python3.10/site-packages (from uvicorn[standard]==0.32.0->-r /home/saperx/Documentos/detraf_conferencia_v2/src/api/requirements.txt (line 2)) (0.32.0)
Requirement already satisfied: python-dotenv==1.0.1 in /home/saperx/.local/lib/python3.10/site-packages (from -r /home/saperx/Documentos/detraf_conferencia_v2/src/api/requirements.txt (line 3)) (1.0.1)
Requirement already satisfied: mysql-connector-python==9.0.0 in /home/saperx/.local/lib/python3.10/site-packages (from -r /home/saperx/Documentos/detraf_conferencia_v2/src/api/requirements.txt (line 4)) (9.0.0)
Requirement already satisfied: pydantic==2.9.2 in /home/saperx/.local/lib/python3.10/site-packages (from -r /home/saperx/Documentos/detraf_conferencia_v2/src/api/requirements.txt (line 5)) (2.9.2)
Requirement already satisfied: python-multipart==0.0.9 in /home/saperx/.local/lib/python3.10/site-packages (from -r /home/saperx/Documentos/detraf_conferencia_v2/src/api/requirements.txt (line 6)) (0.0.9)
Requirement already satisfied: starlette<0.42.0,>=0.40.0 in /home/saperx/.local/lib/python3.10/site-packages (from fastapi==0.115.4->-r /home/saperx/Documentos/detraf_conferencia_v2/src/api/requirements.txt (line 1)) (0.41.3)
Requirement already satisfied: typing-extensions>=4.8.0 in /home/saperx/.local/lib/python3.10/site-packages (from fastapi==0.115.4->-r /home/saperx/Documentos/detraf_conferencia_v2/src/api/requirements.txt (line 1)) (4.12.2)
Requirement already satisfied: annotated-types>=0.6.0 in /home/saperx/.local/lib/python3.10/site-packages (from pydantic==2.9.2->-r /home/saperx/Documentos/detraf_conferencia_v2/src/api/requirements.txt (line 5)) (0.7.0)
Requirement already satisfied: pydantic-core==2.23.4 in /home/saperx/.local/lib/python3.10/site-packages (from pydantic==2.9.2->-r /home/saperx/Documentos/detraf_conferencia_v2/src/api/requirements.txt (line 5)) (2.23.4)
Requirement already satisfied: click>=7.0 in /home/saperx/.local/lib/python3.10/site-packages (from uvicorn==0.32.0->uvicorn[standard]==0.32.0->-r /home/saperx/Documentos/detraf_conferencia_v2/src/api/requirements.txt (line 2)) (8.1.7)
Requirement already satisfied: h11>=0.8 in /home/saperx/.local/lib/python3.10/site-packages (from uvicorn==0.32.0->uvicorn[standard]==0.32.0->-r /home/saperx/Documentos/detraf_conferencia_v2/src/api/requirements.txt (line 2)) (0.16.0)
Requirement already satisfied: httptools>=0.5.0 in /home/saperx/.local/lib/python3.10/site-packages (from uvicorn[standard]==0.32.0->-r /home/saperx/Documentos/detraf_conferencia_v2/src/api/requirements.txt (line 2)) (0.7.1)
Requirement already satisfied: pyyaml>=5.1 in /usr/local/lib/python3.10/dist-packages (from uvicorn[standard]==0.32.0->-r /home/saperx/Documentos/detraf_conferencia_v2/src/api/requirements.txt (line 2)) (6.0.2)
Requirement already satisfied: uvloop!=0.15.0,!=0.15.1,>=0.14.0 in /home/saperx/.local/lib/python3.10/site-packages (from uvicorn[standard]==0.32.0->-r /home/saperx/Documentos/detraf_conferencia_v2/src/api/requirements.txt (line 2)) (0.22.1)
Requirement already satisfied: watchfiles>=0.13 in /home/saperx/.local/lib/python3.10/site-packages (from uvicorn[standard]==0.32.0->-r /home/saperx/Documentos/detraf_conferencia_v2/src/api/requirements.txt (line 2)) (1.1.1)
Requirement already satisfied: websockets>=10.4 in /home/saperx/.local/lib/python3.10/site-packages (from uvicorn[standard]==0.32.0->-r /home/saperx/Documentos/detraf_conferencia_v2/src/api/requirements.txt (line 2)) (15.0.1)
Requirement already satisfied: anyio<5,>=3.4.0 in /home/saperx/.local/lib/python3.10/site-packages (from starlette<0.42.0,>=0.40.0->fastapi==0.115.4->-r /home/saperx/Documentos/detraf_conferencia_v2/src/api/requirements.txt (line 1)) (4.11.0)
Requirement already satisfied: exceptiongroup>=1.0.2 in /home/saperx/.local/lib/python3.10/site-packages (from anyio<5,>=3.4.0->starlette<0.42.0,>=0.40.0->fastapi==0.115.4->-r /home/saperx/Documentos/detraf_conferencia_v2/src/api/requirements.txt (line 1)) (1.3.0)
Requirement already satisfied: idna>=2.8 in /usr/lib/python3/dist-packages (from anyio<5,>=3.4.0->starlette<0.42.0,>=0.40.0->fastapi==0.115.4->-r /home/saperx/Documentos/detraf_conferencia_v2/src/api/requirements.txt (line 1)) (3.3)
Requirement already satisfied: sniffio>=1.1 in /home/saperx/.local/lib/python3.10/site-packages (from anyio<5,>=3.4.0->starlette<0.42.0,>=0.40.0->fastapi==0.115.4->-r /home/saperx/Documentos/detraf_conferencia_v2/src/api/requirements.txt (line 1)) (1.3.1)

[notice] A new release of pip is available: 25.2 -> 25.3
[notice] To update, run: python3 -m pip install --upgrade pip

=== Instalação de requisitos (pip) ===
Defaulting to user installation because normal site-packages is not writeable
Requirement already satisfied: fastapi==0.115.4 in /home/saperx/.local/lib/python3.10/site-packages (from -r /home/saperx/Documentos/detraf_conferencia_v2/src/api/requirements.txt (line 1)) (0.115.4)
Requirement already satisfied: uvicorn==0.32.0 in /home/saperx/.local/lib/python3.10/site-packages (from uvicorn[standard]==0.32.0->-r /home/saperx/Documentos/detraf_conferencia_v2/src/api/requirements.txt (line 2)) (0.32.0)
Requirement already satisfied: python-dotenv==1.0.1 in /home/saperx/.local/lib/python3.10/site-packages (from -r /home/saperx/Documentos/detraf_conferencia_v2/src/api/requirements.txt (line 3)) (1.0.1)
Requirement already satisfied: mysql-connector-python==9.0.0 in /home/saperx/.local/lib/python3.10/site-packages (from -r /home/saperx/Documentos/detraf_conferencia_v2/src/api/requirements.txt (line 4)) (9.0.0)
Requirement already satisfied: pydantic==2.9.2 in /home/saperx/.local/lib/python3.10/site-packages (from -r /home/saperx/Documentos/detraf_conferencia_v2/src/api/requirements.txt (line 5)) (2.9.2)
Requirement already satisfied: python-multipart==0.0.9 in /home/saperx/.local/lib/python3.10/site-packages (from -r /home/saperx/Documentos/detraf_conferencia_v2/src/api/requirements.txt (line 6)) (0.0.9)
Requirement already satisfied: starlette<0.42.0,>=0.40.0 in /home/saperx/.local/lib/python3.10/site-packages (from fastapi==0.115.4->-r /home/saperx/Documentos/detraf_conferencia_v2/src/api/requirements.txt (line 1)) (0.41.3)
Requirement already satisfied: typing-extensions>=4.8.0 in /home/saperx/.local/lib/python3.10/site-packages (from fastapi==0.115.4->-r /home/saperx/Documentos/detraf_conferencia_v2/src/api/requirements.txt (line 1)) (4.12.2)
Requirement already satisfied: annotated-types>=0.6.0 in /home/saperx/.local/lib/python3.10/site-packages (from pydantic==2.9.2->-r /home/saperx/Documentos/detraf_conferencia_v2/src/api/requirements.txt (line 5)) (0.7.0)
Requirement already satisfied: pydantic-core==2.23.4 in /home/saperx/.local/lib/python3.10/site-packages (from pydantic==2.9.2->-r /home/saperx/Documentos/detraf_conferencia_v2/src/api/requirements.txt (line 5)) (2.23.4)
Requirement already satisfied: click>=7.0 in /home/saperx/.local/lib/python3.10/site-packages (from uvicorn==0.32.0->uvicorn[standard]==0.32.0->-r /home/saperx/Documentos/detraf_conferencia_v2/src/api/requirements.txt (line 2)) (8.1.7)
Requirement already satisfied: h11>=0.8 in /home/saperx/.local/lib/python3.10/site-packages (from uvicorn==0.32.0->uvicorn[standard]==0.32.0->-r /home/saperx/Documentos/detraf_conferencia_v2/src/api/requirements.txt (line 2)) (0.16.0)
Requirement already satisfied: httptools>=0.5.0 in /home/saperx/.local/lib/python3.10/site-packages (from uvicorn[standard]==0.32.0->-r /home/saperx/Documentos/detraf_conferencia_v2/src/api/requirements.txt (line 2)) (0.7.1)
Requirement already satisfied: pyyaml>=5.1 in /usr/local/lib/python3.10/dist-packages (from uvicorn[standard]==0.32.0->-r /home/saperx/Documentos/detraf_conferencia_v2/src/api/requirements.txt (line 2)) (6.0.2)
Requirement already satisfied: uvloop!=0.15.0,!=0.15.1,>=0.14.0 in /home/saperx/.local/lib/python3.10/site-packages (from uvicorn[standard]==0.32.0->-r /home/saperx/Documentos/detraf_conferencia_v2/src/api/requirements.txt (line 2)) (0.22.1)
Requirement already satisfied: watchfiles>=0.13 in /home/saperx/.local/lib/python3.10/site-packages (from uvicorn[standard]==0.32.0->-r /home/saperx/Documentos/detraf_conferencia_v2/src/api/requirements.txt (line 2)) (1.1.1)
Requirement already satisfied: websockets>=10.4 in /home/saperx/.local/lib/python3.10/site-packages (from uvicorn[standard]==0.32.0->-r /home/saperx/Documentos/detraf_conferencia_v2/src/api/requirements.txt (line 2)) (15.0.1)
Requirement already satisfied: anyio<5,>=3.4.0 in /home/saperx/.local/lib/python3.10/site-packages (from starlette<0.42.0,>=0.40.0->fastapi==0.115.4->-r /home/saperx/Documentos/detraf_conferencia_v2/src/api/requirements.txt (line 1)) (4.11.0)
Requirement already satisfied: exceptiongroup>=1.0.2 in /home/saperx/.local/lib/python3.10/site-packages (from anyio<5,>=3.4.0->starlette<0.42.0,>=0.40.0->fastapi==0.115.4->-r /home/saperx/Documentos/detraf_conferencia_v2/src/api/requirements.txt (line 1)) (1.3.0)
Requirement already satisfied: idna>=2.8 in /usr/lib/python3/dist-packages (from anyio<5,>=3.4.0->starlette<0.42.0,>=0.40.0->fastapi==0.115.4->-r /home/saperx/Documentos/detraf_conferencia_v2/src/api/requirements.txt (line 1)) (3.3)
Requirement already satisfied: sniffio>=1.1 in /home/saperx/.local/lib/python3.10/site-packages (from anyio<5,>=3.4.0->starlette<0.42.0,>=0.40.0->fastapi==0.115.4->-r /home/saperx/Documentos/detraf_conferencia_v2/src/api/requirements.txt (line 1)) (1.3.1)

[notice] A new release of pip is available: 25.2 -> 25.3
[notice] To update, run: python3 -m pip install --upgrade pip

=== Instalação de requisitos (pip) ===
Defaulting to user installation because normal site-packages is not writeable
Requirement already satisfied: fastapi==0.115.4 in /home/saperx/.local/lib/python3.10/site-packages (from -r /home/saperx/Documentos/detraf_conferencia_v2/src/api/requirements.txt (line 1)) (0.115.4)
Requirement already satisfied: uvicorn==0.32.0 in /home/saperx/.local/lib/python3.10/site-packages (from uvicorn[standard]==0.32.0->-r /home/saperx/Documentos/detraf_conferencia_v2/src/api/requirements.txt (line 2)) (0.32.0)
Requirement already satisfied: python-dotenv==1.0.1 in /home/saperx/.local/lib/python3.10/site-packages (from -r /home/saperx/Documentos/detraf_conferencia_v2/src/api/requirements.txt (line 3)) (1.0.1)
Requirement already satisfied: mysql-connector-python==9.0.0 in /home/saperx/.local/lib/python3.10/site-packages (from -r /home/saperx/Documentos/detraf_conferencia_v2/src/api/requirements.txt (line 4)) (9.0.0)
Requirement already satisfied: pydantic==2.9.2 in /home/saperx/.local/lib/python3.10/site-packages (from -r /home/saperx/Documentos/detraf_conferencia_v2/src/api/requirements.txt (line 5)) (2.9.2)
Requirement already satisfied: python-multipart==0.0.9 in /home/saperx/.local/lib/python3.10/site-packages (from -r /home/saperx/Documentos/detraf_conferencia_v2/src/api/requirements.txt (line 6)) (0.0.9)
Requirement already satisfied: starlette<0.42.0,>=0.40.0 in /home/saperx/.local/lib/python3.10/site-packages (from fastapi==0.115.4->-r /home/saperx/Documentos/detraf_conferencia_v2/src/api/requirements.txt (line 1)) (0.41.3)
Requirement already satisfied: typing-extensions>=4.8.0 in /home/saperx/.local/lib/python3.10/site-packages (from fastapi==0.115.4->-r /home/saperx/Documentos/detraf_conferencia_v2/src/api/requirements.txt (line 1)) (4.12.2)
Requirement already satisfied: annotated-types>=0.6.0 in /home/saperx/.local/lib/python3.10/site-packages (from pydantic==2.9.2->-r /home/saperx/Documentos/detraf_conferencia_v2/src/api/requirements.txt (line 5)) (0.7.0)
Requirement already satisfied: pydantic-core==2.23.4 in /home/saperx/.local/lib/python3.10/site-packages (from pydantic==2.9.2->-r /home/saperx/Documentos/detraf_conferencia_v2/src/api/requirements.txt (line 5)) (2.23.4)
Requirement already satisfied: click>=7.0 in /home/saperx/.local/lib/python3.10/site-packages (from uvicorn==0.32.0->uvicorn[standard]==0.32.0->-r /home/saperx/Documentos/detraf_conferencia_v2/src/api/requirements.txt (line 2)) (8.1.7)
Requirement already satisfied: h11>=0.8 in /home/saperx/.local/lib/python3.10/site-packages (from uvicorn==0.32.0->uvicorn[standard]==0.32.0->-r /home/saperx/Documentos/detraf_conferencia_v2/src/api/requirements.txt (line 2)) (0.16.0)
Requirement already satisfied: httptools>=0.5.0 in /home/saperx/.local/lib/python3.10/site-packages (from uvicorn[standard]==0.32.0->-r /home/saperx/Documentos/detraf_conferencia_v2/src/api/requirements.txt (line 2)) (0.7.1)
Requirement already satisfied: pyyaml>=5.1 in /usr/local/lib/python3.10/dist-packages (from uvicorn[standard]==0.32.0->-r /home/saperx/Documentos/detraf_conferencia_v2/src/api/requirements.txt (line 2)) (6.0.2)
Requirement already satisfied: uvloop!=0.15.0,!=0.15.1,>=0.14.0 in /home/saperx/.local/lib/python3.10/site-packages (from uvicorn[standard]==0.32.0->-r /home/saperx/Documentos/detraf_conferencia_v2/src/api/requirements.txt (line 2)) (0.22.1)
Requirement already satisfied: watchfiles>=0.13 in /home/saperx/.local/lib/python3.10/site-packages (from uvicorn[standard]==0.32.0->-r /home/saperx/Documentos/detraf_conferencia_v2/src/api/requirements.txt (line 2)) (1.1.1)
Requirement already satisfied: websockets>=10.4 in /home/saperx/.local/lib/python3.10/site-packages (from uvicorn[standard]==0.32.0->-r /home/saperx/Documentos/detraf_conferencia_v2/src/api/requirements.txt (line 2)) (15.0.1)
Requirement already satisfied: anyio<5,>=3.4.0 in /home/saperx/.local/lib/python3.10/site-packages (from starlette<0.42.0,>=0.40.0->fastapi==0.115.4->-r /home/saperx/Documentos/detraf_conferencia_v2/src/api/requirements.txt (line 1)) (4.11.0)
Requirement already satisfied: exceptiongroup>=1.0.2 in /home/saperx/.local/lib/python3.10/site-packages (from anyio<5,>=3.4.0->starlette<0.42.0,>=0.40.0->fastapi==0.115.4->-r /home/saperx/Documentos/detraf_conferencia_v2/src/api/requirements.txt (line 1)) (1.3.0)
Requirement already satisfied: idna>=2.8 in /usr/lib/python3/dist-packages (from anyio<5,>=3.4.0->starlette<0.42.0,>=0.40.0->fastapi==0.115.4->-r /home/saperx/Documentos/detraf_conferencia_v2/src/api/requirements.txt (line 1)) (3.3)
Requirement already satisfied: sniffio>=1.1 in /home/saperx/.local/lib/python3.10/site-packages (from anyio<5,>=3.4.0->starlette<0.42.0,>=0.40.0->fastapi==0.115.4->-r /home/saperx/Documentos/detraf_conferencia_v2/src/api/requirements.txt (line 1)) (1.3.1)

[notice] A new release of pip is available: 25.2 -> 25.3
[notice] To update, run: python3 -m pip install --upgrade pip

=== Instalação de requisitos (pip) ===
Defaulting to user installation because normal site-packages is not writeable
Requirement already satisfied: fastapi==0.115.4 in /home/saperx/.local/lib/python3.10/site-packages (from -r /home/saperx/Documentos/detraf_conferencia_v2/src/api/requirements.txt (line 1)) (0.115.4)
Requirement already satisfied: uvicorn==0.32.0 in /home/saperx/.local/lib/python3.10/site-packages (from uvicorn[standard]==0.32.0->-r /home/saperx/Documentos/detraf_conferencia_v2/src/api/requirements.txt (line 2)) (0.32.0)
Requirement already satisfied: python-dotenv==1.0.1 in /home/saperx/.local/lib/python3.10/site-packages (from -r /home/saperx/Documentos/detraf_conferencia_v2/src/api/requirements.txt (line 3)) (1.0.1)
Requirement already satisfied: mysql-connector-python==9.0.0 in /home/saperx/.local/lib/python3.10/site-packages (from -r /home/saperx/Documentos/detraf_conferencia_v2/src/api/requirements.txt (line 4)) (9.0.0)
Requirement already satisfied: pydantic==2.9.2 in /home/saperx/.local/lib/python3.10/site-packages (from -r /home/saperx/Documentos/detraf_conferencia_v2/src/api/requirements.txt (line 5)) (2.9.2)
Requirement already satisfied: python-multipart==0.0.9 in /home/saperx/.local/lib/python3.10/site-packages (from -r /home/saperx/Documentos/detraf_conferencia_v2/src/api/requirements.txt (line 6)) (0.0.9)
Requirement already satisfied: starlette<0.42.0,>=0.40.0 in /home/saperx/.local/lib/python3.10/site-packages (from fastapi==0.115.4->-r /home/saperx/Documentos/detraf_conferencia_v2/src/api/requirements.txt (line 1)) (0.41.3)
Requirement already satisfied: typing-extensions>=4.8.0 in /home/saperx/.local/lib/python3.10/site-packages (from fastapi==0.115.4->-r /home/saperx/Documentos/detraf_conferencia_v2/src/api/requirements.txt (line 1)) (4.12.2)
Requirement already satisfied: annotated-types>=0.6.0 in /home/saperx/.local/lib/python3.10/site-packages (from pydantic==2.9.2->-r /home/saperx/Documentos/detraf_conferencia_v2/src/api/requirements.txt (line 5)) (0.7.0)
Requirement already satisfied: pydantic-core==2.23.4 in /home/saperx/.local/lib/python3.10/site-packages (from pydantic==2.9.2->-r /home/saperx/Documentos/detraf_conferencia_v2/src/api/requirements.txt (line 5)) (2.23.4)
Requirement already satisfied: click>=7.0 in /home/saperx/.local/lib/python3.10/site-packages (from uvicorn==0.32.0->uvicorn[standard]==0.32.0->-r /home/saperx/Documentos/detraf_conferencia_v2/src/api/requirements.txt (line 2)) (8.1.7)
Requirement already satisfied: h11>=0.8 in /home/saperx/.local/lib/python3.10/site-packages (from uvicorn==0.32.0->uvicorn[standard]==0.32.0->-r /home/saperx/Documentos/detraf_conferencia_v2/src/api/requirements.txt (line 2)) (0.16.0)
Requirement already satisfied: httptools>=0.5.0 in /home/saperx/.local/lib/python3.10/site-packages (from uvicorn[standard]==0.32.0->-r /home/saperx/Documentos/detraf_conferencia_v2/src/api/requirements.txt (line 2)) (0.7.1)
Requirement already satisfied: pyyaml>=5.1 in /usr/local/lib/python3.10/dist-packages (from uvicorn[standard]==0.32.0->-r /home/saperx/Documentos/detraf_conferencia_v2/src/api/requirements.txt (line 2)) (6.0.2)
Requirement already satisfied: uvloop!=0.15.0,!=0.15.1,>=0.14.0 in /home/saperx/.local/lib/python3.10/site-packages (from uvicorn[standard]==0.32.0->-r /home/saperx/Documentos/detraf_conferencia_v2/src/api/requirements.txt (line 2)) (0.22.1)
Requirement already satisfied: watchfiles>=0.13 in /home/saperx/.local/lib/python3.10/site-packages (from uvicorn[standard]==0.32.0->-r /home/saperx/Documentos/detraf_conferencia_v2/src/api/requirements.txt (line 2)) (1.1.1)
Requirement already satisfied: websockets>=10.4 in /home/saperx/.local/lib/python3.10/site-packages (from uvicorn[standard]==0.32.0->-r /home/saperx/Documentos/detraf_conferencia_v2/src/api/requirements.txt (line 2)) (15.0.1)
Requirement already satisfied: anyio<5,>=3.4.0 in /home/saperx/.local/lib/python3.10/site-packages (from starlette<0.42.0,>=0.40.0->fastapi==0.115.4->-r /home/saperx/Documentos/detraf_conferencia_v2/src/api/requirements.txt (line 1)) (4.11.0)
Requirement already satisfied: exceptiongroup>=1.0.2 in /home/saperx/.local/lib/python3.10/site-packages (from anyio<5,>=3.4.0->starlette<0.42.0,>=0.40.0->fastapi==0.115.4->-r /home/saperx/Documentos/detraf_conferencia_v2/src/api/requirements.txt (line 1)) (1.3.0)
Requirement already satisfied: idna>=2.8 in /usr/lib/python3/dist-packages (from anyio<5,>=3.4.0->starlette<0.42.0,>=0.40.0->fastapi==0.115.4->-r /home/saperx/Documentos/detraf_conferencia_v2/src/api/requirements.txt (line 1)) (3.3)
Requirement already satisfied: sniffio>=1.1 in /home/saperx/.local/lib/python3.10/site-packages (from anyio<5,>=3.4.0->starlette<0.42.0,>=0.40.0->fastapi==0.115.4->-r /home/saperx/Documentos/detraf_conferencia_v2/src/api/requirements.txt (line 1)) (1.3.1)

[notice] A new release of pip is available: 25.2 -> 25.3
[notice] To update, run: python3 -m pip install --upgrade pip

=== Instalação de requisitos (pip) ===
Defaulting to user installation because normal site-packages is not writeable
Requirement already satisfied: fastapi==0.115.4 in /home/saperx/.local/lib/python3.10/site-packages (from -r /home/saperx/Documentos/detraf_conferencia_v2/src/api/requirements.txt (line 1)) (0.115.4)
Requirement already satisfied: uvicorn==0.32.0 in /home/saperx/.local/lib/python3.10/site-packages (from uvicorn[standard]==0.32.0->-r /home/saperx/Documentos/detraf_conferencia_v2/src/api/requirements.txt (line 2)) (0.32.0)
Requirement already satisfied: python-dotenv==1.0.1 in /home/saperx/.local/lib/python3.10/site-packages (from -r /home/saperx/Documentos/detraf_conferencia_v2/src/api/requirements.txt (line 3)) (1.0.1)
Requirement already satisfied: mysql-connector-python==9.0.0 in /home/saperx/.local/lib/python3.10/site-packages (from -r /home/saperx/Documentos/detraf_conferencia_v2/src/api/requirements.txt (line 4)) (9.0.0)
Requirement already satisfied: pydantic==2.9.2 in /home/saperx/.local/lib/python3.10/site-packages (from -r /home/saperx/Documentos/detraf_conferencia_v2/src/api/requirements.txt (line 5)) (2.9.2)
Requirement already satisfied: python-multipart==0.0.9 in /home/saperx/.local/lib/python3.10/site-packages (from -r /home/saperx/Documentos/detraf_conferencia_v2/src/api/requirements.txt (line 6)) (0.0.9)
Requirement already satisfied: starlette<0.42.0,>=0.40.0 in /home/saperx/.local/lib/python3.10/site-packages (from fastapi==0.115.4->-r /home/saperx/Documentos/detraf_conferencia_v2/src/api/requirements.txt (line 1)) (0.41.3)
Requirement already satisfied: typing-extensions>=4.8.0 in /home/saperx/.local/lib/python3.10/site-packages (from fastapi==0.115.4->-r /home/saperx/Documentos/detraf_conferencia_v2/src/api/requirements.txt (line 1)) (4.12.2)
Requirement already satisfied: annotated-types>=0.6.0 in /home/saperx/.local/lib/python3.10/site-packages (from pydantic==2.9.2->-r /home/saperx/Documentos/detraf_conferencia_v2/src/api/requirements.txt (line 5)) (0.7.0)
Requirement already satisfied: pydantic-core==2.23.4 in /home/saperx/.local/lib/python3.10/site-packages (from pydantic==2.9.2->-r /home/saperx/Documentos/detraf_conferencia_v2/src/api/requirements.txt (line 5)) (2.23.4)
Requirement already satisfied: click>=7.0 in /home/saperx/.local/lib/python3.10/site-packages (from uvicorn==0.32.0->uvicorn[standard]==0.32.0->-r /home/saperx/Documentos/detraf_conferencia_v2/src/api/requirements.txt (line 2)) (8.1.7)
Requirement already satisfied: h11>=0.8 in /home/saperx/.local/lib/python3.10/site-packages (from uvicorn==0.32.0->uvicorn[standard]==0.32.0->-r /home/saperx/Documentos/detraf_conferencia_v2/src/api/requirements.txt (line 2)) (0.16.0)
Requirement already satisfied: httptools>=0.5.0 in /home/saperx/.local/lib/python3.10/site-packages (from uvicorn[standard]==0.32.0->-r /home/saperx/Documentos/detraf_conferencia_v2/src/api/requirements.txt (line 2)) (0.7.1)
Requirement already satisfied: pyyaml>=5.1 in /usr/local/lib/python3.10/dist-packages (from uvicorn[standard]==0.32.0->-r /home/saperx/Documentos/detraf_conferencia_v2/src/api/requirements.txt (line 2)) (6.0.2)
Requirement already satisfied: uvloop!=0.15.0,!=0.15.1,>=0.14.0 in /home/saperx/.local/lib/python3.10/site-packages (from uvicorn[standard]==0.32.0->-r /home/saperx/Documentos/detraf_conferencia_v2/src/api/requirements.txt (line 2)) (0.22.1)
Requirement already satisfied: watchfiles>=0.13 in /home/saperx/.local/lib/python3.10/site-packages (from uvicorn[standard]==0.32.0->-r /home/saperx/Documentos/detraf_conferencia_v2/src/api/requirements.txt (line 2)) (1.1.1)
Requirement already satisfied: websockets>=10.4 in /home/saperx/.local/lib/python3.10/site-packages (from uvicorn[standard]==0.32.0->-r /home/saperx/Documentos/detraf_conferencia_v2/src/api/requirements.txt (line 2)) (15.0.1)
Requirement already satisfied: anyio<5,>=3.4.0 in /home/saperx/.local/lib/python3.10/site-packages (from starlette<0.42.0,>=0.40.0->fastapi==0.115.4->-r /home/saperx/Documentos/detraf_conferencia_v2/src/api/requirements.txt (line 1)) (4.11.0)
Requirement already satisfied: exceptiongroup>=1.0.2 in /home/saperx/.local/lib/python3.10/site-packages (from anyio<5,>=3.4.0->starlette<0.42.0,>=0.40.0->fastapi==0.115.4->-r /home/saperx/Documentos/detraf_conferencia_v2/src/api/requirements.txt (line 1)) (1.3.0)
Requirement already satisfied: idna>=2.8 in /usr/lib/python3/dist-packages (from anyio<5,>=3.4.0->starlette<0.42.0,>=0.40.0->fastapi==0.115.4->-r /home/saperx/Documentos/detraf_conferencia_v2/src/api/requirements.txt (line 1)) (3.3)
Requirement already satisfied: sniffio>=1.1 in /home/saperx/.local/lib/python3.10/site-packages (from anyio<5,>=3.4.0->starlette<0.42.0,>=0.40.0->fastapi==0.115.4->-r /home/saperx/Documentos/detraf_conferencia_v2/src/api/requirements.txt (line 1)) (1.3.1)

[notice] A new release of pip is available: 25.2 -> 25.3
[notice] To update, run: python3 -m pip install --upgrade pip

=== Instalação de requisitos (pip) ===
Defaulting to user installation because normal site-packages is not writeable
Requirement already satisfied: fastapi==0.115.4 in /home/saperx/.local/lib/python3.10/site-packages (from -r /home/saperx/Documentos/detraf_conferencia_v2/src/api/requirements.txt (line 1)) (0.115.4)
Requirement already satisfied: uvicorn==0.32.0 in /home/saperx/.local/lib/python3.10/site-packages (from uvicorn[standard]==0.32.0->-r /home/saperx/Documentos/detraf_conferencia_v2/src/api/requirements.txt (line 2)) (0.32.0)
Requirement already satisfied: python-dotenv==1.0.1 in /home/saperx/.local/lib/python3.10/site-packages (from -r /home/saperx/Documentos/detraf_conferencia_v2/src/api/requirements.txt (line 3)) (1.0.1)
Requirement already satisfied: mysql-connector-python==9.0.0 in /home/saperx/.local/lib/python3.10/site-packages (from -r /home/saperx/Documentos/detraf_conferencia_v2/src/api/requirements.txt (line 4)) (9.0.0)
Requirement already satisfied: pydantic==2.9.2 in /home/saperx/.local/lib/python3.10/site-packages (from -r /home/saperx/Documentos/detraf_conferencia_v2/src/api/requirements.txt (line 5)) (2.9.2)
Requirement already satisfied: python-multipart==0.0.9 in /home/saperx/.local/lib/python3.10/site-packages (from -r /home/saperx/Documentos/detraf_conferencia_v2/src/api/requirements.txt (line 6)) (0.0.9)
Requirement already satisfied: starlette<0.42.0,>=0.40.0 in /home/saperx/.local/lib/python3.10/site-packages (from fastapi==0.115.4->-r /home/saperx/Documentos/detraf_conferencia_v2/src/api/requirements.txt (line 1)) (0.41.3)
Requirement already satisfied: typing-extensions>=4.8.0 in /home/saperx/.local/lib/python3.10/site-packages (from fastapi==0.115.4->-r /home/saperx/Documentos/detraf_conferencia_v2/src/api/requirements.txt (line 1)) (4.12.2)
Requirement already satisfied: annotated-types>=0.6.0 in /home/saperx/.local/lib/python3.10/site-packages (from pydantic==2.9.2->-r /home/saperx/Documentos/detraf_conferencia_v2/src/api/requirements.txt (line 5)) (0.7.0)
Requirement already satisfied: pydantic-core==2.23.4 in /home/saperx/.local/lib/python3.10/site-packages (from pydantic==2.9.2->-r /home/saperx/Documentos/detraf_conferencia_v2/src/api/requirements.txt (line 5)) (2.23.4)
Requirement already satisfied: click>=7.0 in /home/saperx/.local/lib/python3.10/site-packages (from uvicorn==0.32.0->uvicorn[standard]==0.32.0->-r /home/saperx/Documentos/detraf_conferencia_v2/src/api/requirements.txt (line 2)) (8.1.7)
Requirement already satisfied: h11>=0.8 in /home/saperx/.local/lib/python3.10/site-packages (from uvicorn==0.32.0->uvicorn[standard]==0.32.0->-r /home/saperx/Documentos/detraf_conferencia_v2/src/api/requirements.txt (line 2)) (0.16.0)
Requirement already satisfied: httptools>=0.5.0 in /home/saperx/.local/lib/python3.10/site-packages (from uvicorn[standard]==0.32.0->-r /home/saperx/Documentos/detraf_conferencia_v2/src/api/requirements.txt (line 2)) (0.7.1)
Requirement already satisfied: pyyaml>=5.1 in /usr/local/lib/python3.10/dist-packages (from uvicorn[standard]==0.32.0->-r /home/saperx/Documentos/detraf_conferencia_v2/src/api/requirements.txt (line 2)) (6.0.2)
Requirement already satisfied: uvloop!=0.15.0,!=0.15.1,>=0.14.0 in /home/saperx/.local/lib/python3.10/site-packages (from uvicorn[standard]==0.32.0->-r /home/saperx/Documentos/detraf_conferencia_v2/src/api/requirements.txt (line 2)) (0.22.1)
Requirement already satisfied: watchfiles>=0.13 in /home/saperx/.local/lib/python3.10/site-packages (from uvicorn[standard]==0.32.0->-r /home/saperx/Documentos/detraf_conferencia_v2/src/api/requirements.txt (line 2)) (1.1.1)
Requirement already satisfied: websockets>=10.4 in /home/saperx/.local/lib/python3.10/site-packages (from uvicorn[standard]==0.32.0->-r /home/saperx/Documentos/detraf_conferencia_v2/src/api/requirements.txt (line 2)) (15.0.1)
Requirement already satisfied: anyio<5,>=3.4.0 in /home/saperx/.local/lib/python3.10/site-packages (from starlette<0.42.0,>=0.40.0->fastapi==0.115.4->-r /home/saperx/Documentos/detraf_conferencia_v2/src/api/requirements.txt (line 1)) (4.11.0)
Requirement already satisfied: exceptiongroup>=1.0.2 in /home/saperx/.local/lib/python3.10/site-packages (from anyio<5,>=3.4.0->starlette<0.42.0,>=0.40.0->fastapi==0.115.4->-r /home/saperx/Documentos/detraf_conferencia_v2/src/api/requirements.txt (line 1)) (1.3.0)
Requirement already satisfied: idna>=2.8 in /usr/lib/python3/dist-packages (from anyio<5,>=3.4.0->starlette<0.42.0,>=0.40.0->fastapi==0.115.4->-r /home/saperx/Documentos/detraf_conferencia_v2/src/api/requirements.txt (line 1)) (3.3)
Requirement already satisfied: sniffio>=1.1 in /home/saperx/.local/lib/python3.10/site-packages (from anyio<5,>=3.4.0->starlette<0.42.0,>=0.40.0->fastapi==0.115.4->-r /home/saperx/Documentos/detraf_conferencia_v2/src/api/requirements.txt (line 1)) (1.3.1)

[notice] A new release of pip is available: 25.2 -> 25.3
[notice] To update, run: python3 -m pip install --upgrade pip

=== Instalação de requisitos (pip) ===
Defaulting to user installation because normal site-packages is not writeable
Requirement already satisfied: fastapi==0.115.4 in /home/saperx/.local/lib/python3.10/site-packages (from -r /home/saperx/Documentos/detraf_conferencia_v2/src/api/requirements.txt (line 1)) (0.115.4)
Requirement already satisfied: uvicorn==0.32.0 in /home/saperx/.local/lib/python3.10/site-packages (from uvicorn[standard]==0.32.0->-r /home/saperx/Documentos/detraf_conferencia_v2/src/api/requirements.txt (line 2)) (0.32.0)
Requirement already satisfied: python-dotenv==1.0.1 in /home/saperx/.local/lib/python3.10/site-packages (from -r /home/saperx/Documentos/detraf_conferencia_v2/src/api/requirements.txt (line 3)) (1.0.1)
Requirement already satisfied: mysql-connector-python==9.0.0 in /home/saperx/.local/lib/python3.10/site-packages (from -r /home/saperx/Documentos/detraf_conferencia_v2/src/api/requirements.txt (line 4)) (9.0.0)
Requirement already satisfied: pydantic==2.9.2 in /home/saperx/.local/lib/python3.10/site-packages (from -r /home/saperx/Documentos/detraf_conferencia_v2/src/api/requirements.txt (line 5)) (2.9.2)
Requirement already satisfied: python-multipart==0.0.9 in /home/saperx/.local/lib/python3.10/site-packages (from -r /home/saperx/Documentos/detraf_conferencia_v2/src/api/requirements.txt (line 6)) (0.0.9)
Requirement already satisfied: starlette<0.42.0,>=0.40.0 in /home/saperx/.local/lib/python3.10/site-packages (from fastapi==0.115.4->-r /home/saperx/Documentos/detraf_conferencia_v2/src/api/requirements.txt (line 1)) (0.41.3)
Requirement already satisfied: typing-extensions>=4.8.0 in /home/saperx/.local/lib/python3.10/site-packages (from fastapi==0.115.4->-r /home/saperx/Documentos/detraf_conferencia_v2/src/api/requirements.txt (line 1)) (4.12.2)
Requirement already satisfied: annotated-types>=0.6.0 in /home/saperx/.local/lib/python3.10/site-packages (from pydantic==2.9.2->-r /home/saperx/Documentos/detraf_conferencia_v2/src/api/requirements.txt (line 5)) (0.7.0)
Requirement already satisfied: pydantic-core==2.23.4 in /home/saperx/.local/lib/python3.10/site-packages (from pydantic==2.9.2->-r /home/saperx/Documentos/detraf_conferencia_v2/src/api/requirements.txt (line 5)) (2.23.4)
Requirement already satisfied: click>=7.0 in /home/saperx/.local/lib/python3.10/site-packages (from uvicorn==0.32.0->uvicorn[standard]==0.32.0->-r /home/saperx/Documentos/detraf_conferencia_v2/src/api/requirements.txt (line 2)) (8.1.7)
Requirement already satisfied: h11>=0.8 in /home/saperx/.local/lib/python3.10/site-packages (from uvicorn==0.32.0->uvicorn[standard]==0.32.0->-r /home/saperx/Documentos/detraf_conferencia_v2/src/api/requirements.txt (line 2)) (0.16.0)
Requirement already satisfied: httptools>=0.5.0 in /home/saperx/.local/lib/python3.10/site-packages (from uvicorn[standard]==0.32.0->-r /home/saperx/Documentos/detraf_conferencia_v2/src/api/requirements.txt (line 2)) (0.7.1)
Requirement already satisfied: pyyaml>=5.1 in /usr/local/lib/python3.10/dist-packages (from uvicorn[standard]==0.32.0->-r /home/saperx/Documentos/detraf_conferencia_v2/src/api/requirements.txt (line 2)) (6.0.2)
Requirement already satisfied: uvloop!=0.15.0,!=0.15.1,>=0.14.0 in /home/saperx/.local/lib/python3.10/site-packages (from uvicorn[standard]==0.32.0->-r /home/saperx/Documentos/detraf_conferencia_v2/src/api/requirements.txt (line 2)) (0.22.1)
Requirement already satisfied: watchfiles>=0.13 in /home/saperx/.local/lib/python3.10/site-packages (from uvicorn[standard]==0.32.0->-r /home/saperx/Documentos/detraf_conferencia_v2/src/api/requirements.txt (line 2)) (1.1.1)
Requirement already satisfied: websockets>=10.4 in /home/saperx/.local/lib/python3.10/site-packages (from uvicorn[standard]==0.32.0->-r /home/saperx/Documentos/detraf_conferencia_v2/src/api/requirements.txt (line 2)) (15.0.1)
Requirement already satisfied: anyio<5,>=3.4.0 in /home/saperx/.local/lib/python3.10/site-packages (from starlette<0.42.0,>=0.40.0->fastapi==0.115.4->-r /home/saperx/Documentos/detraf_conferencia_v2/src/api/requirements.txt (line 1)) (4.11.0)
Requirement already satisfied: exceptiongroup>=1.0.2 in /home/saperx/.local/lib/python3.10/site-packages (from anyio<5,>=3.4.0->starlette<0.42.0,>=0.40.0->fastapi==0.115.4->-r /home/saperx/Documentos/detraf_conferencia_v2/src/api/requirements.txt (line 1)) (1.3.0)
Requirement already satisfied: idna>=2.8 in /usr/lib/python3/dist-packages (from anyio<5,>=3.4.0->starlette<0.42.0,>=0.40.0->fastapi==0.115.4->-r /home/saperx/Documentos/detraf_conferencia_v2/src/api/requirements.txt (line 1)) (3.3)
Requirement already satisfied: sniffio>=1.1 in /home/saperx/.local/lib/python3.10/site-packages (from anyio<5,>=3.4.0->starlette<0.42.0,>=0.40.0->fastapi==0.115.4->-r /home/saperx/Documentos/detraf_conferencia_v2/src/api/requirements.txt (line 1)) (1.3.1)

[notice] A new release of pip is available: 25.2 -> 25.3
[notice] To update, run: python3 -m pip install --upgrade pip

=== Instalação de requisitos (pip) ===
Defaulting to user installation because normal site-packages is not writeable
Requirement already satisfied: fastapi==0.115.4 in /home/saperx/.local/lib/python3.10/site-packages (from -r /home/saperx/Documentos/detraf_conferencia_v2/src/api/requirements.txt (line 1)) (0.115.4)
Requirement already satisfied: uvicorn==0.32.0 in /home/saperx/.local/lib/python3.10/site-packages (from uvicorn[standard]==0.32.0->-r /home/saperx/Documentos/detraf_conferencia_v2/src/api/requirements.txt (line 2)) (0.32.0)
Requirement already satisfied: python-dotenv==1.0.1 in /home/saperx/.local/lib/python3.10/site-packages (from -r /home/saperx/Documentos/detraf_conferencia_v2/src/api/requirements.txt (line 3)) (1.0.1)
Requirement already satisfied: mysql-connector-python==9.0.0 in /home/saperx/.local/lib/python3.10/site-packages (from -r /home/saperx/Documentos/detraf_conferencia_v2/src/api/requirements.txt (line 4)) (9.0.0)
Requirement already satisfied: pydantic==2.9.2 in /home/saperx/.local/lib/python3.10/site-packages (from -r /home/saperx/Documentos/detraf_conferencia_v2/src/api/requirements.txt (line 5)) (2.9.2)
Requirement already satisfied: python-multipart==0.0.9 in /home/saperx/.local/lib/python3.10/site-packages (from -r /home/saperx/Documentos/detraf_conferencia_v2/src/api/requirements.txt (line 6)) (0.0.9)
Requirement already satisfied: starlette<0.42.0,>=0.40.0 in /home/saperx/.local/lib/python3.10/site-packages (from fastapi==0.115.4->-r /home/saperx/Documentos/detraf_conferencia_v2/src/api/requirements.txt (line 1)) (0.41.3)
Requirement already satisfied: typing-extensions>=4.8.0 in /home/saperx/.local/lib/python3.10/site-packages (from fastapi==0.115.4->-r /home/saperx/Documentos/detraf_conferencia_v2/src/api/requirements.txt (line 1)) (4.12.2)
Requirement already satisfied: annotated-types>=0.6.0 in /home/saperx/.local/lib/python3.10/site-packages (from pydantic==2.9.2->-r /home/saperx/Documentos/detraf_conferencia_v2/src/api/requirements.txt (line 5)) (0.7.0)
Requirement already satisfied: pydantic-core==2.23.4 in /home/saperx/.local/lib/python3.10/site-packages (from pydantic==2.9.2->-r /home/saperx/Documentos/detraf_conferencia_v2/src/api/requirements.txt (line 5)) (2.23.4)
Requirement already satisfied: click>=7.0 in /home/saperx/.local/lib/python3.10/site-packages (from uvicorn==0.32.0->uvicorn[standard]==0.32.0->-r /home/saperx/Documentos/detraf_conferencia_v2/src/api/requirements.txt (line 2)) (8.1.7)
Requirement already satisfied: h11>=0.8 in /home/saperx/.local/lib/python3.10/site-packages (from uvicorn==0.32.0->uvicorn[standard]==0.32.0->-r /home/saperx/Documentos/detraf_conferencia_v2/src/api/requirements.txt (line 2)) (0.16.0)
Requirement already satisfied: httptools>=0.5.0 in /home/saperx/.local/lib/python3.10/site-packages (from uvicorn[standard]==0.32.0->-r /home/saperx/Documentos/detraf_conferencia_v2/src/api/requirements.txt (line 2)) (0.7.1)
Requirement already satisfied: pyyaml>=5.1 in /usr/local/lib/python3.10/dist-packages (from uvicorn[standard]==0.32.0->-r /home/saperx/Documentos/detraf_conferencia_v2/src/api/requirements.txt (line 2)) (6.0.2)
Requirement already satisfied: uvloop!=0.15.0,!=0.15.1,>=0.14.0 in /home/saperx/.local/lib/python3.10/site-packages (from uvicorn[standard]==0.32.0->-r /home/saperx/Documentos/detraf_conferencia_v2/src/api/requirements.txt (line 2)) (0.22.1)
Requirement already satisfied: watchfiles>=0.13 in /home/saperx/.local/lib/python3.10/site-packages (from uvicorn[standard]==0.32.0->-r /home/saperx/Documentos/detraf_conferencia_v2/src/api/requirements.txt (line 2)) (1.1.1)
Requirement already satisfied: websockets>=10.4 in /home/saperx/.local/lib/python3.10/site-packages (from uvicorn[standard]==0.32.0->-r /home/saperx/Documentos/detraf_conferencia_v2/src/api/requirements.txt (line 2)) (15.0.1)
Requirement already satisfied: anyio<5,>=3.4.0 in /home/saperx/.local/lib/python3.10/site-packages (from starlette<0.42.0,>=0.40.0->fastapi==0.115.4->-r /home/saperx/Documentos/detraf_conferencia_v2/src/api/requirements.txt (line 1)) (4.11.0)
Requirement already satisfied: exceptiongroup>=1.0.2 in /home/saperx/.local/lib/python3.10/site-packages (from anyio<5,>=3.4.0->starlette<0.42.0,>=0.40.0->fastapi==0.115.4->-r /home/saperx/Documentos/detraf_conferencia_v2/src/api/requirements.txt (line 1)) (1.3.0)
Requirement already satisfied: idna>=2.8 in /usr/lib/python3/dist-packages (from anyio<5,>=3.4.0->starlette<0.42.0,>=0.40.0->fastapi==0.115.4->-r /home/saperx/Documentos/detraf_conferencia_v2/src/api/requirements.txt (line 1)) (3.3)
Requirement already satisfied: sniffio>=1.1 in /home/saperx/.local/lib/python3.10/site-packages (from anyio<5,>=3.4.0->starlette<0.42.0,>=0.40.0->fastapi==0.115.4->-r /home/saperx/Documentos/detraf_conferencia_v2/src/api/requirements.txt (line 1)) (1.3.1)

[notice] A new release of pip is available: 25.2 -> 25.3
[notice] To update, run: python3 -m pip install --upgrade pip

=== Instalação de requisitos (pip) ===
Defaulting to user installation because normal site-packages is not writeable
Requirement already satisfied: fastapi==0.115.4 in /home/saperx/.local/lib/python3.10/site-packages (from -r /home/saperx/Documentos/detraf_conferencia_v2/src/api/requirements.txt (line 1)) (0.115.4)
Requirement already satisfied: uvicorn==0.32.0 in /home/saperx/.local/lib/python3.10/site-packages (from uvicorn[standard]==0.32.0->-r /home/saperx/Documentos/detraf_conferencia_v2/src/api/requirements.txt (line 2)) (0.32.0)
Requirement already satisfied: python-dotenv==1.0.1 in /home/saperx/.local/lib/python3.10/site-packages (from -r /home/saperx/Documentos/detraf_conferencia_v2/src/api/requirements.txt (line 3)) (1.0.1)
Requirement already satisfied: mysql-connector-python==9.0.0 in /home/saperx/.local/lib/python3.10/site-packages (from -r /home/saperx/Documentos/detraf_conferencia_v2/src/api/requirements.txt (line 4)) (9.0.0)
Requirement already satisfied: pydantic==2.9.2 in /home/saperx/.local/lib/python3.10/site-packages (from -r /home/saperx/Documentos/detraf_conferencia_v2/src/api/requirements.txt (line 5)) (2.9.2)
Requirement already satisfied: python-multipart==0.0.9 in /home/saperx/.local/lib/python3.10/site-packages (from -r /home/saperx/Documentos/detraf_conferencia_v2/src/api/requirements.txt (line 6)) (0.0.9)
Requirement already satisfied: starlette<0.42.0,>=0.40.0 in /home/saperx/.local/lib/python3.10/site-packages (from fastapi==0.115.4->-r /home/saperx/Documentos/detraf_conferencia_v2/src/api/requirements.txt (line 1)) (0.41.3)
Requirement already satisfied: typing-extensions>=4.8.0 in /home/saperx/.local/lib/python3.10/site-packages (from fastapi==0.115.4->-r /home/saperx/Documentos/detraf_conferencia_v2/src/api/requirements.txt (line 1)) (4.12.2)
Requirement already satisfied: annotated-types>=0.6.0 in /home/saperx/.local/lib/python3.10/site-packages (from pydantic==2.9.2->-r /home/saperx/Documentos/detraf_conferencia_v2/src/api/requirements.txt (line 5)) (0.7.0)
Requirement already satisfied: pydantic-core==2.23.4 in /home/saperx/.local/lib/python3.10/site-packages (from pydantic==2.9.2->-r /home/saperx/Documentos/detraf_conferencia_v2/src/api/requirements.txt (line 5)) (2.23.4)
Requirement already satisfied: click>=7.0 in /home/saperx/.local/lib/python3.10/site-packages (from uvicorn==0.32.0->uvicorn[standard]==0.32.0->-r /home/saperx/Documentos/detraf_conferencia_v2/src/api/requirements.txt (line 2)) (8.1.7)
Requirement already satisfied: h11>=0.8 in /home/saperx/.local/lib/python3.10/site-packages (from uvicorn==0.32.0->uvicorn[standard]==0.32.0->-r /home/saperx/Documentos/detraf_conferencia_v2/src/api/requirements.txt (line 2)) (0.16.0)
Requirement already satisfied: httptools>=0.5.0 in /home/saperx/.local/lib/python3.10/site-packages (from uvicorn[standard]==0.32.0->-r /home/saperx/Documentos/detraf_conferencia_v2/src/api/requirements.txt (line 2)) (0.7.1)
Requirement already satisfied: pyyaml>=5.1 in /usr/local/lib/python3.10/dist-packages (from uvicorn[standard]==0.32.0->-r /home/saperx/Documentos/detraf_conferencia_v2/src/api/requirements.txt (line 2)) (6.0.2)
Requirement already satisfied: uvloop!=0.15.0,!=0.15.1,>=0.14.0 in /home/saperx/.local/lib/python3.10/site-packages (from uvicorn[standard]==0.32.0->-r /home/saperx/Documentos/detraf_conferencia_v2/src/api/requirements.txt (line 2)) (0.22.1)
Requirement already satisfied: watchfiles>=0.13 in /home/saperx/.local/lib/python3.10/site-packages (from uvicorn[standard]==0.32.0->-r /home/saperx/Documentos/detraf_conferencia_v2/src/api/requirements.txt (line 2)) (1.1.1)
Requirement already satisfied: websockets>=10.4 in /home/saperx/.local/lib/python3.10/site-packages (from uvicorn[standard]==0.32.0->-r /home/saperx/Documentos/detraf_conferencia_v2/src/api/requirements.txt (line 2)) (15.0.1)
Requirement already satisfied: anyio<5,>=3.4.0 in /home/saperx/.local/lib/python3.10/site-packages (from starlette<0.42.0,>=0.40.0->fastapi==0.115.4->-r /home/saperx/Documentos/detraf_conferencia_v2/src/api/requirements.txt (line 1)) (4.11.0)
Requirement already satisfied: exceptiongroup>=1.0.2 in /home/saperx/.local/lib/python3.10/site-packages (from anyio<5,>=3.4.0->starlette<0.42.0,>=0.40.0->fastapi==0.115.4->-r /home/saperx/Documentos/detraf_conferencia_v2/src/api/requirements.txt (line 1)) (1.3.0)
Requirement already satisfied: idna>=2.8 in /usr/lib/python3/dist-packages (from anyio<5,>=3.4.0->starlette<0.42.0,>=0.40.0->fastapi==0.115.4->-r /home/saperx/Documentos/detraf_conferencia_v2/src/api/requirements.txt (line 1)) (3.3)
Requirement already satisfied: sniffio>=1.1 in /home/saperx/.local/lib/python3.10/site-packages (from anyio<5,>=3.4.0->starlette<0.42.0,>=0.40.0->fastapi==0.115.4->-r /home/saperx/Documentos/detraf_conferencia_v2/src/api/requirements.txt (line 1)) (1.3.1)

[notice] A new release of pip is available: 25.2 -> 25.3
[notice] To update, run: python3 -m pip install --upgrade pip

=== Instalação de requisitos (pip) ===
Defaulting to user installation because normal site-packages is not writeable
Requirement already satisfied: fastapi==0.115.4 in /home/saperx/.local/lib/python3.10/site-packages (from -r /home/saperx/Documentos/detraf_conferencia_v2/src/api/requirements.txt (line 1)) (0.115.4)
Requirement already satisfied: uvicorn==0.32.0 in /home/saperx/.local/lib/python3.10/site-packages (from uvicorn[standard]==0.32.0->-r /home/saperx/Documentos/detraf_conferencia_v2/src/api/requirements.txt (line 2)) (0.32.0)
Requirement already satisfied: python-dotenv==1.0.1 in /home/saperx/.local/lib/python3.10/site-packages (from -r /home/saperx/Documentos/detraf_conferencia_v2/src/api/requirements.txt (line 3)) (1.0.1)
Requirement already satisfied: mysql-connector-python==9.0.0 in /home/saperx/.local/lib/python3.10/site-packages (from -r /home/saperx/Documentos/detraf_conferencia_v2/src/api/requirements.txt (line 4)) (9.0.0)
Requirement already satisfied: pydantic==2.9.2 in /home/saperx/.local/lib/python3.10/site-packages (from -r /home/saperx/Documentos/detraf_conferencia_v2/src/api/requirements.txt (line 5)) (2.9.2)
Requirement already satisfied: python-multipart==0.0.9 in /home/saperx/.local/lib/python3.10/site-packages (from -r /home/saperx/Documentos/detraf_conferencia_v2/src/api/requirements.txt (line 6)) (0.0.9)
Requirement already satisfied: starlette<0.42.0,>=0.40.0 in /home/saperx/.local/lib/python3.10/site-packages (from fastapi==0.115.4->-r /home/saperx/Documentos/detraf_conferencia_v2/src/api/requirements.txt (line 1)) (0.41.3)
Requirement already satisfied: typing-extensions>=4.8.0 in /home/saperx/.local/lib/python3.10/site-packages (from fastapi==0.115.4->-r /home/saperx/Documentos/detraf_conferencia_v2/src/api/requirements.txt (line 1)) (4.12.2)
Requirement already satisfied: annotated-types>=0.6.0 in /home/saperx/.local/lib/python3.10/site-packages (from pydantic==2.9.2->-r /home/saperx/Documentos/detraf_conferencia_v2/src/api/requirements.txt (line 5)) (0.7.0)
Requirement already satisfied: pydantic-core==2.23.4 in /home/saperx/.local/lib/python3.10/site-packages (from pydantic==2.9.2->-r /home/saperx/Documentos/detraf_conferencia_v2/src/api/requirements.txt (line 5)) (2.23.4)
Requirement already satisfied: click>=7.0 in /home/saperx/.local/lib/python3.10/site-packages (from uvicorn==0.32.0->uvicorn[standard]==0.32.0->-r /home/saperx/Documentos/detraf_conferencia_v2/src/api/requirements.txt (line 2)) (8.1.7)
Requirement already satisfied: h11>=0.8 in /home/saperx/.local/lib/python3.10/site-packages (from uvicorn==0.32.0->uvicorn[standard]==0.32.0->-r /home/saperx/Documentos/detraf_conferencia_v2/src/api/requirements.txt (line 2)) (0.16.0)
Requirement already satisfied: httptools>=0.5.0 in /home/saperx/.local/lib/python3.10/site-packages (from uvicorn[standard]==0.32.0->-r /home/saperx/Documentos/detraf_conferencia_v2/src/api/requirements.txt (line 2)) (0.7.1)
Requirement already satisfied: pyyaml>=5.1 in /usr/local/lib/python3.10/dist-packages (from uvicorn[standard]==0.32.0->-r /home/saperx/Documentos/detraf_conferencia_v2/src/api/requirements.txt (line 2)) (6.0.2)
Requirement already satisfied: uvloop!=0.15.0,!=0.15.1,>=0.14.0 in /home/saperx/.local/lib/python3.10/site-packages (from uvicorn[standard]==0.32.0->-r /home/saperx/Documentos/detraf_conferencia_v2/src/api/requirements.txt (line 2)) (0.22.1)
Requirement already satisfied: watchfiles>=0.13 in /home/saperx/.local/lib/python3.10/site-packages (from uvicorn[standard]==0.32.0->-r /home/saperx/Documentos/detraf_conferencia_v2/src/api/requirements.txt (line 2)) (1.1.1)
Requirement already satisfied: websockets>=10.4 in /home/saperx/.local/lib/python3.10/site-packages (from uvicorn[standard]==0.32.0->-r /home/saperx/Documentos/detraf_conferencia_v2/src/api/requirements.txt (line 2)) (15.0.1)
Requirement already satisfied: anyio<5,>=3.4.0 in /home/saperx/.local/lib/python3.10/site-packages (from starlette<0.42.0,>=0.40.0->fastapi==0.115.4->-r /home/saperx/Documentos/detraf_conferencia_v2/src/api/requirements.txt (line 1)) (4.11.0)
Requirement already satisfied: exceptiongroup>=1.0.2 in /home/saperx/.local/lib/python3.10/site-packages (from anyio<5,>=3.4.0->starlette<0.42.0,>=0.40.0->fastapi==0.115.4->-r /home/saperx/Documentos/detraf_conferencia_v2/src/api/requirements.txt (line 1)) (1.3.0)
Requirement already satisfied: idna>=2.8 in /usr/lib/python3/dist-packages (from anyio<5,>=3.4.0->starlette<0.42.0,>=0.40.0->fastapi==0.115.4->-r /home/saperx/Documentos/detraf_conferencia_v2/src/api/requirements.txt (line 1)) (3.3)
Requirement already satisfied: sniffio>=1.1 in /home/saperx/.local/lib/python3.10/site-packages (from anyio<5,>=3.4.0->starlette<0.42.0,>=0.40.0->fastapi==0.115.4->-r /home/saperx/Documentos/detraf_conferencia_v2/src/api/requirements.txt (line 1)) (1.3.1)

[notice] A new release of pip is available: 25.2 -> 25.3
[notice] To update, run: python3 -m pip install --upgrade pip

=== Instalação de requisitos (pip) ===
Defaulting to user installation because normal site-packages is not writeable
Requirement already satisfied: fastapi==0.115.4 in /home/saperx/.local/lib/python3.10/site-packages (from -r /home/saperx/Documentos/detraf_conferencia_v2/src/api/requirements.txt (line 1)) (0.115.4)
Requirement already satisfied: uvicorn==0.32.0 in /home/saperx/.local/lib/python3.10/site-packages (from uvicorn[standard]==0.32.0->-r /home/saperx/Documentos/detraf_conferencia_v2/src/api/requirements.txt (line 2)) (0.32.0)
Requirement already satisfied: python-dotenv==1.0.1 in /home/saperx/.local/lib/python3.10/site-packages (from -r /home/saperx/Documentos/detraf_conferencia_v2/src/api/requirements.txt (line 3)) (1.0.1)
Requirement already satisfied: mysql-connector-python==9.0.0 in /home/saperx/.local/lib/python3.10/site-packages (from -r /home/saperx/Documentos/detraf_conferencia_v2/src/api/requirements.txt (line 4)) (9.0.0)
Requirement already satisfied: pydantic==2.9.2 in /home/saperx/.local/lib/python3.10/site-packages (from -r /home/saperx/Documentos/detraf_conferencia_v2/src/api/requirements.txt (line 5)) (2.9.2)
Requirement already satisfied: python-multipart==0.0.9 in /home/saperx/.local/lib/python3.10/site-packages (from -r /home/saperx/Documentos/detraf_conferencia_v2/src/api/requirements.txt (line 6)) (0.0.9)
Requirement already satisfied: starlette<0.42.0,>=0.40.0 in /home/saperx/.local/lib/python3.10/site-packages (from fastapi==0.115.4->-r /home/saperx/Documentos/detraf_conferencia_v2/src/api/requirements.txt (line 1)) (0.41.3)
Requirement already satisfied: typing-extensions>=4.8.0 in /home/saperx/.local/lib/python3.10/site-packages (from fastapi==0.115.4->-r /home/saperx/Documentos/detraf_conferencia_v2/src/api/requirements.txt (line 1)) (4.12.2)
Requirement already satisfied: annotated-types>=0.6.0 in /home/saperx/.local/lib/python3.10/site-packages (from pydantic==2.9.2->-r /home/saperx/Documentos/detraf_conferencia_v2/src/api/requirements.txt (line 5)) (0.7.0)
Requirement already satisfied: pydantic-core==2.23.4 in /home/saperx/.local/lib/python3.10/site-packages (from pydantic==2.9.2->-r /home/saperx/Documentos/detraf_conferencia_v2/src/api/requirements.txt (line 5)) (2.23.4)
Requirement already satisfied: click>=7.0 in /home/saperx/.local/lib/python3.10/site-packages (from uvicorn==0.32.0->uvicorn[standard]==0.32.0->-r /home/saperx/Documentos/detraf_conferencia_v2/src/api/requirements.txt (line 2)) (8.1.7)
Requirement already satisfied: h11>=0.8 in /home/saperx/.local/lib/python3.10/site-packages (from uvicorn==0.32.0->uvicorn[standard]==0.32.0->-r /home/saperx/Documentos/detraf_conferencia_v2/src/api/requirements.txt (line 2)) (0.16.0)
Requirement already satisfied: httptools>=0.5.0 in /home/saperx/.local/lib/python3.10/site-packages (from uvicorn[standard]==0.32.0->-r /home/saperx/Documentos/detraf_conferencia_v2/src/api/requirements.txt (line 2)) (0.7.1)
Requirement already satisfied: pyyaml>=5.1 in /usr/local/lib/python3.10/dist-packages (from uvicorn[standard]==0.32.0->-r /home/saperx/Documentos/detraf_conferencia_v2/src/api/requirements.txt (line 2)) (6.0.2)
Requirement already satisfied: uvloop!=0.15.0,!=0.15.1,>=0.14.0 in /home/saperx/.local/lib/python3.10/site-packages (from uvicorn[standard]==0.32.0->-r /home/saperx/Documentos/detraf_conferencia_v2/src/api/requirements.txt (line 2)) (0.22.1)
Requirement already satisfied: watchfiles>=0.13 in /home/saperx/.local/lib/python3.10/site-packages (from uvicorn[standard]==0.32.0->-r /home/saperx/Documentos/detraf_conferencia_v2/src/api/requirements.txt (line 2)) (1.1.1)
Requirement already satisfied: websockets>=10.4 in /home/saperx/.local/lib/python3.10/site-packages (from uvicorn[standard]==0.32.0->-r /home/saperx/Documentos/detraf_conferencia_v2/src/api/requirements.txt (line 2)) (15.0.1)
Requirement already satisfied: anyio<5,>=3.4.0 in /home/saperx/.local/lib/python3.10/site-packages (from starlette<0.42.0,>=0.40.0->fastapi==0.115.4->-r /home/saperx/Documentos/detraf_conferencia_v2/src/api/requirements.txt (line 1)) (4.11.0)
Requirement already satisfied: exceptiongroup>=1.0.2 in /home/saperx/.local/lib/python3.10/site-packages (from anyio<5,>=3.4.0->starlette<0.42.0,>=0.40.0->fastapi==0.115.4->-r /home/saperx/Documentos/detraf_conferencia_v2/src/api/requirements.txt (line 1)) (1.3.0)
Requirement already satisfied: idna>=2.8 in /usr/lib/python3/dist-packages (from anyio<5,>=3.4.0->starlette<0.42.0,>=0.40.0->fastapi==0.115.4->-r /home/saperx/Documentos/detraf_conferencia_v2/src/api/requirements.txt (line 1)) (3.3)
Requirement already satisfied: sniffio>=1.1 in /home/saperx/.local/lib/python3.10/site-packages (from anyio<5,>=3.4.0->starlette<0.42.0,>=0.40.0->fastapi==0.115.4->-r /home/saperx/Documentos/detraf_conferencia_v2/src/api/requirements.txt (line 1)) (1.3.1)

[notice] A new release of pip is available: 25.2 -> 25.3
[notice] To update, run: python3 -m pip install --upgrade pip

=== Instalação de requisitos (pip) ===
Defaulting to user installation because normal site-packages is not writeable
Requirement already satisfied: fastapi==0.115.4 in /home/saperx/.local/lib/python3.10/site-packages (from -r /home/saperx/Documentos/detraf_conferencia_v2/src/api/requirements.txt (line 1)) (0.115.4)
Requirement already satisfied: uvicorn==0.32.0 in /home/saperx/.local/lib/python3.10/site-packages (from uvicorn[standard]==0.32.0->-r /home/saperx/Documentos/detraf_conferencia_v2/src/api/requirements.txt (line 2)) (0.32.0)
Requirement already satisfied: python-dotenv==1.0.1 in /home/saperx/.local/lib/python3.10/site-packages (from -r /home/saperx/Documentos/detraf_conferencia_v2/src/api/requirements.txt (line 3)) (1.0.1)
Requirement already satisfied: mysql-connector-python==9.0.0 in /home/saperx/.local/lib/python3.10/site-packages (from -r /home/saperx/Documentos/detraf_conferencia_v2/src/api/requirements.txt (line 4)) (9.0.0)
Requirement already satisfied: pydantic==2.9.2 in /home/saperx/.local/lib/python3.10/site-packages (from -r /home/saperx/Documentos/detraf_conferencia_v2/src/api/requirements.txt (line 5)) (2.9.2)
Requirement already satisfied: python-multipart==0.0.9 in /home/saperx/.local/lib/python3.10/site-packages (from -r /home/saperx/Documentos/detraf_conferencia_v2/src/api/requirements.txt (line 6)) (0.0.9)
Requirement already satisfied: starlette<0.42.0,>=0.40.0 in /home/saperx/.local/lib/python3.10/site-packages (from fastapi==0.115.4->-r /home/saperx/Documentos/detraf_conferencia_v2/src/api/requirements.txt (line 1)) (0.41.3)
Requirement already satisfied: typing-extensions>=4.8.0 in /home/saperx/.local/lib/python3.10/site-packages (from fastapi==0.115.4->-r /home/saperx/Documentos/detraf_conferencia_v2/src/api/requirements.txt (line 1)) (4.12.2)
Requirement already satisfied: annotated-types>=0.6.0 in /home/saperx/.local/lib/python3.10/site-packages (from pydantic==2.9.2->-r /home/saperx/Documentos/detraf_conferencia_v2/src/api/requirements.txt (line 5)) (0.7.0)
Requirement already satisfied: pydantic-core==2.23.4 in /home/saperx/.local/lib/python3.10/site-packages (from pydantic==2.9.2->-r /home/saperx/Documentos/detraf_conferencia_v2/src/api/requirements.txt (line 5)) (2.23.4)
Requirement already satisfied: click>=7.0 in /home/saperx/.local/lib/python3.10/site-packages (from uvicorn==0.32.0->uvicorn[standard]==0.32.0->-r /home/saperx/Documentos/detraf_conferencia_v2/src/api/requirements.txt (line 2)) (8.1.7)
Requirement already satisfied: h11>=0.8 in /home/saperx/.local/lib/python3.10/site-packages (from uvicorn==0.32.0->uvicorn[standard]==0.32.0->-r /home/saperx/Documentos/detraf_conferencia_v2/src/api/requirements.txt (line 2)) (0.16.0)
Requirement already satisfied: httptools>=0.5.0 in /home/saperx/.local/lib/python3.10/site-packages (from uvicorn[standard]==0.32.0->-r /home/saperx/Documentos/detraf_conferencia_v2/src/api/requirements.txt (line 2)) (0.7.1)
Requirement already satisfied: pyyaml>=5.1 in /usr/local/lib/python3.10/dist-packages (from uvicorn[standard]==0.32.0->-r /home/saperx/Documentos/detraf_conferencia_v2/src/api/requirements.txt (line 2)) (6.0.2)
Requirement already satisfied: uvloop!=0.15.0,!=0.15.1,>=0.14.0 in /home/saperx/.local/lib/python3.10/site-packages (from uvicorn[standard]==0.32.0->-r /home/saperx/Documentos/detraf_conferencia_v2/src/api/requirements.txt (line 2)) (0.22.1)
Requirement already satisfied: watchfiles>=0.13 in /home/saperx/.local/lib/python3.10/site-packages (from uvicorn[standard]==0.32.0->-r /home/saperx/Documentos/detraf_conferencia_v2/src/api/requirements.txt (line 2)) (1.1.1)
Requirement already satisfied: websockets>=10.4 in /home/saperx/.local/lib/python3.10/site-packages (from uvicorn[standard]==0.32.0->-r /home/saperx/Documentos/detraf_conferencia_v2/src/api/requirements.txt (line 2)) (15.0.1)
Requirement already satisfied: anyio<5,>=3.4.0 in /home/saperx/.local/lib/python3.10/site-packages (from starlette<0.42.0,>=0.40.0->fastapi==0.115.4->-r /home/saperx/Documentos/detraf_conferencia_v2/src/api/requirements.txt (line 1)) (4.11.0)
Requirement already satisfied: exceptiongroup>=1.0.2 in /home/saperx/.local/lib/python3.10/site-packages (from anyio<5,>=3.4.0->starlette<0.42.0,>=0.40.0->fastapi==0.115.4->-r /home/saperx/Documentos/detraf_conferencia_v2/src/api/requirements.txt (line 1)) (1.3.0)
Requirement already satisfied: idna>=2.8 in /usr/lib/python3/dist-packages (from anyio<5,>=3.4.0->starlette<0.42.0,>=0.40.0->fastapi==0.115.4->-r /home/saperx/Documentos/detraf_conferencia_v2/src/api/requirements.txt (line 1)) (3.3)
Requirement already satisfied: sniffio>=1.1 in /home/saperx/.local/lib/python3.10/site-packages (from anyio<5,>=3.4.0->starlette<0.42.0,>=0.40.0->fastapi==0.115.4->-r /home/saperx/Documentos/detraf_conferencia_v2/src/api/requirements.txt (line 1)) (1.3.1)

[notice] A new release of pip is available: 25.2 -> 25.3
[notice] To update, run: python3 -m pip install --upgrade pip

=== Instalação de requisitos (pip) ===
Defaulting to user installation because normal site-packages is not writeable
Requirement already satisfied: fastapi==0.115.4 in /home/saperx/.local/lib/python3.10/site-packages (from -r /home/saperx/Documentos/detraf_conferencia_v2/src/api/requirements.txt (line 1)) (0.115.4)
Requirement already satisfied: uvicorn==0.32.0 in /home/saperx/.local/lib/python3.10/site-packages (from uvicorn[standard]==0.32.0->-r /home/saperx/Documentos/detraf_conferencia_v2/src/api/requirements.txt (line 2)) (0.32.0)
Requirement already satisfied: python-dotenv==1.0.1 in /home/saperx/.local/lib/python3.10/site-packages (from -r /home/saperx/Documentos/detraf_conferencia_v2/src/api/requirements.txt (line 3)) (1.0.1)
Requirement already satisfied: mysql-connector-python==9.0.0 in /home/saperx/.local/lib/python3.10/site-packages (from -r /home/saperx/Documentos/detraf_conferencia_v2/src/api/requirements.txt (line 4)) (9.0.0)
Requirement already satisfied: pydantic==2.9.2 in /home/saperx/.local/lib/python3.10/site-packages (from -r /home/saperx/Documentos/detraf_conferencia_v2/src/api/requirements.txt (line 5)) (2.9.2)
Requirement already satisfied: python-multipart==0.0.9 in /home/saperx/.local/lib/python3.10/site-packages (from -r /home/saperx/Documentos/detraf_conferencia_v2/src/api/requirements.txt (line 6)) (0.0.9)
Requirement already satisfied: starlette<0.42.0,>=0.40.0 in /home/saperx/.local/lib/python3.10/site-packages (from fastapi==0.115.4->-r /home/saperx/Documentos/detraf_conferencia_v2/src/api/requirements.txt (line 1)) (0.41.3)
Requirement already satisfied: typing-extensions>=4.8.0 in /home/saperx/.local/lib/python3.10/site-packages (from fastapi==0.115.4->-r /home/saperx/Documentos/detraf_conferencia_v2/src/api/requirements.txt (line 1)) (4.12.2)
Requirement already satisfied: annotated-types>=0.6.0 in /home/saperx/.local/lib/python3.10/site-packages (from pydantic==2.9.2->-r /home/saperx/Documentos/detraf_conferencia_v2/src/api/requirements.txt (line 5)) (0.7.0)
Requirement already satisfied: pydantic-core==2.23.4 in /home/saperx/.local/lib/python3.10/site-packages (from pydantic==2.9.2->-r /home/saperx/Documentos/detraf_conferencia_v2/src/api/requirements.txt (line 5)) (2.23.4)
Requirement already satisfied: click>=7.0 in /home/saperx/.local/lib/python3.10/site-packages (from uvicorn==0.32.0->uvicorn[standard]==0.32.0->-r /home/saperx/Documentos/detraf_conferencia_v2/src/api/requirements.txt (line 2)) (8.1.7)
Requirement already satisfied: h11>=0.8 in /home/saperx/.local/lib/python3.10/site-packages (from uvicorn==0.32.0->uvicorn[standard]==0.32.0->-r /home/saperx/Documentos/detraf_conferencia_v2/src/api/requirements.txt (line 2)) (0.16.0)
Requirement already satisfied: httptools>=0.5.0 in /home/saperx/.local/lib/python3.10/site-packages (from uvicorn[standard]==0.32.0->-r /home/saperx/Documentos/detraf_conferencia_v2/src/api/requirements.txt (line 2)) (0.7.1)
Requirement already satisfied: pyyaml>=5.1 in /usr/local/lib/python3.10/dist-packages (from uvicorn[standard]==0.32.0->-r /home/saperx/Documentos/detraf_conferencia_v2/src/api/requirements.txt (line 2)) (6.0.2)
Requirement already satisfied: uvloop!=0.15.0,!=0.15.1,>=0.14.0 in /home/saperx/.local/lib/python3.10/site-packages (from uvicorn[standard]==0.32.0->-r /home/saperx/Documentos/detraf_conferencia_v2/src/api/requirements.txt (line 2)) (0.22.1)
Requirement already satisfied: watchfiles>=0.13 in /home/saperx/.local/lib/python3.10/site-packages (from uvicorn[standard]==0.32.0->-r /home/saperx/Documentos/detraf_conferencia_v2/src/api/requirements.txt (line 2)) (1.1.1)
Requirement already satisfied: websockets>=10.4 in /home/saperx/.local/lib/python3.10/site-packages (from uvicorn[standard]==0.32.0->-r /home/saperx/Documentos/detraf_conferencia_v2/src/api/requirements.txt (line 2)) (15.0.1)
Requirement already satisfied: anyio<5,>=3.4.0 in /home/saperx/.local/lib/python3.10/site-packages (from starlette<0.42.0,>=0.40.0->fastapi==0.115.4->-r /home/saperx/Documentos/detraf_conferencia_v2/src/api/requirements.txt (line 1)) (4.11.0)
Requirement already satisfied: exceptiongroup>=1.0.2 in /home/saperx/.local/lib/python3.10/site-packages (from anyio<5,>=3.4.0->starlette<0.42.0,>=0.40.0->fastapi==0.115.4->-r /home/saperx/Documentos/detraf_conferencia_v2/src/api/requirements.txt (line 1)) (1.3.0)
Requirement already satisfied: idna>=2.8 in /usr/lib/python3/dist-packages (from anyio<5,>=3.4.0->starlette<0.42.0,>=0.40.0->fastapi==0.115.4->-r /home/saperx/Documentos/detraf_conferencia_v2/src/api/requirements.txt (line 1)) (3.3)
Requirement already satisfied: sniffio>=1.1 in /home/saperx/.local/lib/python3.10/site-packages (from anyio<5,>=3.4.0->starlette<0.42.0,>=0.40.0->fastapi==0.115.4->-r /home/saperx/Documentos/detraf_conferencia_v2/src/api/requirements.txt (line 1)) (1.3.1)

[notice] A new release of pip is available: 25.2 -> 25.3
[notice] To update, run: python3 -m pip install --upgrade pip

=== Instalação de requisitos (pip) ===
Defaulting to user installation because normal site-packages is not writeable
Requirement already satisfied: fastapi==0.115.4 in /home/saperx/.local/lib/python3.10/site-packages (from -r /home/saperx/Documentos/detraf_conferencia_v2/src/api/requirements.txt (line 1)) (0.115.4)
Requirement already satisfied: uvicorn==0.32.0 in /home/saperx/.local/lib/python3.10/site-packages (from uvicorn[standard]==0.32.0->-r /home/saperx/Documentos/detraf_conferencia_v2/src/api/requirements.txt (line 2)) (0.32.0)
Requirement already satisfied: python-dotenv==1.0.1 in /home/saperx/.local/lib/python3.10/site-packages (from -r /home/saperx/Documentos/detraf_conferencia_v2/src/api/requirements.txt (line 3)) (1.0.1)
Requirement already satisfied: mysql-connector-python==9.0.0 in /home/saperx/.local/lib/python3.10/site-packages (from -r /home/saperx/Documentos/detraf_conferencia_v2/src/api/requirements.txt (line 4)) (9.0.0)
Requirement already satisfied: pydantic==2.9.2 in /home/saperx/.local/lib/python3.10/site-packages (from -r /home/saperx/Documentos/detraf_conferencia_v2/src/api/requirements.txt (line 5)) (2.9.2)
Requirement already satisfied: python-multipart==0.0.9 in /home/saperx/.local/lib/python3.10/site-packages (from -r /home/saperx/Documentos/detraf_conferencia_v2/src/api/requirements.txt (line 6)) (0.0.9)
Requirement already satisfied: starlette<0.42.0,>=0.40.0 in /home/saperx/.local/lib/python3.10/site-packages (from fastapi==0.115.4->-r /home/saperx/Documentos/detraf_conferencia_v2/src/api/requirements.txt (line 1)) (0.41.3)
Requirement already satisfied: typing-extensions>=4.8.0 in /home/saperx/.local/lib/python3.10/site-packages (from fastapi==0.115.4->-r /home/saperx/Documentos/detraf_conferencia_v2/src/api/requirements.txt (line 1)) (4.12.2)
Requirement already satisfied: annotated-types>=0.6.0 in /home/saperx/.local/lib/python3.10/site-packages (from pydantic==2.9.2->-r /home/saperx/Documentos/detraf_conferencia_v2/src/api/requirements.txt (line 5)) (0.7.0)
Requirement already satisfied: pydantic-core==2.23.4 in /home/saperx/.local/lib/python3.10/site-packages (from pydantic==2.9.2->-r /home/saperx/Documentos/detraf_conferencia_v2/src/api/requirements.txt (line 5)) (2.23.4)
Requirement already satisfied: click>=7.0 in /home/saperx/.local/lib/python3.10/site-packages (from uvicorn==0.32.0->uvicorn[standard]==0.32.0->-r /home/saperx/Documentos/detraf_conferencia_v2/src/api/requirements.txt (line 2)) (8.1.7)
Requirement already satisfied: h11>=0.8 in /home/saperx/.local/lib/python3.10/site-packages (from uvicorn==0.32.0->uvicorn[standard]==0.32.0->-r /home/saperx/Documentos/detraf_conferencia_v2/src/api/requirements.txt (line 2)) (0.16.0)
Requirement already satisfied: httptools>=0.5.0 in /home/saperx/.local/lib/python3.10/site-packages (from uvicorn[standard]==0.32.0->-r /home/saperx/Documentos/detraf_conferencia_v2/src/api/requirements.txt (line 2)) (0.7.1)
Requirement already satisfied: pyyaml>=5.1 in /usr/local/lib/python3.10/dist-packages (from uvicorn[standard]==0.32.0->-r /home/saperx/Documentos/detraf_conferencia_v2/src/api/requirements.txt (line 2)) (6.0.2)
Requirement already satisfied: uvloop!=0.15.0,!=0.15.1,>=0.14.0 in /home/saperx/.local/lib/python3.10/site-packages (from uvicorn[standard]==0.32.0->-r /home/saperx/Documentos/detraf_conferencia_v2/src/api/requirements.txt (line 2)) (0.22.1)
Requirement already satisfied: watchfiles>=0.13 in /home/saperx/.local/lib/python3.10/site-packages (from uvicorn[standard]==0.32.0->-r /home/saperx/Documentos/detraf_conferencia_v2/src/api/requirements.txt (line 2)) (1.1.1)
Requirement already satisfied: websockets>=10.4 in /home/saperx/.local/lib/python3.10/site-packages (from uvicorn[standard]==0.32.0->-r /home/saperx/Documentos/detraf_conferencia_v2/src/api/requirements.txt (line 2)) (15.0.1)
Requirement already satisfied: anyio<5,>=3.4.0 in /home/saperx/.local/lib/python3.10/site-packages (from starlette<0.42.0,>=0.40.0->fastapi==0.115.4->-r /home/saperx/Documentos/detraf_conferencia_v2/src/api/requirements.txt (line 1)) (4.11.0)
Requirement already satisfied: exceptiongroup>=1.0.2 in /home/saperx/.local/lib/python3.10/site-packages (from anyio<5,>=3.4.0->starlette<0.42.0,>=0.40.0->fastapi==0.115.4->-r /home/saperx/Documentos/detraf_conferencia_v2/src/api/requirements.txt (line 1)) (1.3.0)
Requirement already satisfied: idna>=2.8 in /usr/lib/python3/dist-packages (from anyio<5,>=3.4.0->starlette<0.42.0,>=0.40.0->fastapi==0.115.4->-r /home/saperx/Documentos/detraf_conferencia_v2/src/api/requirements.txt (line 1)) (3.3)
Requirement already satisfied: sniffio>=1.1 in /home/saperx/.local/lib/python3.10/site-packages (from anyio<5,>=3.4.0->starlette<0.42.0,>=0.40.0->fastapi==0.115.4->-r /home/saperx/Documentos/detraf_conferencia_v2/src/api/requirements.txt (line 1)) (1.3.1)

[notice] A new release of pip is available: 25.2 -> 25.3
[notice] To update, run: python3 -m pip install --upgrade pip
